hs2022_code_upstream,hs2022_code_downstream
8542,8472
8473,8472
8479,8472
8534,8472
8543,8472
3926,8472
8532,8472
9033,8472
8305,8472
8542,8473
8534,8473
8532,8473
7403,8473
7404,8473
7407,8473
7408,8473
7409,8473
3926,8473
8504,8473
9031,8473
8486,8473
7202,8473
7204,8473
7206,8473
7207,8473
7210,8473
7214,8473
7215,8473
7216,8473
7217,8473
7218,8473
7219,8473
7220,8473
7221,8473
7222,8473
7223,8473
7224,8473
7225,8473
7226,8473
7227,8473
7228,8473
7229,8473
7303,8473
7304,8473
7306,8473
7307,8473
7325,8473
7326,8473
7405,8473
7502,8473
7505,8473
7601,8473
7604,8473
7605,8473
7608,8473
7901,8473
7904,8473
8455,8473
7209,8473
7212,8473
7506,8473
7602,8473
7606,8473
7616,8473
7905,8473
2603,8473
7406,8473
7410,8473
7411,8473
7412,8473
7413,8473
7415,8473
7419,8473
7318,8473
8482,8473
8483,8473
4009,8473
8307,8473
8457,8473
8477,8473
8479,8473
8485,8473
4010,8473
8207,8473
8412,8473
8311,8473
8515,8473
8546,8473
8208,8473
8209,8473
8456,8473
8458,8473
8459,8473
8461,8473
8462,8473
8463,8473
7208,8473
7211,8473
7213,8473
8501,8473
8204,8473
7203,8473
7305,8473
7315,8473
7320,8473
8108,8473
8112,8473
8502,8473
8505,8473
8102,8473
8484,8473
8466,8473
3403,8473
8420,8473
8454,8473
8437,8473
7609,8473
7603,8473
8439,8473
8447,8473
8101,8473
9033,8473
7206,8474
7218,8474
7219,8474
7220,8474
7222,8474
7224,8474
7225,8474
7226,8474
7228,8474
8501,8474
8503,8474
8412,8474
8482,8474
7306,8474
7318,8474
8207,8474
8431,8474
8466,8474
8479,8474
7207,8474
7208,8474
7209,8474
7210,8474
7211,8474
7212,8474
7214,8474
7216,8474
7217,8474
7221,8474
7227,8474
7229,8474
7325,8474
7326,8474
7315,8474
7215,8474
7305,8474
9032,8474
7320,8474
8208,8474
7223,8474
7403,8474
7407,8474
7419,8474
8430,8474
8473,8474
9033,8474
8487,8474
7213,8474
7604,8474
4010,8474
8460,8474
8484,8474
8209,8474
8464,8474
6804,8474
6805,8474
7201,8474
7202,8474
7502,8474
8113,8474
7408,8474
8480,8474
7409,8474
2513,8474
8419,8474
3816,8474
3926,8474
7616,8474
2701,8474
2713,8474
2505,8474
2530,8474
6815,8474
8102,8474
2508,8474
6902,8474
6903,8474
2702,8474
8416,8474
7411,8474
8502,8474
8505,8474
7606,8474
2601,8474
7001,8475
7002,8475
7003,8475
7004,8475
7005,8475
7006,8475
7011,8475
7014,8475
7020,8475
8540,8475
8513,8475
8539,8475
8419,8475
8468,8475
8538,8475
8543,8475
7404,8475
8479,8475
8514,8475
8482,8475
7008,8475
8205,8475
9031,8475
7318,8475
7206,8475
7306,8475
9032,8475
8431,8475
8466,8475
8473,8475
7408,8475
8541,8475
8532,8475
8417,8475
8487,8475
9033,8475
7206,8476
7216,8476
7218,8476
7219,8476
7220,8476
7222,8476
7223,8476
7225,8476
7226,8476
7229,8476
7306,8476
7326,8476
7601,8476
8501,8476
8503,8476
8537,8476
8538,8476
8418,8476
8533,8476
8509,8476
3920,8476
7403,8476
7408,8476
7409,8476
8544,8476
7209,8476
7210,8476
7602,8476
7604,8476
7605,8476
7606,8476
7608,8476
7616,8476
8534,8476
8542,8476
8479,8476
8547,8476
8412,8476
8543,8476
7208,8476
7211,8476
3923,8476
3926,8476
9032,8476
8531,8476
7318,8476
4016,8476
8535,8476
8536,8476
8541,8476
7308,8476
3921,8476
8540,8476
7325,8476
9002,8476
7315,8476
8532,8476
8471,8476
8506,8476
8504,8476
9031,8476
3907,8476
7404,8476
4010,8476
8438,8476
8477,8476
7320,8476
4017,8476
7612,8476
7613,8476
2716,8476
8507,8476
8431,8476
8466,8476
8473,8476
8487,8476
9033,8476
7221,8476
7407,8476
7419,8476
3919,8476
7411,8476
8482,8476
7217,8476
8470,8476
8301,8476
8502,8476
3903,8476
8501,8477
8431,8477
8466,8477
8473,8477
8479,8477
8480,8477
7219,8477
7220,8477
7222,8477
7223,8477
7224,8477
7229,8477
4001,8477
4004,8477
4005,8477
4006,8477
4007,8477
4008,8477
4009,8477
4010,8477
4016,8477
4017,8477
3901,8477
3902,8477
3903,8477
3904,8477
3907,8477
3909,8477
3916,8477
3917,8477
3919,8477
3920,8477
3921,8477
3925,8477
3926,8477
7318,8477
7325,8477
7326,8477
7604,8477
7608,8477
8307,8477
8482,8477
7407,8477
3910,8477
8419,8477
9032,8477
8487,8477
7403,8477
7419,8477
8484,8477
9031,8477
8534,8477
4003,8477
7206,8477
8465,8477
9033,8477
3906,8477
3908,8477
8532,8477
7216,8477
8467,8477
8485,8477
8420,8477
7219,8478
7220,8478
7222,8478
8501,8478
8482,8478
4010,8478
8467,8478
2401,8478
2403,8478
7318,8478
7306,8478
8431,8478
8466,8478
8487,8478
8479,8478
9032,8478
8420,8478
8419,8478
8473,8478
8208,8478
3926,8478
8534,8478
7223,8478
7215,8478
7326,8478
9033,8478
6305,8478
7204,8479
7206,8479
7207,8479
7208,8479
7209,8479
7210,8479
7211,8479
7212,8479
7213,8479
7214,8479
7215,8479
7216,8479
7217,8479
7218,8479
7219,8479
7220,8479
7221,8479
7222,8479
7224,8479
7225,8479
7226,8479
7227,8479
7228,8479
7229,8479
7304,8479
7305,8479
7306,8479
7312,8479
7326,8479
7601,8479
7604,8479
7307,8479
7318,8479
7325,8479
7610,8479
8407,8479
8408,8479
8412,8479
8502,8479
8406,8479
8410,8479
8481,8479
8501,8479
8482,8479
8483,8479
8411,8479
8503,8479
4010,8479
5910,8479
8208,8479
8456,8479
8457,8479
8458,8479
8459,8479
8461,8479
8462,8479
8463,8479
8420,8479
8455,8479
8311,8479
8468,8479
8515,8479
9032,8479
8204,8479
8467,8479
8207,8479
8466,8479
8505,8479
7904,8479
7415,8479
7616,8479
8307,8479
8426,8479
8428,8479
3403,8479
3819,8479
8484,8479
7411,8479
7608,8479
8425,8479
8546,8479
8422,8479
8431,8479
8541,8479
7407,8479
7505,8479
7602,8479
7605,8479
7606,8479
7609,8479
7614,8479
7901,8479
8102,8479
3926,8479
7205,8479
8534,8479
7403,8479
7408,8479
7413,8479
8473,8479
9033,8479
8504,8479
8424,8479
7315,8479
7320,8479
7419,8479
7907,8479
9031,8479
8416,8479
8419,8479
8487,8479
8209,8479
7905,8479
7404,8479
7405,8479
7406,8479
7502,8479
7201,8479
7409,8479
7223,8479
8542,8479
7506,8479
8532,8479
8113,8479
8101,8479
7203,8479
7412,8479
8108,8479
8112,8479
3824,8480
7205,8480
7206,8480
7325,8480
7326,8480
8454,8480
2505,8480
3909,8480
8474,8480
2504,8480
3801,8480
7604,8480
7616,8480
2508,8480
3816,8480
6902,8480
6903,8480
7211,8480
7215,8480
7218,8480
7606,8480
4403,8480
4405,8480
4407,8480
4413,8480
4002,8480
4017,8480
7208,8480
7209,8480
8205,8480
2803,8480
6815,8480
7019,8480
3910,8480
3911,8480
8417,8480
8514,8480
2849,8480
3926,8480
3925,8480
8419,8480
8111,8480
2618,8480
7315,8480
8113,8480
3903,8480
7207,8480
3921,8480
7601,8480
7603,8480
8209,8480
8463,8480
8207,8480
8464,8480
8477,8480
8479,8480
7410,8480
3812,8480
3901,8480
3902,8480
3904,8480
3906,8480
3907,8480
3908,8480
3915,8480
3917,8480
4005,8480
3506,8480
7201,8480
2818,8480
8485,8480
8102,8480
9024,8480
4001,8480
4003,8480
4004,8480
4006,8480
4007,8480
4008,8480
4009,8480
4012,8480
4013,8480
4016,8480
3920,8480
3905,8480
3916,8480
7508,8480
7002,8480
7004,8480
7005,8480
3923,8480
7001,8480
6806,8480
2839,8480
3913,8480
2910,8480
2506,8480
6805,8480
8109,8480
2507,8480
2526,8480
2519,8480
2513,8480
2520,8480
6809,8480
7204,8481
7206,8481
7207,8481
7208,8481
7209,8481
7210,8481
7211,8481
7212,8481
7213,8481
7214,8481
7215,8481
7216,8481
7217,8481
7218,8481
7222,8481
7225,8481
7228,8481
7303,8481
7304,8481
7305,8481
7306,8481
7307,8481
7308,8481
7318,8481
7324,8481
7325,8481
7326,8481
2603,8481
7403,8481
7404,8481
7405,8481
7407,8481
7408,8481
7409,8481
7411,8481
7412,8481
7418,8481
7419,8481
7507,8481
7608,8481
7609,8481
7506,8481
7606,8481
7219,8481
7220,8481
7221,8481
7223,8481
7224,8481
7226,8481
7205,8481
7320,8481
8484,8481
4016,8481
4017,8481
8457,8481
8462,8481
8419,8481
7227,8481
7229,8481
7904,8481
7410,8481
7605,8481
7502,8481
7601,8481
7604,8481
7613,8481
7616,8481
7901,8481
8001,8481
9026,8481
9032,8481
8479,8481
7201,8481
8477,8481
3917,8481
3925,8481
3926,8481
8402,8481
8403,8481
7505,8481
8102,8481
4002,8481
4009,8481
8467,8481
7406,8481
7801,8481
3819,8481
8108,8481
3902,8481
3904,8481
2710,8481
8455,8481
7402,8481
3901,8481
3903,8481
3907,8481
7315,8481
3810,8481
7503,8481
7902,8481
8002,8481
8112,8481
8113,8481
7905,8481
7002,8540
7011,8540
7403,8540
7408,8540
7409,8540
7410,8540
7419,8540
8538,8540
8532,8540
2804,8540
8475,8540
7110,8540
3818,8540
7020,8540
3801,8540
8101,8540
8112,8540
2804,8541
2849,8541
3818,8541
3910,8541
8486,8541
9030,8541
7410,8541
8514,8541
8544,8541
8546,8541
8532,8541
8538,8541
8534,8541
2843,8541
8110,8541
8103,8541
8112,8541
8542,8541
8504,8541
2506,8541
2810,8541
8533,8541
2716,8541
8536,8541
8539,8541
8537,8541
8456,8541
2846,8541
2849,8542
3818,8542
8486,8542
9030,8542
8541,8542
7410,8542
8514,8542
2603,8542
2827,8542
7401,8542
7402,8542
7403,8542
7404,8542
7405,8542
7406,8542
7407,8542
7408,8542
7419,8542
7108,8542
7110,8542
3910,8542
3907,8542
2804,8542
8456,8542
8544,8542
7505,8542
2843,8542
2604,8542
7501,8542
7502,8542
7503,8542
7504,8542
7506,8542
7508,8542
8105,8542
2605,8542
2822,8542
8001,8542
8110,8542
8112,8542
8534,8542
8532,8542
8533,8542
8546,8542
8504,8542
8101,8542
8102,8542
7106,8542
7107,8542
7901,8542
2609,8542
7801,8542
8002,8542
8007,8542
8538,8542
8475,8542
2818,8542
8536,8543
8544,8543
8502,8543
8504,8543
8532,8543
7403,8543
7408,8543
7413,8543
8547,8543
8546,8543
8541,8543
8501,8543
8503,8543
8542,8543
8537,8543
8538,8543
8533,8543
8505,8543
7404,8543
7405,8543
7407,8543
7411,8543
8535,8543
7223,8543
8540,8543
8534,8543
9033,8543
7409,8543
7410,8543
7419,8543
7605,8543
7505,8543
7601,8543
7602,8543
7604,8543
8003,8543
7901,8543
8001,8543
2504,8543
3801,8543
8506,8543
8507,8543
2716,8543
2606,8543
7106,8543
7502,8543
7603,8543
7616,8543
7801,8543
7904,8543
8112,8543
7905,8543
8545,8543
9032,8543
7402,8543
2603,8543
7504,8543
7506,8543
7501,8543
2843,8543
7110,8543
2604,8543
7503,8543
7508,8543
7406,8543
3910,8543
7606,8543
4017,8543
8007,8543
3818,8543
2603,8544
7402,8544
7403,8544
7404,8544
7405,8544
7407,8544
7408,8544
7409,8544
7410,8544
7411,8544
7419,8544
3909,8544
3910,8544
8546,8544
8547,8544
7406,8544
3907,8544
3926,8544
8536,8544
8538,8544
7401,8544
2716,8544
7229,8544
7505,8544
7601,8544
7604,8544
7605,8544
7606,8544
8003,8544
7506,8544
7602,8544
7603,8544
7616,8544
7804,8544
7905,8544
7019,8544
4002,8544
7223,8544
3901,8544
3904,8544
3920,8544
3903,8544
3908,8544
4016,8544
7901,8544
8001,8544
7904,8544
4017,8544
7217,8544
7412,8544
7608,8544
3902,8544
3925,8544
4005,8544
7502,8544
5501,8544
5604,8544
5605,8544
7508,8544
8112,8544
5903,8544
4007,8544
3906,8544
8535,8544
3911,8544
7801,8544
7206,8544
2803,8544
3801,8544
8007,8544
2606,8544
7902,8544
8105,8544
9001,8544
2704,8545
2708,8545
2713,8545
2706,8545
2707,8545
2803,8545
3802,8545
2504,8545
3801,8545
2849,8545
2701,8545
6815,8545
2716,8545
7504,8545
7001,8546
7002,8546
7003,8546
7019,8546
7020,8546
2810,8546
6903,8546
6914,8546
2507,8546
2508,8546
2506,8546
2511,8546
2816,8546
6902,8546
2823,8546
8109,8546
2518,8546
6815,8546
2529,8546
2519,8546
3903,8546
3907,8546
3909,8546
3919,8546
3921,8546
3910,8546
4001,8546
4002,8546
4005,8546
4008,8546
4016,8546
4017,8546
3920,8546
3901,8546
3911,8546
3904,8546
3908,8546
3812,8546
4004,8546
3906,8546
2910,8546
2803,8546
3926,8546
5602,8546
2525,8546
6814,8546
3925,8546
5903,8546
6806,8546
2826,8546
5604,8546
6812,8546
2804,8546
6903,8547
8546,8547
6914,8547
6806,8547
2525,8547
2519,8547
3907,8547
8535,8547
8538,8547
8543,8547
9033,8547
3901,8547
3902,8547
3903,8547
3904,8547
3905,8547
3906,8547
3909,8547
3911,8547
3917,8547
3920,8547
3908,8547
8477,8547
3921,8547
3919,8547
3910,8547
4002,8547
3925,8547
3926,8547
7403,8547
7405,8547
7408,8547
7410,8547
7419,8547
7601,8547
7605,8547
6814,8547
7019,8547
4001,8547
4005,8547
4007,8547
4008,8547
4016,8547
4017,8547
7616,8547
7002,8547
7020,8547
8549,8548
8506,8548
7802,8549
2601,7201
2701,7201
2704,7201
7202,7201
7204,7201
8416,7201
8514,7201
2716,7201
8417,7201
8454,7201
2502,7201
2601,7202
2602,7202
2604,7202
2610,7202
2820,7202
8111,7202
7203,7202
7204,7202
8417,7202
8514,7202
2617,7202
2701,7202
8454,7202
8112,7202
2716,7202
2615,7202
2502,7202
7201,7202
2819,7202
2821,7202
7502,7202
7503,7202
7504,7202
7508,7202
2613,7202
2805,7202
8474,7202
2502,7203
2601,7203
2617,7203
7202,7203
7205,7203
2716,7203
8417,7203
8514,7203
8474,7203
8454,7203
8455,7203
2619,7204
7202,7204
8514,7204
8454,7204
8417,7204
2502,7205
2601,7205
7202,7205
7203,7205
7204,7205
7206,7205
8417,7205
8514,7205
8454,7205
8474,7205
7201,7205
2602,7205
2617,7205
8455,7205
7207,7205
2502,7206
2601,7206
7202,7206
7203,7206
7204,7206
7205,7206
2701,7206
2704,7206
7201,7206
7207,7206
6902,7206
2705,7206
8514,7206
8454,7206
8416,7206
8417,7206
2820,7206
2716,7206
8474,7206
3824,7206
2601,7207
7202,7207
7203,7207
7204,7207
7205,7207
2701,7207
2704,7207
7206,7207
6902,7207
8454,7207
8455,7207
8462,7207
8474,7207
8480,7207
8416,7207
8417,7207
8514,7207
7216,7207
2716,7207
7201,7207
8459,7207
8515,7207
7213,7207
7214,7207
8456,7207
2502,7207
2705,7207
2619,7207
8468,7207
8207,7207
3810,7207
8460,7207
8457,7207
2502,7208
2601,7208
2619,7208
7201,7208
7202,7208
7203,7208
7204,7208
7205,7208
7206,7208
7207,7208
2701,7208
2704,7208
8514,7208
8454,7208
8455,7208
8462,7208
8416,7208
8417,7208
2618,7208
2705,7208
2716,7208
8456,7208
8468,7208
9024,7208
8474,7208
2821,7208
7326,7208
8111,7208
8311,7208
2601,7209
7202,7209
7203,7209
7204,7209
7205,7209
2701,7209
2704,7209
8454,7209
8455,7209
8462,7209
7206,7209
7207,7209
8416,7209
8417,7209
8514,7209
2619,7209
8456,7209
8460,7209
2716,7209
7201,7209
2618,7209
2705,7209
8459,7209
8468,7209
2821,7209
3810,7209
5001,6104
5004,6104
5006,6104
5308,6104
5401,6104
5403,6104
5511,6104
6001,6104
6005,6104
6006,6104
6002,6104
6004,6104
6108,6104
6113,6104
6114,6104
6117,6104
8444,6104
8445,6104
8447,6104
8451,6104
8452,6104
8420,6104
3203,6104
3204,6104
3809,6104
7319,6104
5604,6104
5606,6104
5806,6104
6106,6104
6307,6104
5306,6104
3403,6104
5303,6104
5201,6105
5202,6105
5203,6105
5204,6105
5205,6105
5206,6105
5207,6105
5401,6105
5508,6105
5509,6105
5510,6105
5609,6105
8444,6105
8445,6105
8447,6105
8448,6105
8451,6105
8452,6105
3204,6105
5807,6105
5810,6105
6001,6105
6003,6105
6004,6105
6005,6105
6006,6105
6113,6105
6114,6105
6117,6105
3809,6105
7319,6105
3203,6105
5606,6105
5803,6105
6307,6105
4908,6105
5402,6105
5403,6105
5406,6105
5501,6105
5502,6105
5503,6105
5504,6105
5505,6105
5506,6105
5507,6105
5511,6105
5604,6105
5902,6105
5906,6105
6002,6105
5104,6105
5105,6105
5106,6105
5107,6105
5108,6105
5109,6105
5308,6105
5001,6105
5002,6105
5004,6105
5005,6105
5006,6105
5301,6105
5303,6105
5306,6105
5302,6105
5305,6105
5201,6106
5202,6106
5203,6106
5204,6106
5205,6106
5206,6106
5207,6106
5401,6106
5508,6106
5509,6106
5510,6106
8444,6106
8445,6106
8447,6106
8451,6106
8452,6106
3204,6106
6001,6106
6005,6106
5810,6106
6003,6106
6006,6106
3809,6106
7319,6106
6002,6106
6004,6106
8308,6106
6117,6106
6113,6106
6114,6106
5402,6106
5403,6106
5406,6106
5501,6106
5502,6106
5503,6106
5504,6106
5507,6106
5511,6106
5606,6106
5609,6106
5902,6106
3203,6106
4304,6106
6307,6106
3901,6106
3906,6106
3908,6106
5003,6106
5004,6106
5006,6106
5104,6106
5105,6106
5107,6106
5108,6106
5109,6106
5306,6106
5001,6106
6111,6106
5002,6106
5305,6106
5201,6107
5202,6107
5203,6107
5204,6107
5205,6107
5206,6107
5207,6107
5509,6107
5510,6107
6001,6107
6113,6107
6117,6107
8444,6107
8445,6107
8446,6107
8447,6107
8451,6107
8452,6107
3809,6107
6002,6107
6004,6107
6003,6107
6005,6107
6006,6107
6114,6107
6307,6107
5401,6107
5402,6107
5403,6107
5406,6107
5501,6107
5502,6107
5503,6107
5504,6107
5506,6107
5507,6107
5508,6107
5511,6107
5604,6107
5606,6107
5609,6107
5902,6107
5810,6107
7319,6107
3901,6107
5101,6107
5103,6107
5104,6107
5105,6107
5106,6107
5107,6107
5108,6107
5109,6107
5004,6107
5005,6107
5006,6107
5306,6107
6110,6107
3905,6107
3908,6107
5301,6107
5302,6107
5401,6108
5402,6108
5403,6108
5406,6108
5501,6108
5502,6108
5503,6108
5504,6108
5505,6108
5506,6108
5507,6108
5508,6108
5509,6108
5510,6108
5511,6108
5516,6108
5606,6108
5609,6108
6001,6108
6005,6108
6006,6108
5601,6108
5802,6108
5806,6108
5810,6108
5902,6108
5906,6108
6002,6108
6003,6108
6004,6108
6109,6108
6110,6108
6111,6108
6113,6108
6114,6108
6117,6108
6307,6108
8444,6108
8445,6108
3204,6108
3205,6108
3809,6108
8447,6108
8451,6108
8452,6108
8420,6108
7319,6108
5603,6108
5604,6108
3908,6108
5004,6108
5106,6108
5107,6108
5108,6108
5109,6108
5201,6108
5202,6108
5203,6108
5204,6108
5205,6108
5206,6108
5207,6108
5308,6108
5105,6108
5006,6108
5001,6108
5002,6108
5003,6108
5005,6108
5301,6108
3203,6108
5306,6108
8446,6108
5807,6108
8308,6108
5803,6108
3926,6108
5605,6108
8477,6108
3902,6108
4304,6108
5303,6108
5305,6108
5302,6108
8213,6108
5201,6109
5202,6109
5203,6109
5204,6109
5205,6109
5206,6109
5207,6109
5509,6109
5510,6109
5601,6109
6001,6109
5508,6109
8420,6109
8445,6109
8447,6109
8448,6109
8451,6109
8452,6109
3203,6109
3204,6109
3809,6109
5807,6109
5810,6109
6003,6109
6004,6109
6005,6109
6006,6109
6105,6109
6110,6109
6111,6109
6113,6109
6114,6109
6117,6109
6307,6109
7319,6109
5004,6109
5006,6109
5106,6109
5107,6109
5108,6109
5109,6109
5308,6109
5401,6109
5402,6109
5403,6109
5406,6109
5501,6109
5502,6109
5503,6109
5504,6109
5505,6109
5506,6109
5507,6109
5511,6109
5604,6109
5606,6109
5609,6109
5902,6109
8444,6109
5906,6109
6002,6109
5003,6109
5101,6109
5103,6109
5104,6109
5105,6109
5301,6109
5303,6109
5005,6109
5306,6109
4908,6109
1505,6110
5101,6110
5102,6110
5103,6110
5104,6110
5105,6110
5106,6110
5107,6110
5108,6110
5509,6110
5510,6110
5109,6110
5609,6110
6001,6110
6003,6110
6006,6110
8445,6110
8447,6110
8448,6110
8451,6110
8452,6110
3204,6110
3809,6110
3203,6110
7319,6110
6113,6110
6116,6110
6117,6110
8213,6110
5606,6110
5401,6110
5508,6110
6004,6110
0501,6110
5201,6110
5202,6110
5203,6110
5204,6110
5205,6110
5206,6110
5207,6110
5406,6110
8420,6110
8444,6110
6005,6110
5601,6110
6002,6110
5810,6110
6111,6110
6114,6110
5402,6110
5403,6110
5501,6110
5502,6110
5503,6110
5504,6110
5505,6110
5506,6110
5507,6110
5511,6110
5605,6110
5902,6110
3902,6110
3908,6110
3901,6110
5004,6110
5006,6110
5110,6110
5308,6110
5002,6110
5003,6110
5005,6110
5301,6110
5306,6110
5604,6110
5303,6110
5305,6110
5302,6110
5201,6111
5202,6111
5203,6111
5204,6111
5205,6111
5206,6111
5207,6111
5401,6111
5508,6111
5509,6111
5510,6111
8444,6111
8445,6111
8447,6111
8451,6111
8452,6111
5601,6111
5810,6111
6001,6111
6003,6111
6005,6111
6006,6111
3204,6111
3809,6111
6002,6111
6004,6111
5807,6111
3203,6111
6109,6111
6110,6111
6113,6111
6114,6111
6116,6111
6117,6111
6307,6111
7319,6111
5606,6111
5402,6111
5403,6111
5501,6111
5502,6111
5503,6111
5504,6111
5505,6111
5506,6111
5507,6111
5511,6111
5516,6111
5406,6111
5604,6111
5609,6111
5902,6111
4304,6111
3901,6111
3905,6111
3906,6111
3908,6111
5101,6111
5102,6111
5103,6111
5104,6111
5105,6111
5106,6111
5107,6111
5108,6111
5109,6111
5110,6111
5308,6111
5001,6111
5002,6111
5003,6111
5004,6111
5005,6111
5006,6111
5306,6111
8213,6111
5305,6111
5201,6112
5202,6112
5203,6112
5204,6112
5205,6112
5206,6112
5207,6112
5509,6112
5510,6112
5601,6112
6001,6112
5609,6112
6003,6112
6006,6112
8445,6112
8447,6112
8451,6112
8452,6112
3204,6112
6002,6112
6004,6112
6005,6112
6103,6112
6105,6112
6106,6112
6109,6112
6110,6112
6111,6112
6113,6112
6114,6112
6117,6112
3809,6112
5810,6112
6307,6112
6116,6112
3203,6112
5606,6112
5402,6112
5403,6112
5501,6112
5502,6112
5503,6112
5504,6112
5505,6112
5506,6112
5507,6112
5511,6112
5404,6112
8444,6112
3926,6112
5401,6112
5406,6112
5508,6112
5405,6112
5604,6112
5902,6112
5903,6112
5906,6112
4304,6112
3908,6112
3901,6112
3905,6112
3902,6112
5101,6112
5104,6112
5105,6112
5106,6112
5107,6112
5109,6112
5308,6112
5004,6112
5807,6112
5002,6112
5302,6112
5305,6112
5108,6112
5306,6112
5102,6112
5605,6112
7319,6112
6102,6112
3903,6112
3910,6112
4002,6112
5005,6112
3906,6112
5006,6112
5604,6113
6001,6113
6002,6113
6003,6113
6004,6113
6005,6113
6006,6113
6111,6113
6117,6113
6114,6113
5205,6113
5206,6113
5401,6113
5402,6113
5403,6113
5406,6113
5502,6113
5503,6113
5504,6113
5505,6113
5508,6113
5509,6113
5510,6113
5511,6113
5609,6113
8445,6113
8447,6113
8451,6113
8452,6113
2927,6113
3203,6113
3204,6113
3506,6113
5501,6113
5005,6113
6108,6113
5606,6113
6110,6113
6112,6113
5106,6113
5107,6113
5108,6113
5109,6113
5201,6113
3809,6113
7319,6113
5605,6113
6106,6113
6107,6113
6109,6113
6116,6113
3403,6113
8213,6113
3206,6113
5104,6113
5201,6114
5202,6114
5203,6114
5204,6114
5205,6114
5206,6114
5207,6114
5401,6114
5406,6114
5508,6114
5509,6114
5510,6114
8445,6114
8447,6114
8451,6114
8452,6114
3203,6114
3204,6114
3809,6114
6002,6114
6004,6114
5601,6114
5810,6114
6001,6114
6003,6114
6005,6114
6006,6114
6103,6114
6104,6114
6105,6114
6106,6114
6110,6114
6111,6114
6112,6114
6117,6114
5807,6114
7319,6114
8213,6114
6212,6114
6107,6114
6108,6114
6109,6114
6116,6114
6307,6114
5803,6114
5402,6114
5403,6114
5501,6114
5502,6114
5503,6114
5504,6114
5505,6114
5506,6114
5507,6114
5511,6114
5604,6114
5605,6114
5609,6114
5603,6114
5606,6114
5902,6114
5903,6114
5906,6114
6102,6114
6115,6114
8444,6114
5405,6114
3926,6114
8308,6114
4304,6114
5001,6114
5002,6114
5003,6114
5004,6114
5005,6114
5006,6114
5106,6114
5107,6114
5108,6114
5109,6114
5110,6114
5307,6114
5308,6114
5101,6114
5102,6114
5103,6114
5104,6114
5105,6114
5301,6114
5306,6114
5303,6114
6113,6114
1505,6114
5305,6114
5302,6114
5402,6115
5403,6115
5404,6115
5405,6115
5406,6115
5407,6115
5408,6115
5501,6115
5502,6115
5503,6115
5506,6115
5509,6115
5510,6115
5902,6115
5511,6115
5806,6115
6002,6115
6004,6115
5106,6115
5107,6115
5108,6115
5111,6115
5112,6115
5201,6115
5203,6115
5204,6115
5205,6115
5206,6115
5207,6115
5308,6115
5504,6115
5505,6115
5507,6115
5513,6115
5516,6115
5601,6115
5801,6115
6001,6115
5512,6115
5515,6115
8420,6115
8444,6115
8445,6115
8447,6115
8448,6115
8451,6115
8452,6115
3204,6115
3809,6115
6005,6115
5004,6115
5306,6115
5401,6115
5508,6115
5604,6115
5605,6115
5609,6115
6006,6115
4001,6115
4002,6115
5103,6115
5104,6115
5109,6115
5110,6115
5911,6115
6117,6115
4007,6115
4016,6115
5208,6115
5210,6115
5211,6115
5514,6115
7319,6115
5006,6115
5606,6115
6003,6115
6113,6115
5005,6115
5906,6115
6111,6115
5802,6115
6114,6115
3908,6115
5603,6115
3901,6115
6307,6115
3905,6115
3906,6115
5202,6115
5101,6115
5105,6115
5001,6115
5002,6115
5003,6115
5301,6115
3203,6115
5302,6115
8477,6115
3926,6115
3902,6115
3904,6115
5108,6116
5205,6116
5206,6116
5402,6116
5403,6116
5406,6116
5503,6116
5505,6116
5506,6116
5508,6116
5509,6116
5510,6116
5511,6116
5609,6116
3812,6116
3910,6116
4001,6116
4002,6116
4004,6116
4005,6116
4007,6116
3901,6116
3902,6116
5911,6116
8445,6116
8447,6116
5601,6116
5902,6116
5906,6116
6001,6116
6002,6116
6003,6116
6004,6116
6005,6116
6006,6116
6110,6116
6113,6116
6114,6116
6117,6116
8477,6116
5103,6116
5203,6116
5604,6116
3926,6116
5606,6116
3906,6116
3908,6116
6307,6116
5306,6116
5202,6116
5308,6116
7319,6116
5104,6116
5101,6116
5105,6116
5106,6116
5107,6116
5109,6116
0501,6116
5102,6116
5201,6116
5204,6116
5207,6116
6111,6116
5504,6116
5507,6116
5004,6116
5005,6116
5006,6116
5110,6116
5303,6116
5307,6116
5002,6116
5305,6116
5004,6117
5006,6117
5106,6117
5107,6117
5108,6117
5109,6117
5110,6117
5205,6117
5206,6117
5207,6117
5307,6117
5308,6117
5401,6117
5402,6117
5403,6117
5404,6117
5406,6117
5501,6117
5502,6117
5503,6117
5504,6117
5505,6117
5506,6117
5507,6117
5508,6117
5509,6117
5510,6117
5511,6117
5604,6117
5605,6117
5606,6117
5609,6117
5902,6117
6003,6117
6005,6117
6006,6117
5101,6117
5103,6117
5104,6117
5105,6117
5204,6117
5201,6117
5202,6117
5203,6117
8444,6117
8445,6117
8447,6117
8451,6117
8452,6117
3204,6117
3809,6117
7319,6117
5102,6117
5801,6117
6001,6117
5906,6117
6002,6117
6004,6117
6113,6117
3203,6117
5306,6117
6103,6117
6104,6117
6105,6117
6110,6117
6111,6117
6112,6117
6114,6117
6116,6117
5005,6117
4304,6117
5301,6117
6106,6117
6108,6117
6109,6117
5001,6117
5002,6117
5003,6117
6115,6117
5302,6117
5305,6117
3910,4016
4001,4016
4002,4016
4003,4016
4004,4016
4005,4016
4007,4016
4008,4016
4013,4016
2803,4016
2503,4016
2802,4016
2830,4016
2930,4016
3812,4016
8477,4016
8420,4016
4014,4016
2817,4016
3911,4016
2901,4016
2707,4016
4015,4016
4001,4017
4002,4017
4005,4017
2803,4017
8420,4017
8477,4017
3812,4017
2817,4017
3911,4017
0101,4101
0102,4101
3202,4102
0104,4102
4101,4103
4102,4103
4101,4104
3201,4104
3202,4104
8453,4104
0102,4104
4103,4104
0104,4105
4102,4105
4103,4105
3202,4105
3201,4105
8453,4105
0104,4106
3201,4106
3202,4106
8453,4106
3809,4106
4103,4106
0106,4106
4101,4107
4103,4107
4104,4107
4113,4107
3201,4107
3202,4107
8420,4107
8453,4107
3210,4107
3809,4107
0102,4107
0201,4107
0202,4107
3802,4107
0205,4107
0511,4107
0101,4107
3404,4107
2819,4107
0204,4112
4102,4112
4105,4112
3201,4112
3202,4112
3210,4112
3809,4112
8453,4112
0104,4112
8420,4112
3802,4112
4106,4113
3201,4113
3202,4113
2819,4113
8453,4113
4103,4113
3809,4113
8420,4113
3210,4113
3506,4113
4104,4113
4114,4113
4101,4113
8452,4113
0103,4113
0106,4113
3802,4113
3404,4113
4107,4113
0101,4113
0511,4113
0201,4113
0102,4113
4101,4114
4103,4114
3201,4114
3202,4114
8453,4114
3210,4114
4113,4114
3809,4114
5605,4114
4101,4115
4102,4115
4103,4115
4104,4115
4105,4115
4106,4115
4107,4115
4112,4115
4113,4115
8420,4115
8453,4115
4114,4115
4205,4115
3201,4115
3202,4115
4101,4201
4102,4201
4103,4201
4104,4201
4105,4201
4106,4201
4107,4201
4112,4201
4113,4201
4115,4201
8308,4201
5111,4201
5112,4201
5205,4201
5206,4201
5208,4201
5209,4201
5210,4201
5211,4201
5212,4201
5309,4201
5310,4201
5407,4201
5512,4201
5514,4201
5515,4201
5516,4201
5601,4201
5603,4201
5801,4201
5802,4201
5806,4201
5902,4201
5903,4201
5906,4201
5911,4201
6001,4201
6003,4201
6005,4201
6006,4201
5004,4201
5106,4201
5107,4201
5108,4201
5109,4201
5204,4201
5207,4201
5401,4201
5402,4201
5406,4201
5501,4201
5503,4201
5504,4201
5508,4201
5509,4201
5510,4201
4001,4201
4002,4201
4003,4201
4005,4201
4008,4201
4016,4201
8453,4201
3506,4201
6004,4201
5607,4201
3202,4201
3210,4201
3809,4201
5110,4201
5302,4201
5303,4201
5306,4201
5307,4201
5609,4201
5201,4201
5604,4201
5606,4201
5810,4201
5811,4201
6002,4201
4004,4201
4007,4201
8420,4201
5602,4201
4114,4201
4203,4201
4205,4201
3201,4201
4304,4201
5404,4201
5301,4201
5113,4201
3908,4201
4302,4201
5102,4201
5103,4201
5104,4201
5105,4201
4601,4201
4101,4202
4102,4202
4103,4202
4104,4202
4105,4202
4106,4202
4107,4202
4112,4202
4113,4202
4115,4202
4114,4202
4203,4202
4205,4202
8308,4202
5401,4202
5508,4202
3506,4202
8453,4202
3210,4202
3202,4202
3809,4202
3912,4202
3915,4202
3919,4202
3920,4202
3921,4202
4811,4202
5112,4202
5208,4202
5211,4202
5212,4202
5308,4202
5310,4202
5311,4202
5407,4202
5408,4202
5512,4202
5513,4202
5514,4202
5515,4202
5516,4202
5601,4202
5603,4202
5604,4202
5606,4202
5801,4202
5802,4202
5804,4202
5806,4202
5809,4202
5811,4202
5902,4202
5903,4202
5906,4202
5911,4202
6001,4202
6003,4202
6005,4202
6006,4202
6307,4202
6308,4202
5204,4202
8444,4202
3901,4202
3902,4202
3903,4202
3905,4202
3906,4202
3909,4202
5810,4202
5807,4202
5901,4202
5907,4202
3926,4202
4002,4202
3907,4202
3908,4202
3904,4202
8477,4202
3812,4202
3923,4202
3925,4202
8202,4403
4404,4403
4403,4404
4407,4404
4413,4404
4417,4404
4405,4404
8465,4404
4401,4405
4403,4405
4401,4406
4403,4406
4404,4406
4407,4406
4409,4406
4412,4406
8465,4406
4405,4406
4418,4406
4413,4406
3807,4406
4403,4407
8202,4407
8208,4407
8465,4407
8467,4407
3208,4407
3209,4407
8420,4407
7403,8515
7407,8515
7408,8515
7409,8515
7413,8515
8544,8515
8466,8515
8468,8515
8479,8515
8501,8515
3810,8515
7217,8515
8311,8515
8535,8515
8419,8515
8543,8515
8431,8515
8473,8515
8538,8515
7206,8515
7223,8515
7326,8515
2716,8515
7405,8515
7419,8515
8502,8515
8504,8515
7505,8515
9033,8515
8101,8515
7215,8515
7306,8515
7616,8515
7305,8515
7229,8515
7605,8515
7404,8515
7410,8515
7208,8515
7508,8515
7504,8515
8001,8515
7225,8515
7216,8515
8108,8515
8002,8515
8514,8516
9032,8516
7405,8516
7411,8516
8501,8516
8502,8516
8503,8516
8536,8516
8538,8516
8546,8516
8547,8516
7220,8516
7223,8516
8481,8516
7403,8516
7404,8516
7408,8516
8544,8516
7218,8516
7407,8516
6806,8516
8534,8516
8419,8516
7409,8516
7419,8516
8535,8516
8543,8516
7019,8516
7616,8516
7410,8516
3926,8516
8532,8516
8504,8516
8507,8516
8509,8516
2716,8516
8541,8516
8479,8516
7406,8516
8542,8516
9033,8516
3907,8516
3909,8516
3910,8516
7210,8516
7212,8516
7606,8516
7804,8516
7222,8516
7604,8516
7605,8516
7326,8516
7229,8516
7508,8516
7608,8516
3925,8516
8484,8516
7325,8516
6902,8516
6903,8516
7315,8516
3920,8516
4008,8516
4017,8516
7413,8516
7505,8516
2603,8516
7402,8516
7412,8516
7904,8516
8003,8516
8101,8516
2504,8516
3801,8516
7501,8516
7504,8516
2810,8516
2803,8516
8545,8516
7905,8516
7502,8516
7106,8516
7217,8516
7907,8516
8534,8517
8542,8517
3926,8517
8543,8517
8536,8517
8544,8517
8504,8517
8529,8517
8541,8517
3907,8517
3920,8517
8532,8517
8533,8517
8538,8517
8506,8517
9001,8517
7408,8517
4017,8517
8547,8517
8537,8517
8486,8517
3506,8517
8518,8517
8523,8517
8546,8517
8507,8517
3903,8517
7403,8517
7405,8517
7409,8517
7419,8517
7413,8517
8503,8517
3925,8517
7404,8517
7407,8517
7410,8517
7411,8517
7605,8517
4002,8517
4016,8517
3901,8517
3919,8517
3904,8517
7616,8517
7218,8517
7219,8517
7506,8517
7601,8517
7604,8517
7606,8517
7608,8517
7905,8517
8549,8517
9002,8517
2716,8517
8540,8517
8471,8517
9013,8517
8527,8517
7019,8517
3818,8517
2603,8517
7406,8517
8541,8518
8542,8518
8532,8518
8505,8518
3926,8518
7107,8518
8544,8518
7403,8518
7408,8518
7413,8518
8501,8518
8538,8518
8543,8518
7106,8518
7601,8518
7604,8518
7605,8518
7616,8518
8001,8518
8534,8518
7404,8518
7409,8518
7410,8518
7411,8518
7419,8518
8504,8518
3920,8518
7110,8518
7405,8518
7223,8518
9033,8518
3907,8518
3903,8518
3906,8518
8533,8518
7614,8518
3925,8518
7407,8518
7502,8518
7602,8518
7603,8518
7606,8518
7608,8518
7901,8518
7904,8518
8536,8518
8546,8518
7907,8518
4002,8518
4005,8518
4007,8518
4016,8518
4017,8518
3909,8518
3901,8518
7218,8518
7219,8518
7220,8518
7905,8518
8522,8518
8003,8518
9207,8518
8506,8518
2603,8518
7402,8518
7406,8518
8545,8518
3902,8518
3904,8518
3908,8518
3910,8518
8479,8518
8507,8518
2716,8518
8549,8518
8534,8519
8542,8519
8518,8519
8522,8519
8538,8519
8523,8519
8541,8519
8543,8519
8501,8519
8503,8519
8504,8519
8532,8519
8506,8519
8507,8519
3926,8519
8527,8519
3920,8519
7403,8519
7408,8519
7409,8519
7419,8519
8544,8519
7606,8519
8533,8519
7616,8519
4017,8519
7320,8519
8482,8519
8479,8519
9033,8519
8546,8519
8537,8519
8522,8521
8523,8521
8534,8521
8542,8521
8541,8521
8543,8521
8538,8521
9001,8521
9002,8521
8506,8521
8471,8521
8525,8521
8540,8521
8532,8521
8473,8521
8479,8521
9033,8521
3926,8521
8536,8521
8504,8521
8501,8521
8507,8521
3926,8522
8542,8522
8534,8522
8541,8522
9033,8522
8518,8522
8521,8522
8523,8522
8540,8522
8506,8522
3919,8523
3920,8523
8471,8523
7410,8523
8902,0303
5608,0303
8418,0303
3923,0303
6305,0303
2501,0303
8438,0303
8609,0303
0301,0303
2832,0303
7309,0303
8438,0801
3102,0801
3104,0801
3105,0801
6305,0801
3102,0802
3104,0802
3105,0802
6305,0802
3101,0802
3808,0802
3103,0802
3101,0803
3102,0803
3103,0803
3104,0803
3105,0803
3808,0803
8432,0803
8433,0803
1209,0803
6305,0803
8438,0803
0810,0803
3101,0804
3102,0804
3103,0804
3104,0804
3105,0804
3808,0804
8433,0804
1209,0804
6305,0804
0810,0804
0813,0804
3923,0804
3101,0805
3102,0805
3103,0805
3104,0805
3105,0805
3808,0805
1209,0805
6305,0805
3101,0806
3102,0806
3103,0806
3104,0806
3105,0806
3808,0806
8432,0806
8433,0806
1209,0806
0810,0806
6305,0806
3101,0807
3102,0807
3103,0807
3104,0807
3105,0807
3808,0807
1209,0807
8432,0807
8433,0807
6305,0807
3101,0808
3102,0808
3103,0808
3104,0808
3105,0808
3808,0808
8432,0808
8433,0808
1209,0808
6305,0808
0810,0808
3101,0809
3102,0809
3103,0809
3104,0809
3105,0809
3808,0809
8433,0809
1209,0809
8432,0809
6305,0809
3923,0809
3101,0810
3102,0810
3103,0810
3104,0810
3105,0810
3808,0810
8432,0810
8433,0810
1209,0810
6305,0810
0810,0811
3101,0811
3102,0811
3103,0811
3104,0811
3105,0811
8418,0811
8438,0811
6305,0811
8210,0811
1209,0811
0801,0811
0802,0811
0813,0811
0808,0811
0803,0811
0804,0811
0805,0811
0806,0811
0807,0811
0809,0811
0809,0812
0810,0812
2008,0812
8438,0812
8418,0812
2832,0812
6305,0812
0813,0812
3923,0812
7010,0812
4415,0812
0801,0812
0802,0812
0804,0812
0805,0812
0806,0812
0808,0812
0811,0812
1302,0812
2832,0813
8438,0813
8433,0813
0809,0813
3923,0813
0810,0813
6305,0813
0808,0813
0803,0813
0804,0813
0805,0813
0806,0813
0801,0813
0812,0813
2008,0813
3211,0813
8202,2514
8464,2514
8474,2514
8430,2514
8456,2514
8202,2515
8464,2515
8430,2515
8474,2515
8208,2515
8456,2515
8467,2515
8420,2515
6802,2515
6815,2515
8429,2515
8464,2516
8474,2516
8456,2516
8430,2516
8202,2516
6801,2516
8427,2516
8467,2516
8208,2516
8430,2517
8474,2517
8429,2517
2618,2517
2619,2517
2621,2517
2714,2517
2706,2517
2505,2517
6802,2517
6815,2517
2515,2517
8464,2517
2516,2517
2518,2517
8474,2518
8430,2518
6815,2518
8514,2519
2530,2519
2816,2519
8474,2520
8420,2520
6809,2520
8417,2520
8514,2520
8430,2521
8474,2521
2518,2522
2521,2522
8474,2522
8417,2522
2521,2523
2522,2523
6815,2523
2508,2523
2505,2523
8417,2523
8474,2523
8514,2523
2518,2523
2821,2523
2511,2523
2517,2523
2618,2523
2811,2523
2839,2523
2529,2523
6305,2523
6806,2523
2619,2523
2621,2523
2507,2523
2818,2523
2833,2523
2702,2523
2530,2523
8474,2525
8474,2526
8430,2529
8474,2529
8474,2530
8430,2530
6815,2530
2529,2530
2526,2530
8430,2601
8474,2601
2502,2601
8474,2602
8430,2603
8474,2603
2617,2603
8474,2604
8430,2604
8430,2605
8474,2605
8430,2606
8474,2606
8430,2607
8474,2607
8474,2608
8430,2608
8430,2609
8474,2609
8474,2610
8430,2610
8474,2611
8430,2612
8474,2612
8474,2613
8430,2613
8430,2614
8474,2614
8430,2615
8474,2615
8430,2616
8474,2616
8430,2617
8474,2617
8429,2617
1211,2939
2942,2939
0902,2939
2921,2939
8438,2940
2942,2940
2911,2940
2934,2941
2942,2941
3006,2941
2807,2941
2921,2941
2935,2941
2922,2941
3003,2941
7017,2941
3004,2941
2901,2942
2902,2942
2904,2942
3815,2942
2808,2942
2915,2942
2916,2942
2917,2942
2918,2942
2909,2942
2905,2942
2914,2942
2929,2942
2807,2942
2801,2942
2806,2942
2707,2942
2711,2942
2903,2942
2912,2942
2922,2942
2924,2942
2938,2942
2939,2942
3817,2942
2932,2942
2921,2942
2925,2942
2911,2942
2815,2942
2908,2942
3803,2942
2910,2942
2930,2942
2927,2942
2814,2942
0511,3001
0510,3001
3002,3001
3822,3002
8421,3002
3821,3002
7017,3002
3006,3002
2922,3002
2601,2618
7326,2618
8474,2618
8454,2618
8417,2619
8514,2619
8417,2620
2621,2620
3825,2621
8417,2621
8474,2701
2702,2701
2704,2701
8474,2702
2701,2704
2702,2704
2703,2704
6815,2704
8474,2704
8417,2704
8416,2704
2701,2705
2702,2705
8405,2705
2701,2706
2702,2706
2703,2706
2707,2706
2701,2707
2704,2707
2706,2707
2902,2707
2708,2707
2706,2708
2707,2708
2714,2708
2701,2708
6807,2708
2704,2708
2702,2708
6815,2708
8413,2709
9026,2709
7309,2709
7310,2709
2709,2710
2711,2710
2713,2710
2901,2710
3811,2710
8413,2710
7309,2710
9026,2710
7310,2710
2807,2710
8413,2711
7311,2711
7613,2711
9026,2711
9028,2711
2709,2711
8609,2711
4802,4202
4804,4202
4805,4202
4806,4202
4807,4202
4808,4202
4819,4202
4821,4202
4823,4202
8441,4202
4810,4202
4822,4202
3201,4202
4812,4202
4007,4202
5905,4202
4001,4202
4003,4202
4008,4202
4101,4203
4102,4203
4103,4203
4104,4203
4105,4203
4106,4203
4107,4203
4112,4203
4113,4203
4115,4203
4205,4203
3202,4203
3809,4203
8453,4203
8308,4203
3210,4203
4114,4203
3201,4203
4302,4203
4101,4205
4102,4205
4103,4205
4104,4205
4105,4205
4106,4205
4107,4205
4112,4205
4113,4205
4115,4205
5401,4205
5508,4205
8420,4205
8452,4205
8453,4205
8308,4205
3506,4205
3202,4205
3809,4205
4114,4205
4203,4205
3201,4205
3405,4205
3210,4205
0106,4205
0504,4206
3503,4206
3202,4301
3201,4301
4301,4302
3201,4302
3202,4302
8453,4302
4102,4302
4103,4302
4101,4302
0505,4303
4301,4303
4302,4303
4304,4303
5516,4303
4102,4303
4103,4303
4105,4303
4106,4303
5109,4303
5508,4303
5509,4303
8445,4303
8452,4303
5801,4303
6003,4303
8308,4303
8453,4303
5108,4303
3202,4303
5102,4303
5103,4303
5104,4303
5105,4303
5110,4303
3201,4303
3809,4303
4101,4303
5602,4303
4104,4303
5503,4304
4403,4401
4401,4402
4403,4402
4405,4402
8521,8523
3906,8523
3907,8523
3903,8523
3926,8523
8522,8523
3818,8523
8486,8523
8542,8523
8541,8523
8534,8523
8532,8523
3910,8523
8442,8524
3905,8524
8534,8525
8542,8525
8541,8525
8532,8525
8533,8525
8544,8525
9001,8525
8504,8525
8529,8525
8543,8525
8518,8525
8546,8525
8479,8525
8486,8525
8538,8525
9033,8525
7413,8525
8506,8525
7408,8525
8507,8525
8501,8525
8540,8525
9002,8525
7403,8525
9006,8525
3926,8525
3907,8525
7409,8525
7601,8525
7604,8525
7419,8525
3920,8525
8542,8526
8529,8526
8540,8526
8534,8526
8541,8526
8532,8526
8533,8526
8543,8526
8535,8526
8536,8526
8544,8526
8504,8526
8501,8526
8546,8526
8547,8526
9030,8526
9031,8526
9002,8526
8506,8526
8537,8526
9014,8526
8505,8526
7408,8526
7413,8526
8538,8526
8503,8526
7403,8526
8479,8526
8527,8526
3907,8526
3910,8526
9033,8526
8542,8527
8541,8527
8518,8527
8534,8527
8506,8527
8522,8527
8532,8527
8533,8527
8525,8527
8529,8527
3926,8527
7403,8527
8544,8527
8538,8527
8504,8527
3920,8527
8507,8527
8543,8527
8540,8527
8523,8527
8479,8527
9033,8527
7408,8527
7410,8527
7409,8527
7616,8527
7407,8527
7419,8527
8503,8527
8546,8527
2716,8527
7413,8527
7605,8527
7404,8527
9103,8527
9107,8527
9109,8527
9114,8527
9105,8527
7011,8528
8540,8528
8534,8528
8542,8528
8544,8528
8546,8528
8536,8528
7002,8528
7003,8528
7408,8528
8532,8528
8533,8528
8504,8528
7004,8528
7005,8528
7020,8528
7403,8528
7604,8528
8543,8528
8538,8528
8541,8528
7409,8528
7019,8528
7410,8528
7419,8528
3926,8528
7606,8528
3206,8528
8486,8528
8539,8528
7007,8528
9001,8528
3925,8528
7009,8528
3903,8528
8549,8528
9002,8528
9013,8528
9010,8528
9008,8528
8529,8528
8521,8528
3920,8528
7219,8528
7616,8528
2716,8528
2941,3003
3006,3003
2905,3003
7010,3003
3002,3003
3815,3003
2937,3003
2207,3003
2906,3003
3001,3003
2922,3003
2933,3003
2934,3003
2939,3003
2942,3003
1211,3003
1302,3003
2924,3003
2921,3003
2935,3003
2926,3003
2936,3003
2925,3003
3822,3003
3910,3003
1108,3003
3503,3003
2941,3004
3923,3004
7010,3004
3006,3004
8309,3004
2935,3004
2937,3004
2905,3004
1520,3004
3001,3004
1211,3004
1302,3004
2939,3004
2921,3004
2924,3004
2922,3004
2933,3004
2925,3004
2934,3004
2936,3004
3503,3004
1702,3004
1108,3004
2940,3004
3912,3004
3002,3004
2926,3004
2928,3004
2942,3004
7017,3004
5601,3005
5603,3005
3505,3005
3506,3005
3901,3005
3905,3005
3919,3005
3909,3005
3910,3005
4811,3005
5803,3005
3902,3005
3903,3005
4001,3005
4014,3005
4016,3005
3904,3005
3906,3005
3912,3005
3913,3005
5602,3005
3908,3005
2817,3005
3006,3005
3926,3005
5201,3005
5202,3005
5203,3005
5503,3005
2941,3005
3003,3005
3004,3005
5911,3005
2847,3005
4823,3005
2936,3005
3912,3006
3503,3006
3005,3006
7010,3006
7017,3006
3505,3006
8419,3006
3913,3006
1520,3006
2905,3006
5803,3006
2801,3006
2827,3006
2833,3006
2843,3006
2922,3006
2935,3006
3822,3006
9027,3006
8421,3006
2909,3006
2928,3006
2942,3006
2904,3006
2930,3006
2932,3006
2933,3006
2934,3006
2937,3006
2902,3006
2903,3006
2906,3006
2913,3006
2918,3006
2920,3006
2921,3006
2914,3006
2810,3006
2825,3006
2841,3006
2847,3006
3003,3006
3004,3006
2806,3006
2207,3006
2817,3006
2811,3006
2915,3006
2917,3006
2916,3006
3923,3006
4014,3006
2936,3006
2927,3006
2924,3006
8414,3006
2938,3006
2939,3006
3910,3006
1302,3006
3404,3006
2941,3006
2926,3006
2929,3006
2919,3006
2907,3006
2908,3006
2910,3006
2911,3006
2912,3006
2923,3006
2940,3006
1702,3006
3301,3006
1108,3006
3205,3006
3001,3006
3002,3006
2925,3006
2703,3101
2930,3101
2835,3101
3825,3101
2304,3101
2305,3101
2306,3101
1212,3101
2303,3101
2510,3101
2814,3102
2808,3102
2834,3102
2929,3102
2807,3102
3105,3102
2711,3102
2530,3102
2510,3103
2809,3103
2835,3103
3105,3103
2813,3103
2919,3103
2814,3104
3105,3104
2815,3104
2530,3104
2808,3105
2814,3105
2834,3105
3102,3105
2835,3105
3103,3105
3104,3105
2809,3105
2811,3105
2503,3105
2815,3105
2530,3105
2510,3105
2930,3105
2929,3105
2919,3105
2813,3105
2807,3105
7310,3105
2802,3105
2711,3105
3202,3201
2907,3202
2707,3202
2819,3202
2917,3202
2918,3202
2942,3202
1520,3202
3201,3202
2921,3202
2930,3202
3507,3202
3201,3203
1301,3203
3301,3203
1302,3203
0910,3203
3809,3203
2707,3204
2902,3204
2903,3204
2909,3204
2921,3204
2808,3204
2927,3204
2916,3204
2917,3204
2907,3204
3206,3204
2914,3204
3815,3204
2942,3204
2912,3204
3817,3204
2708,3204
2930,3204
3205,3204
2807,3204
2915,3204
2831,3204
2922,3204
2918,3204
2904,3204
1520,3204
2815,3204
8542,9027
8534,9027
8541,9027
9001,9027
9002,9027
9013,9027
8532,9027
8533,9027
9031,9027
7017,9027
7408,9027
8544,9027
8506,9027
7002,9027
8543,9027
9032,9027
8538,9027
8546,9027
8479,9027
2843,9027
7106,9027
7110,9027
7218,9027
7220,9027
8108,9027
8540,9027
7107,9027
3907,9027
3926,9027
7403,9027
7407,9027
7409,9027
7419,9027
8112,9027
9033,9027
8101,9027
7223,9027
7410,9027
3917,9028
9026,9028
9031,9028
9032,9028
8538,9028
8543,9028
9033,9028
7408,9028
7411,9028
9030,9028
8504,9028
8536,9028
8544,9028
8547,9028
8532,9028
8535,9028
8537,9028
8501,9028
7307,9028
8307,9028
8542,9029
8533,9029
8534,9029
8544,9029
8506,9029
8532,9029
8541,9029
7408,9029
9001,9029
9031,9029
9032,9029
8479,9029
3926,9029
8543,9029
9002,9029
8501,9029
8538,9029
3907,9029
7403,9029
7404,9029
7407,9029
7409,9029
7410,9029
7411,9029
7419,9029
8503,9029
7601,9029
7218,9029
7219,9029
9033,9029
8541,9030
8542,9030
8534,9030
8112,9030
8506,9030
9001,9030
9002,9030
8540,9030
9022,9030
7409,9030
7419,9030
9032,9030
8546,9030
9031,9030
8543,9030
8544,9030
8532,9030
8533,9030
8547,9030
7413,9030
7408,9030
8538,9030
3818,9030
7403,9030
2716,9030
7407,9030
9033,9030
7410,9030
3926,9030
7219,9030
7404,9030
7411,9030
7405,9030
7020,9030
7601,9030
7604,9030
7616,9030
7223,9030
7222,9030
7106,9030
7218,9030
7220,9030
2611,9030
7110,9030
8001,9030
8103,9030
7218,9031
7306,9031
7326,9031
8482,9031
7219,9031
7223,9031
7408,9031
8479,9031
8543,9031
8423,9031
9032,9031
7409,9031
7419,9031
8534,9031
8542,9031
9030,9031
8538,9031
9017,9031
9025,9031
9026,9031
9027,9031
9029,9031
8544,9031
7616,9031
8540,9031
8541,9031
9013,9031
7604,9031
7608,9031
7413,9031
9001,9031
8533,9031
8506,9031
9033,9031
8532,9031
9002,9031
3926,9031
7407,9031
7020,9031
3818,9031
9015,9031
7107,9031
7403,9031
7404,9031
8112,9031
8534,9032
8542,9032
8541,9032
8532,9032
8533,9032
9030,9032
8544,9032
8536,9032
8543,9032
9026,9032
8501,9032
8504,9032
8538,9032
7408,9032
8537,9032
8535,9032
8540,9032
9002,9032
8479,9032
8506,9032
9033,9032
7403,9032
7419,9032
9029,9032
8504,9033
8543,9033
8541,9033
8534,9033
8542,9033
8544,9033
8546,9033
8482,9033
8483,9033
8207,9033
8479,9033
7318,9033
7415,9033
7616,9033
8484,9033
7229,9033
7326,9033
8101,9033
8209,9033
8311,9033
9013,9033
8501,9033
8505,9033
9015,9033
9017,9033
9024,9033
9026,9033
9030,9033
9031,9033
9032,9033
8545,9033
8208,9033
8456,9033
7403,9033
7408,9033
7409,9033
8532,9033
9001,9033
9002,9033
7209,9033
7219,9033
7226,9033
7506,9033
7601,9033
7604,9033
7605,9033
7606,9033
7218,9033
7220,9033
7221,9033
7222,9033
7223,9033
7224,9033
7227,9033
8485,9033
7404,9033
7405,9033
7407,9033
7411,9033
7419,9033
8533,9033
8515,9033
7502,9033
8108,9033
8112,9033
2616,9101
2843,9101
7106,9101
7108,9101
7109,9101
7110,9101
7111,9101
7112,9101
7113,9101
7114,9101
7115,9101
9102,9101
9106,9101
9108,9101
9109,9101
9110,9101
9111,9101
9112,9101
9113,9101
9114,9101
8506,9101
8308,9101
7116,9101
7103,9101
8482,9101
7107,9101
9103,9101
9107,9101
8534,9101
7102,9101
7105,9101
9103,9102
9108,9102
9109,9102
9110,9102
9111,9102
9112,9102
9113,9102
8308,9102
8507,9102
9114,9102
8542,9102
8506,9102
8532,9102
7106,9102
7108,9102
8533,9102
8534,9102
9106,9102
9107,9102
7110,9102
7114,9102
7115,9102
8541,9102
8482,9102
9013,9102
3926,9102
7408,9102
7219,9102
7107,9102
7109,9102
7103,9102
7105,9102
9033,9102
7113,9102
7320,9102
7111,9102
9101,9103
9102,9103
9106,9103
9107,9103
9108,9103
9109,9103
9110,9103
8506,9103
8541,9103
8542,9103
9111,9103
9112,9103
9114,9103
8534,9103
8532,9103
8482,9103
7106,9103
7408,9103
7115,9103
7320,9103
8541,9104
8542,9104
9109,9104
9110,9104
9114,9104
8534,9104
9103,9104
9107,9104
9108,9104
9111,9104
7020,9104
8506,9104
7320,9104
9112,9104
8501,9104
7403,9104
7405,9104
7408,9104
7409,9104
8544,9104
8507,9104
3926,9104
8479,9104
9031,9104
7407,9104
8532,9104
8533,9104
7219,9104
7410,9104
7419,9104
7106,9104
7110,9104
7220,9104
7223,9104
8543,9104
9102,9104
9032,9104
8482,9104
8534,9105
8506,9105
3926,9105
7320,9105
7403,9105
7408,9105
9110,9105
9114,9105
7106,9105
9103,9105
9106,9105
9107,9105
9108,9105
9109,9105
9112,9105
7020,9105
8482,9105
7115,9105
4403,9105
4101,6403
4102,6403
4103,6403
4104,6403
4105,6403
4106,6403
4107,6403
4112,6403
4113,6403
4114,6403
4115,6403
4001,6403
4002,6403
4003,6403
4004,6403
4005,6403
4006,6403
4007,6403
4008,6403
4013,6403
4016,6403
4017,6403
3920,6403
3921,6403
3926,6403
4205,6403
3506,6403
5401,6403
5508,6403
8453,6403
8420,6403
8308,6403
3909,6403
3202,6403
3210,6403
6406,6403
8477,6403
5903,6403
5906,6403
3911,6403
3812,6403
3901,6403
3902,6403
3903,6403
3904,6403
3906,6403
3925,6403
3201,6403
5604,6403
4203,6403
3905,6403
3908,6403
3405,6403
6405,6403
6002,6403
5111,6404
5112,6404
5208,6404
5209,6404
5210,6404
5211,6404
5212,6404
5309,6404
5311,6404
5401,6404
5402,6404
5403,6404
5404,6404
5407,6404
5408,6404
5501,6404
5503,6404
5504,6404
5505,6404
5506,6404
5507,6404
5508,6404
5509,6404
5510,6404
5511,6404
5512,6404
5513,6404
5514,6404
5515,6404
5516,6404
5601,6404
5603,6404
5604,6404
5605,6404
5606,6404
5801,6404
5802,6404
5806,6404
5810,6404
5902,6404
5903,6404
5906,6404
5911,6404
6001,6404
6002,6404
6003,6404
6004,6404
6005,6404
6006,6404
8444,6404
4001,6404
4002,6404
4003,6404
4004,6404
4005,6404
4006,6404
4007,6404
4008,6404
4016,6404
4017,6404
3812,6404
3901,6404
3902,6404
3903,6404
3904,6404
3905,6404
3908,6404
3909,6404
3912,6404
3920,6404
3921,6404
3925,6404
3926,6404
3506,6404
5204,6404
5205,6404
5206,6404
5207,6404
5406,6404
8308,6404
8453,6404
8420,6404
6406,6404
5804,6404
5203,6404
8477,6404
4013,6404
6405,6404
3202,6404
3809,6404
5807,6404
3906,6404
3911,6404
5811,6404
6307,6404
5909,6404
4304,6404
5303,6404
5113,6404
5602,6404
4107,6404
4112,6404
4113,6404
4114,6404
4115,6404
4205,6404
4101,6405
4102,6405
4103,6405
4104,6405
4105,6405
4106,6405
4107,6405
4112,6405
4113,6405
4114,6405
4115,6405
4205,6405
8453,6405
6403,6405
6404,6405
6406,6405
3506,6405
5401,6405
5508,6405
8308,6405
4001,6405
4002,6405
4005,6405
4007,6405
4008,6405
4016,6405
8420,6405
5602,6405
3909,6405
3202,6405
3812,6405
6004,6405
5804,6405
5806,6405
3210,6405
3809,6405
3405,6405
5007,6405
5111,6405
5112,6405
5208,6405
5209,6405
5210,6405
5211,6405
5212,6405
5309,6405
5402,6405
5403,6405
5404,6405
5407,6405
5408,6405
5501,6405
5502,6405
5503,6405
5504,6405
5509,6405
5512,6405
5513,6405
5514,6405
5515,6405
5516,6405
5603,6405
5604,6405
5605,6405
5606,6405
5801,6405
5802,6405
5902,6405
5903,6405
5906,6405
6001,6405
6002,6405
6003,6405
6005,6405
6006,6405
5106,6405
5107,6405
5109,6405
5204,6405
5207,6405
5406,6405
5810,6405
5807,6405
3902,6405
3905,6405
3908,6405
5113,6405
4304,6405
5101,6405
5105,6405
4003,6405
4004,6405
4006,6405
4013,6405
3901,6405
3903,6405
3904,6405
3906,6405
3915,6405
3920,6405
8477,6405
3926,6405
5104,6405
4417,6405
2823,6405
3201,6405
4101,6406
4102,6406
4103,6406
4104,6406
4105,6406
4106,6406
4107,6406
4112,6406
4113,6406
4114,6406
4115,6406
4205,6406
5111,6406
5112,6406
5210,6406
5211,6406
5212,6406
5402,6406
5403,6406
5407,6406
5408,6406
5501,6406
5503,6406
5505,6406
5509,6406
5512,6406
5514,6406
5515,6406
5516,6406
5601,6406
5604,6406
5606,6406
5801,6406
5802,6406
5902,6406
5903,6406
5906,6406
6001,6406
6002,6406
6003,6406
6004,6406
6005,6406
6006,6406
3812,6406
4001,6406
4002,6406
4003,6406
4004,6406
4005,6406
4006,6406
4007,6406
4008,6406
4016,6406
4017,6406
3506,6406
8453,6406
5401,6406
5404,6406
5405,6406
5504,6406
3901,6406
3902,6406
3903,6406
3904,6406
3905,6406
3906,6406
3909,6406
3913,6406
3915,6406
3920,6406
3921,6406
5202,6406
6402,6406
6404,6406
5406,6406
5508,6406
8308,6406
6403,6406
3202,6406
3809,6406
3919,6406
5603,6406
5602,6406
8477,6406
6405,6406
3210,6406
3908,6406
5104,6406
5105,6406
3926,6406
4013,6406
3925,6406
3405,6406
4417,6406
5101,6501
5102,6501
5103,6501
5104,6501
5105,6501
5602,6501
5911,6501
8449,6501
5601,6501
6507,6501
6502,6501
6504,6501
6505,6501
4601,6502
5404,6502
5401,6502
5402,6502
5403,6502
5406,6502
5407,6502
5408,6502
5501,6502
5502,6502
5503,6502
5504,6502
5506,6502
5507,6502
5508,6502
5509,6502
5510,6502
5511,6502
5515,6502
5516,6502
5609,6502
8449,6502
5201,6502
5202,6502
5203,6502
5205,6502
5206,6502
5207,6502
5306,6502
5307,6502
5308,6502
5603,6502
5208,6502
5209,6502
5210,6502
5211,6502
5212,6502
5513,6502
5514,6502
6001,6502
6003,6502
1401,6502
5303,6502
5310,6502
5302,6502
5311,6502
5602,6502
6504,6502
4823,6502
5111,6502
5112,6502
5309,6502
5512,6502
5601,6502
5902,6502
6006,6502
4602,6502
5604,6502
5606,6502
5607,6502
5906,6502
5004,6502
5006,6502
5301,6502
5305,6502
8447,6502
5109,6502
5801,6502
5806,6502
5101,6502
5102,6502
5104,6502
5105,6502
5106,6502
5107,6502
5108,6502
5110,6502
5901,6502
6005,6502
5007,6502
5405,6502
5605,6502
5809,6502
6002,6502
6507,6502
5002,6502
5005,6502
5804,6502
5808,6502
4115,6502
1213,6502
5113,6502
5807,6502
6501,6502
4601,6504
5404,6504
5405,6504
5407,6504
5408,6504
5501,6504
5503,6504
5504,6504
5506,6504
5201,6504
5202,6504
5203,6504
5204,6504
5205,6504
5206,6504
5207,6504
5306,6504
5307,6504
5308,6504
5311,6504
5509,6504
5510,6504
5516,6504
5609,6504
5007,6504
5111,6504
5112,6504
5210,6504
5211,6504
5212,6504
5512,6504
5513,6504
5514,6504
5515,6504
5604,6504
5606,6504
5801,6504
5802,6504
5804,6504
5806,6504
5808,6504
5809,6504
5810,6504
5902,6504
5903,6504
5906,6504
6001,6504
6003,6504
6005,6504
6006,6504
8447,6504
5401,6504
5508,6504
6507,6504
1401,6504
6502,6504
5101,6504
5103,6504
5105,6504
5106,6504
5107,6504
5108,6504
5109,6504
5208,6504
5209,6504
5309,6504
5310,6504
5402,6504
5403,6504
5502,6504
5511,6504
5605,6504
6307,6504
5603,6504
5004,6504
5006,6504
5406,6504
6501,6504
5807,6504
4205,6504
5113,6504
5602,6504
6117,6504
6210,6504
5301,6504
8308,6504
5005,6504
8449,6504
0505,6504
6701,6504
5901,6504
5002,6504
5003,6504
6506,6504
4602,6504
6603,6504
5303,6504
5102,6504
5104,6504
5110,6504
5302,6504
0501,6504
5803,6504
3926,6504
5004,6505
5005,6505
5103,6505
5106,6505
5107,6505
5108,6505
5109,6505
5110,6505
5202,6505
5205,6505
5206,6505
5207,6505
5307,6505
5308,6505
5401,6505
5402,6505
5403,6505
5406,6505
5503,6505
5504,6505
5505,6505
5506,6505
5507,6505
5508,6505
5509,6505
5510,6505
5511,6505
5601,6505
5609,6505
6001,6505
6006,6505
5112,6505
5513,6505
5514,6505
5806,6505
5902,6505
6002,6505
6003,6505
6004,6505
6005,6505
5602,6505
5606,6505
5906,6505
6111,6505
6113,6505
6117,6505
5901,6505
8447,6505
8451,6505
3809,6505
5404,6505
5604,6505
5804,6505
6114,6505
8444,6505
8445,6505
8449,6505
5204,6505
5301,6505
5306,6505
5807,6505
5808,6505
5810,6505
6307,6505
5006,6505
5605,6505
0501,6505
5101,6505
5102,6505
5104,6505
5105,6505
5201,6505
5203,6505
7319,6505
8213,6505
5303,6505
5003,6505
6501,6505
6603,6505
6507,6505
4601,6505
5302,6505
5305,6505
3908,6506
5211,6506
5512,6506
5516,6506
5604,6506
5809,6506
5902,6506
5903,6506
5906,6506
6001,6506
6006,6506
6507,6506
5602,6506
5901,6506
4005,6506
6504,6506
4007,6506
6501,6506
8449,6506
6505,6506
3906,6506
5404,6506
5111,6506
5112,6506
5208,6506
5209,6506
5210,6506
5212,6506
5513,6506
5514,6506
5801,6506
6003,6506
5102,6506
5104,6506
5105,6506
5108,6506
5113,6506
5804,6506
5808,6506
5810,6506
5203,6506
5005,6506
5201,6506
6502,6506
1401,6506
4601,6506
6701,6506
4101,6506
4104,6506
4105,6506
4106,6506
4107,6506
4112,6506
4113,6506
4115,6506
4205,6506
5002,6506
6117,6506
5007,6507
5111,6507
5112,6507
5113,6507
5208,6507
5209,6507
5210,6507
5211,6507
5212,6507
5308,6507
5309,6507
5310,6507
5311,6507
5402,6507
5407,6507
5408,6507
5501,6507
5502,6507
5503,6507
5504,6507
5505,6507
5506,6507
5507,6507
5508,6507
5509,6507
5510,6507
5511,6507
5512,6507
5513,6507
5514,6507
5515,6507
5516,6507
5601,6507
5602,6507
5801,6507
5802,6507
5806,6507
5809,6507
5810,6507
5902,6507
5903,6507
5906,6507
5911,6507
6001,6507
6002,6507
6003,6507
6004,6507
6005,6507
6006,6507
6210,6507
7019,6507
5603,6507
5604,6507
5901,6507
5905,6507
4107,6507
4112,6507
4113,6507
4114,6507
4115,6507
4203,6507
4205,6507
3921,6507
5004,6507
5006,6507
5106,6507
5107,6507
5109,6507
5202,6507
5204,6507
5205,6507
5206,6507
5207,6507
5401,6507
5403,6507
5406,6507
5609,6507
7326,6507
3506,6507
5101,6507
5103,6507
5104,6507
5105,6507
5108,6507
4007,6507
5404,6507
8308,6507
3925,6507
3926,6507
5909,6507
4001,6507
4002,6507
4003,6507
4005,6507
4006,6507
4008,6507
4016,6507
4017,6507
3912,6507
3919,6507
3920,6507
4811,6507
6701,6507
5201,6507
5203,6507
5605,6507
5606,6507
5804,6507
5811,6507
6113,6507
6307,6507
8445,6507
4101,6507
4102,6507
4103,6507
4104,6507
8447,6507
4805,6507
4601,6507
6501,6507
6502,6507
6504,6507
6505,6507
4804,6507
4807,6507
4808,6507
4823,6507
6117,6507
5803,6507
6506,6507
5005,6507
5110,6507
5306,6507
5307,6507
5002,6507
5003,6507
3908,6507
5405,6507
5102,6507
8449,6507
3909,6507
4105,6507
4106,6507
8477,6507
3901,6507
3902,6507
3903,6507
3904,6507
3905,6507
3906,6507
3913,6507
0501,6507
5301,6507
5303,6507
6217,6507
6603,6507
3916,6507
5402,6601
5404,6601
5405,6601
5407,6601
5408,6601
5501,6601
5512,6601
5514,6601
5515,6601
5516,6601
5604,6601
5609,6601
5801,6601
5902,6601
6001,6601
6005,6601
6006,6601
7223,6601
3920,6601
3921,6601
3925,6601
3926,6601
4007,6601
5906,6601
5603,6601
5903,6601
5602,6601
4403,6601
4404,6601
6603,6601
4001,6601
8477,6601
3901,6601
3906,6601
3902,6601
3903,6601
3904,6601
4601,6601
5007,6601
5004,6601
4401,6602
4403,6602
4404,6602
4405,6602
4407,6602
4409,6602
4413,6602
4101,6602
4102,6602
4103,6602
4104,6602
4106,6602
4107,6602
4112,6602
4113,6602
4115,6602
4205,6602
4001,6602
4007,6602
4008,6602
4016,6602
4017,6602
3916,6602
3926,6602
8465,6602
5110,6602
7326,6602
8453,6602
7222,6602
4601,6602
5604,6602
5607,6602
4417,6602
4421,6602
7320,6602
4114,6602
5404,6602
5405,6602
4501,6602
4502,6602
4503,6602
4504,6602
7206,6603
7207,6603
7218,6603
7219,6603
7220,6603
7221,6603
7222,6603
7601,6603
7604,6603
3925,6603
3926,6603
5501,6603
4007,6603
7223,6603
3903,6603
3920,6603
7403,6603
7325,6603
5404,6603
5405,6603
6601,6603
5407,6603
5408,6603
5801,6603
5806,6603
5809,6603
5903,6603
5605,6603
8447,6603
5606,6603
4107,6603
4112,6603
4113,6603
4114,6603
5804,6603
5810,6603
4106,6603
5808,6603
0505,6701
3202,6701
0105,6701
3901,6702
3906,6702
3920,6702
3921,6702
3926,6702
5403,6702
5405,6702
3925,6702
5503,6702
5404,6702
4304,6702
5504,6702
3404,6702
0501,6703
5403,6704
5404,6704
5405,6704
5501,6704
5502,6704
5503,6704
5504,6704
5506,6704
5507,6704
5406,6704
5601,6704
5801,6704
6001,6704
6003,6704
6005,6704
6006,6704
6603,6704
5606,6704
4304,6704
5804,6704
5111,6704
0501,6704
6703,6704
3305,6704
0502,6704
5102,6704
5104,6704
5105,6704
5108,6704
5110,6704
5113,6704
5004,6704
5109,6704
5002,6704
2506,6801
2515,6801
2516,6801
6802,6801
6815,6801
8456,6801
8464,6801
8474,6801
8430,6801
2518,6801
3206,6802
8464,6802
8474,6802
2505,6802
2506,6802
2516,6802
2529,6802
2518,6802
6815,6802
2526,6802
8202,6802
2515,6802
6801,6802
8430,6802
2514,6802
2514,6803
8456,6803
8464,6803
8474,6803
6815,6803
6802,6804
6815,6804
2818,6804
8460,6804
8464,6804
8474,6804
2513,6804
6805,6804
2506,6804
2518,6804
2508,6804
8205,6804
8209,6804
2505,6804
3801,6804
2849,6804
2507,6804
7105,6804
6901,6804
6903,6804
2819,6804
2823,6804
8113,6804
6914,6804
2504,6804
2525,6804
2514,6804
2515,6804
2526,6804
2530,6804
5515,6805
5902,6805
5906,6805
5911,6805
2513,6805
2818,6805
2849,6805
4707,6805
4804,6805
4805,6805
4807,6805
4808,6805
4810,6805
4811,6805
4823,6805
8474,6806
6815,6806
2530,6806
8514,6806
2621,6806
2507,6806
2512,6806
2519,6806
2842,6806
2839,6806
2707,6807
2709,6807
2710,6807
2711,6807
2713,6807
2714,6807
2715,6807
3911,6807
2706,6807
2708,6807
3807,6807
8420,6807
2701,6807
8430,6807
8413,6807
4401,6808
4405,6808
2523,6808
6810,6808
2520,6808
6809,6808
8465,6808
6811,6808
4403,6808
4407,6808
1213,6808
4409,6808
4701,6808
2521,6808
3816,6808
1401,6808
5301,6808
5303,6808
5305,6808
2522,6808
8420,6808
2303,6808
4705,6808
4706,6808
2520,6809
8474,6809
2509,6809
2530,6809
2523,6809
2505,6809
2508,6809
6808,6809
2511,6809
3910,6809
2522,6809
2525,6809
3214,6809
2521,6810
2522,6810
2523,6810
3816,6810
2505,6810
2507,6810
2508,6810
2512,6810
2839,6810
6901,6810
2517,6810
2823,6810
8474,6810
2520,6810
2819,6810
6806,6810
2619,6810
2621,6810
2509,6810
2510,6810
6815,6810
2811,6810
2618,6810
2530,6810
8464,6810
6811,6810
6305,6810
6808,6810
2821,6810
9102,9106
9103,9106
9108,9106
9109,9106
9110,9106
9114,9106
8501,9106
8503,9106
8534,9106
9105,9106
8541,9106
8542,9106
8506,9106
9101,9106
9111,9106
9112,9106
8544,9106
9107,9106
9032,9106
9113,9106
8533,9106
8532,9106
8538,9106
8479,9106
8543,9106
8504,9106
9103,9107
9108,9107
9109,9107
9110,9107
9114,9107
8501,9107
8534,9107
7408,9107
8544,9107
8533,9107
8542,9107
8541,9107
8506,9107
8504,9107
8543,9107
8536,9107
8503,9107
9101,9107
9111,9107
3926,9107
8532,9107
8537,9107
9105,9107
8546,9107
9102,9107
9106,9107
9112,9107
8538,9107
8534,9108
8542,9108
8506,9108
9114,9108
7218,9108
7219,9108
7220,9108
8541,9108
8532,9108
8533,9108
9101,9108
9102,9108
9111,9108
9112,9108
9113,9108
8482,9108
7223,9108
9110,9108
8543,9108
9103,9108
9109,9108
7106,9108
7108,9108
7109,9108
7110,9108
7112,9108
2616,9108
2843,9108
7107,9108
7115,9108
9032,9108
7408,9108
3907,9108
3926,9108
2716,9108
7403,9108
7409,9108
7113,9108
7114,9108
8457,9108
7320,9108
7222,9108
7505,9108
7111,9108
9106,9108
8534,9109
8506,9109
8541,9109
9103,9109
9104,9109
9107,9109
9110,9109
9114,9109
3907,9109
3926,9109
7320,9109
8532,9109
8533,9109
9112,9109
7409,9109
7403,9109
7408,9109
7419,9109
8543,9109
8482,9109
9108,9109
9106,9109
8457,9109
7106,9109
7107,9109
7219,9109
7407,9109
7110,9109
8479,9109
9033,9109
7223,9109
7114,9110
7115,9110
9102,9110
9111,9110
9112,9110
9114,9110
8308,9110
9103,9110
9109,9110
8482,9110
8506,9110
7106,9110
7107,9110
7108,9110
7109,9110
7110,9110
7111,9110
7112,9110
9106,9110
9107,9110
2616,9110
2843,9110
7218,9110
7403,9110
7502,9110
8541,9110
9031,9110
9108,9110
8534,9110
7320,9110
8457,9110
7405,9110
7407,9110
7408,9110
7419,9110
8460,9110
8479,9110
7223,9110
8532,9110
7219,9110
7404,9110
7409,9110
7410,9110
8533,9110
2616,9111
2843,9111
7106,9111
7107,9111
7108,9111
7109,9111
7110,9111
7111,9111
7112,9111
7113,9111
7114,9111
7115,9111
8454,9111
8457,9111
8480,9111
8455,9111
7102,9111
9108,9111
9110,9111
9114,9111
8515,9111
9113,9111
9101,9111
8484,9111
7901,9111
8462,9111
8456,9111
8458,9111
8460,9111
9031,9111
7415,9111
7616,9111
8203,9111
7204,9111
7224,9111
7403,9111
7407,9111
7502,9111
8001,9111
8003,9111
7209,9111
7210,9111
7212,9111
7217,9111
7226,9111
7409,9111
7506,9111
7905,9111
7222,9111
7404,9111
8002,9111
7405,9111
7504,9111
8112,9111
7229,9111
7326,9111
7408,9111
7411,9111
7419,9111
7501,9111
7505,9111
7902,9111
7904,9111
8007,9111
8308,9111
2603,9111
7413,9111
2604,9111
7503,9111
7508,9111
7205,9111
9103,9111
7218,9111
7219,9111
7220,9111
7601,9111
7602,9111
7603,9111
7604,9111
7605,9111
7606,9111
7607,9111
7608,9111
7804,9111
3920,9111
7320,9111
7015,9111
7020,9111
7223,9111
3915,9111
3926,9111
4001,9111
4002,9111
4005,9111
4017,9111
8477,9111
3812,9111
7104,9111
7116,9111
3906,9111
7221,9111
3901,9111
3902,9111
3903,9111
3904,9111
3907,9111
3908,9111
3909,9111
3910,9111
2614,9111
8101,9111
8108,9111
7402,9111
7410,9111
7903,9111
7907,9111
7211,9111
9109,9111
4113,9111
4114,9111
4205,9111
9033,9111
2606,9111
7614,9111
7406,9111
7105,9111
7002,9111
4202,9111
4003,9111
7801,9111
7006,9111
9024,9111
8482,9111
7103,9111
2823,9111
8109,9111
8104,9111
4403,9112
4407,9112
4408,9112
4409,9112
4412,9112
4413,9112
4418,9112
7002,9112
7003,9112
7004,9112
7005,9112
7006,9112
3919,9112
3921,9112
7209,9112
7210,9112
7212,9112
7219,9112
7409,9112
7506,9112
7601,9112
7604,9112
7605,9112
7606,9112
7607,9112
7616,9112
3920,9112
3926,9112
3906,9112
3506,9112
4405,9112
4410,9112
4411,9112
8457,9112
8465,9112
9033,9112
3903,9112
3907,9112
3909,9112
7602,9112
7603,9112
7218,9112
7220,9112
7221,9112
7222,9112
7223,9112
7224,9112
7229,9112
7326,9112
8001,9112
7008,9112
7020,9112
4017,9112
7106,9112
7107,9112
7108,9112
7109,9112
7110,9112
7111,9112
7114,9112
7502,9112
7403,9112
7407,9112
7217,9112
4113,9112
4205,9112
7325,9112
7408,9112
7419,9112
9103,9112
9109,9112
9110,9112
9114,9112
7404,9112
7406,9112
7410,9112
7208,9112
4420,9112
8007,9112
7211,9112
9106,9112
7115,9112
7405,9112
7320,9112
4501,9112
2843,9113
7106,9113
7107,9113
7109,9113
7110,9113
7111,9113
7113,9113
7114,9113
7115,9113
9101,9113
7223,9113
8308,9113
8455,9113
7217,9113
7218,9113
7403,9113
7502,9113
7601,9113
7209,9113
7212,9113
7220,9113
7221,9113
7222,9113
7225,9113
7905,9113
7320,9113
7409,9113
7506,9113
7606,9113
9102,9113
5809,9113
5605,9113
7505,9113
7508,9113
7407,9113
7907,9113
7405,9113
7413,9113
4115,9113
5407,9113
3919,9113
3920,9113
3921,9113
4001,9113
4002,9113
4003,9113
4005,9113
4006,9113
4007,9113
4008,9113
4016,9113
4017,9113
7219,9113
4102,9113
4103,9113
4104,9113
4105,9113
4106,9113
4107,9113
4112,9113
4113,9113
5007,9113
5111,9113
5112,9113
5208,9113
5210,9113
5212,9113
5408,9113
5512,9113
5515,9113
5516,9113
5604,9113
5606,9113
5609,9113
5801,9113
5802,9113
5804,9113
5806,9113
5807,9113
5810,9113
5902,9113
5903,9113
5906,9113
5911,9113
6001,9113
6002,9113
6003,9113
6004,9113
6005,9113
6006,9113
3901,9113
3912,9113
3915,9113
3916,9113
4004,9113
5602,9113
5603,9113
7226,9113
4114,9113
4205,9113
5401,9113
5402,9113
5403,9113
5503,9113
5508,9113
7604,9113
7605,9113
7614,9113
7616,9113
4501,9113
4504,9113
5404,9113
5405,9113
5607,9113
7419,9113
3812,9113
3902,9113
3903,9113
3904,9113
3905,9113
3906,9113
3907,9113
3908,9113
3909,9113
3910,9113
3925,9113
3926,9113
7315,9113
3506,9113
8477,9113
9103,9113
3202,9113
7229,9113
8108,9113
5204,9113
4203,9113
5004,9113
5002,9113
5006,9113
7218,9114
7219,9114
7220,9114
7409,9114
8460,9114
7106,9114
7108,9114
7110,9114
7504,9114
7403,9114
7407,9114
7222,9114
7223,9114
8456,9114
7109,9114
2616,9114
7107,9114
7111,9114
7405,9114
7406,9114
7408,9114
7410,9114
7419,9114
7505,9114
7502,9114
2843,9114
7115,9114
9101,9114
9102,9114
9103,9114
9106,9114
9107,9114
9108,9114
9110,9114
9111,9114
9112,9114
8482,9114
7006,9114
2716,9114
7404,9114
7411,9114
8003,9114
7114,9114
7217,9114
7221,9114
7606,9114
7320,9114
7506,9114
7508,9114
8506,9114
7605,9114
8457,9114
8458,9114
8461,9114
7603,9114
8108,9114
8515,9114
8101,9114
8103,9114
4403,9201
4407,9201
4408,9201
4409,9201
4412,9201
4413,9201
7218,9201
7223,9201
7326,9201
8465,9201
9209,9201
7320,9201
8479,9201
4405,9201
4418,9201
4107,9201
4113,9201
4411,9201
7107,9201
4420,9201
4017,9201
7229,9201
7217,9201
3506,9201
4501,9201
4502,9201
4503,9201
7221,9201
4403,9202
4407,9202
4408,9202
4409,9202
4412,9202
4413,9202
9209,9202
3806,9202
8465,9202
4420,9202
4418,9202
7223,9202
7229,9202
4411,9202
3506,9202
7106,9202
3909,9202
7207,9202
7217,9202
7218,9202
7224,9202
7326,9202
7403,9202
7413,9202
7505,9202
7605,9202
7614,9202
7904,9202
3926,9202
7403,9205
7409,9205
7405,9205
7407,9205
7411,9205
9209,9205
7419,9205
7806,9205
4403,9205
4407,9205
4409,9205
4412,9205
4413,9205
4501,9205
4502,9205
4503,9205
4504,9205
3926,9205
4411,9205
4403,9206
4407,9206
4408,9206
4409,9206
4412,9206
4413,9206
3926,9206
7326,9206
7403,9206
7407,9206
7409,9206
7419,9206
7219,9206
7604,9206
7616,9206
7325,9206
5602,9206
4107,9206
4112,9206
4113,9206
4411,9206
4501,9206
4502,9206
4503,9206
4504,9206
4001,9206
4016,9206
7107,9206
7218,9206
7221,9206
7222,9206
7907,9206
8465,9206
7220,9206
9209,9206
8534,9207
8541,9207
8542,9207
8518,9207
4407,9207
4408,9207
4413,9207
7409,9207
7616,9207
8533,9207
8532,9207
8536,9207
8544,9207
7408,9207
9209,9207
8540,9207
3903,9207
3926,9207
8501,9207
8504,9207
8538,9207
8479,9207
7419,9207
7403,9207
7404,9207
9033,9207
8503,9207
8543,9207
8502,9207
7223,9207
8506,9207
8507,9207
7407,9207
7326,9207
7413,9207
4409,9207
4403,9207
4412,9207
4411,9207
7405,9207
7222,9207
7218,9207
8534,9208
4403,9208
4407,9208
4413,9208
9109,9208
9114,9208
7403,9208
7408,9208
7409,9208
8465,9208
9206,9208
9209,9208
7106,9208
7107,9208
7223,9208
8001,9208
3926,9208
7405,9208
7601,9208
8479,9208
9202,9208
8543,9208
7223,9209
7403,9209
7408,9209
7409,9209
8479,9209
7218,9209
7219,9209
7404,9209
7405,9209
7411,9209
7419,9209
7106,9209
7107,9209
9202,9209
7109,9209
4017,9209
7220,9209
8001,9209
4403,9209
4407,9209
4409,9209
4412,9209
4413,9209
8465,9209
9207,9209
3926,9209
4421,9209
9205,9209
9206,9209
9033,9209
9208,9209
3908,5501
2921,5501
8444,5501
3901,5501
5402,5501
3902,5501
3903,5501
3906,5501
8477,5501
2901,5501
5502,5501
2902,5501
4702,5502
3912,5502
8444,5502
8445,5502
8445,5503
5504,5503
5505,5503
5501,5503
5502,5503
3908,5503
2921,5503
2711,5503
8444,5503
2716,5503
2901,5503
8420,5503
3901,5503
3902,5503
3906,5503
2926,5503
2902,5503
3915,5503
3903,5503
3912,5504
5505,5504
3908,5504
5502,5504
5501,5504
3908,5506
5501,5506
5503,5506
8420,5506
8444,5506
8445,5506
8446,5506
2921,5506
8419,5506
5505,5506
5502,5506
2716,5506
5509,5506
3901,5506
3903,5506
3906,5506
5507,5506
5510,5506
3902,5506
3905,5506
8451,5506
3906,5507
3908,5507
3905,5507
8420,5507
8444,5507
8445,5507
8451,5507
3912,5507
5502,5507
5506,5507
5509,5507
5505,5507
5510,5507
5408,5508
5501,5508
5502,5508
5503,5508
5504,5508
5505,5508
5506,5508
5507,5508
5512,5508
5515,5508
5516,5508
5601,5508
8444,5508
8445,5508
3809,5508
8452,5508
5911,5508
5902,5508
5609,5508
3903,5508
3908,5508
4822,5508
5606,5508
6307,5508
6205,5508
3908,5509
5402,5509
5403,5509
5501,5509
5502,5509
5503,5509
5504,5509
5505,5509
5506,5509
5507,5509
5510,5509
5512,5509
5515,5509
5516,5509
5609,5509
5902,5509
8444,5509
8445,5509
8451,5509
3204,5509
3809,5509
5911,5509
2927,5509
3915,5509
5406,5509
2921,5509
5601,5509
4822,5509
5606,5509
3403,5509
2716,5509
8420,5509
2901,5509
2926,5509
3903,5509
3906,5509
4002,5509
3902,5509
3901,5509
5403,5510
5501,5510
5502,5510
5503,5510
5504,5510
5505,5510
5506,5510
5507,5510
5509,5510
5511,5510
5512,5510
5515,5510
5516,5510
5601,5510
8444,5510
8445,5510
8451,5510
3809,5510
3204,5510
5911,5510
5406,5510
5609,5510
3912,5510
2927,5510
4822,5510
5404,5510
5606,5510
3403,5510
3903,5510
3906,5510
5501,5511
5502,5511
5503,5511
5504,5511
5505,5511
5506,5511
5507,5511
5509,5511
5510,5511
5512,5511
5515,5511
3204,5511
3809,5511
8444,5511
8445,5511
5609,5511
2716,5511
3908,5511
5601,5511
3901,5511
3906,5511
4822,5511
5606,5511
5501,5512
5503,5512
5504,5512
5505,5512
5506,5512
5507,5512
5509,5512
5510,5512
5511,5512
5515,5512
5516,5512
8420,5512
8444,5512
8445,5512
8446,5512
8448,5512
8451,5512
5401,5512
5508,5512
3809,5512
3204,5512
5902,5512
5911,5512
5606,5512
5609,5512
3901,5512
5402,5512
3905,5512
3906,5512
3908,5512
3902,5512
3903,5512
5406,5512
5503,5513
5504,5513
5505,5513
5506,5513
5507,5513
5509,5513
5510,5513
5515,5513
5516,5513
5201,5513
5202,5513
5203,5513
5601,5513
8445,5513
8420,5513
8444,5513
8446,5513
8448,5513
8451,5513
3204,5513
3809,5513
5402,5513
5511,5513
5210,5513
5401,5513
5406,5513
5508,5513
5609,5513
5204,5513
5212,5513
5911,5513
5501,5513
5502,5513
5606,5513
2927,5513
6308,5513
2809,2835
3103,2835
2510,2835
2919,2835
2813,2835
2853,2835
2811,2837
2805,2839
2815,2839
2842,2839
2528,2840
2810,2840
2805,2841
2815,2841
2811,2841
2811,2842
2616,2843
7106,2843
7108,2843
7110,2843
7112,2843
8549,2843
9030,2844
2612,2844
8401,2844
2845,2844
8401,2845
2612,2845
2844,2845
2617,2846
8514,2846
5107,5606
5108,5606
5205,5606
5206,5606
5402,5606
5403,5606
5404,5606
5405,5606
5406,5606
5501,5606
5502,5606
5503,5606
5504,5606
5505,5606
5506,5606
5507,5606
5509,5606
5510,5606
5511,5606
5609,5606
8420,5606
8444,5606
8445,5606
8447,5606
8451,5606
5101,5606
5103,5606
5104,5606
5105,5606
5111,5606
5112,5606
5201,5606
5203,5606
5301,5606
5302,5606
3203,5606
3204,5606
3206,5606
3809,5606
3403,5606
5202,5606
5102,5606
5601,5606
5001,5606
5002,5606
5003,5606
3908,5606
5605,5606
3902,5606
2927,5606
5308,5607
8445,5607
5608,5607
5609,5607
1401,5607
4601,5607
3901,5607
3902,5607
3915,5607
5501,5607
5503,5607
5506,5607
8477,5607
3926,5607
5402,5607
5404,5607
3916,5607
3925,5607
5604,5607
3908,5607
5403,5607
5502,5607
5504,5607
5505,5607
5507,5607
5509,5607
5510,5607
5511,5607
5902,5607
4002,5607
4005,5607
4008,5607
3903,5607
3904,5607
3812,5607
3905,5607
3906,5607
5903,5607
5301,5607
5302,5607
5303,5607
5305,5607
5307,5607
5310,5607
4001,5607
4003,5607
4004,5607
4006,5607
4007,5607
4016,5607
5202,5607
5206,5607
5405,5607
7312,5607
3908,5608
5501,5608
5503,5608
5506,5608
5402,5608
5509,5608
5902,5608
5502,5608
8444,5608
8445,5608
5911,5608
5504,5608
5403,5608
5505,5608
5507,5608
5510,5608
5511,5608
5512,5608
5515,5608
5516,5608
6006,5608
5406,5608
5404,5608
5405,5608
5604,5608
5605,5608
5606,5608
5609,5608
6003,5608
6310,5608
5607,5608
5906,5608
4601,5608
5303,5608
5307,5608
5308,5608
5301,5608
5302,5608
5305,5608
5310,5608
1401,5608
5004,5609
5202,5609
5205,5609
5206,5609
5207,5609
5307,5609
5308,5609
5402,5609
5403,5609
5404,5609
5405,5609
5406,5609
5408,5609
5501,5609
5502,5609
5503,5609
5504,5609
5505,5609
5506,5609
5507,5609
5509,5609
5510,5609
5511,5609
5604,5609
5605,5609
5606,5609
5607,5609
5608,5609
5902,5609
5101,5609
5105,5609
5106,5609
5107,5609
5108,5609
5201,5609
5203,5609
5102,5609
5103,5609
5104,5609
5301,5609
8444,5609
8445,5609
3403,5609
5006,5609
5109,5609
3908,5609
4007,5609
5303,5609
5302,5609
5305,5609
4822,5609
5002,5609
5306,5609
6310,5609
3902,5609
1505,5609
5110,5609
1505,5701
5101,5701
5103,5701
5104,5701
5105,5701
5106,5701
5107,5701
5108,5701
5111,5701
5112,5701
5509,5701
5510,5701
5516,5701
5602,5701
5801,5701
0501,5701
5102,5701
5109,5701
5515,5701
5609,5701
6003,5701
6006,5701
3203,5701
3204,5701
3809,5701
8445,5701
8446,5701
8447,5701
8448,5701
8451,5701
8420,5701
8449,5701
5703,5701
3403,5701
6001,5701
5705,5701
5601,5701
5606,5701
4102,5701
5201,5701
5203,5701
5402,5701
5403,5701
5407,5701
5501,5701
5502,5701
5503,5701
5504,5701
5505,5701
5506,5701
5507,5701
5511,5701
5512,5701
5202,5701
5205,5701
5206,5701
5004,5701
5005,5701
5006,5701
5110,5701
5207,5701
5307,5701
5308,5701
5401,5701
5406,5701
5508,5701
5604,5701
6005,5701
8444,5701
5802,5701
5204,5701
5306,5701
5605,5701
5902,5701
6308,5701
5301,5701
1401,5701
5302,5701
5303,5701
5310,5701
5906,5701
5003,5701
5211,5701
5514,5701
5209,5701
5309,5701
6002,5701
6004,5701
5810,5701
5113,5701
2927,5701
6307,5701
5305,5701
5111,5702
5112,5702
5308,5702
5401,5702
5402,5702
5403,5702
5407,5702
5408,5702
5501,5702
5503,5702
5504,5702
5505,5702
5508,5702
5509,5702
5510,5702
5511,5702
5512,5702
5513,5702
5515,5702
5516,5702
5801,5702
5902,5702
5004,5702
5101,5702
5103,5702
5104,5702
5105,5702
5106,5702
5107,5702
5108,5702
5113,5702
5201,5702
5202,5702
5203,5702
5206,5702
5307,5702
5309,5702
5005,5702
5006,5702
5109,5702
5110,5702
5205,5702
5207,5702
5406,5702
5605,5702
5606,5702
5609,5702
5102,5702
5602,5702
5208,5702
5212,5702
5306,5702
3204,5702
3809,5702
8444,5702
8445,5702
8446,5702
8448,5702
8451,5702
8420,5702
8449,5702
3403,5702
6308,5702
4102,5702
5209,5702
5301,5702
5302,5702
5303,5702
5305,5702
5310,5702
5810,5702
5003,5702
5210,5702
5211,5702
5514,5702
5802,5702
6307,5702
5705,5702
3203,5702
4601,5702
1401,5702
1505,5702
0501,5702
6001,5702
3908,5702
5906,5702
5002,5702
1505,5703
4102,5703
5101,5703
5103,5703
5104,5703
5105,5703
5106,5703
5107,5703
5108,5703
5111,5703
5112,5703
5510,5703
5516,5703
5602,5703
5801,5703
5102,5703
5109,5703
5509,5703
5515,5703
5609,5703
6001,5703
6003,5703
6006,5703
5705,5703
5802,5703
3203,5703
3204,5703
3809,5703
8420,5703
8444,5703
8445,5703
8446,5703
8447,5703
8448,5703
8449,5703
8451,5703
8452,5703
3403,5703
3506,5703
0501,5703
0502,5703
5601,5703
5606,5703
6308,5703
5806,5703
3908,5703
5402,5703
5407,5703
5501,5703
5503,5703
5506,5703
5902,5703
3909,5703
5911,5703
5401,5703
5403,5703
5406,5703
5408,5703
5505,5703
5507,5703
5508,5703
5511,5703
5512,5703
6005,5703
6304,5703
5404,5703
5603,5703
6307,5703
6004,5703
5502,5703
5504,5703
5604,5703
5405,5703
5210,5703
5211,5703
5513,5703
5903,5703
5906,5703
3906,5703
5605,5703
3910,5703
5810,5703
6002,5703
4304,5703
5514,5703
3903,5703
5301,5703
5302,5703
5303,5703
5305,5703
5307,5703
5308,5703
5309,5703
5310,5703
5004,5703
5202,5703
5206,5703
5306,5703
5209,5703
5212,5703
5205,5703
5003,5703
5113,5703
5203,5703
5207,5703
5204,5703
5201,5703
5005,5703
5006,5703
4601,5703
5602,5704
5603,5704
5101,5704
5103,5704
5104,5704
5105,5704
5106,5704
5108,5704
5206,5704
5308,5704
5402,5704
5403,5704
5503,5704
5504,5704
5505,5704
5506,5704
5509,5704
5510,5704
5511,5704
5512,5704
5801,5704
6001,5704
6006,5704
5110,5704
5202,5704
5301,5704
8445,5704
5911,5704
8420,5704
8444,5704
8446,5704
8449,5704
8451,5704
3203,5704
3809,5704
5705,5704
3403,5704
5902,5704
5906,5704
5303,5704
5609,5704
5207,5704
5302,5704
5305,5704
6501,5704
6308,5704
3908,5704
1505,5704
5004,5705
5006,5705
5106,5705
5107,5705
5108,5705
5109,5705
5110,5705
5204,5705
5205,5705
5206,5705
5207,5705
5307,5705
5308,5705
5401,5705
5402,5705
5403,5705
5406,5705
5407,5705
5408,5705
5501,5705
5502,5705
5503,5705
5504,5705
5505,5705
5506,5705
5507,5705
5508,5705
5509,5705
5510,5705
5511,5705
5512,5705
5515,5705
5516,5705
5604,5705
5605,5705
5606,5705
5609,5705
5801,5705
5902,5705
6003,5705
6005,5705
6006,5705
5101,5705
5103,5705
5104,5705
5105,5705
5111,5705
5112,5705
6308,5705
5301,5705
5302,5705
5303,5705
5305,5705
5310,5705
5311,5705
3908,5705
3909,5705
8420,5705
8444,5705
8445,5705
8446,5705
8447,5705
8448,5705
8449,5705
8451,5705
3204,5705
5703,5705
5904,5705
5906,5705
3905,5705
3906,5705
5102,5705
5201,5705
5203,5705
5513,5705
5601,5705
6001,5705
5001,5705
5002,5705
5003,5705
5005,5705
5202,5705
5514,5705
5802,5705
5806,5705
3809,5705
5602,5705
3910,5705
5603,5705
5704,5705
5903,5705
1505,5705
5209,5705
5210,5705
5211,5705
5212,5705
5309,5705
5809,5705
6002,5705
6004,5705
5306,5705
5701,5705
5702,5705
3203,5705
5113,5705
5810,5705
3506,5705
4102,5705
0501,5705
3403,5705
5804,5705
1505,5801
4102,5801
5101,5801
5103,5801
5104,5801
5105,5801
5106,5801
5107,5801
5516,5801
5102,5801
5108,5801
5510,5801
5109,5801
5509,5801
5515,5801
5609,5801
8420,5801
8445,5801
8446,5801
8448,5801
8451,5801
3202,5801
3203,5801
3204,5801
3809,5801
3403,5801
5601,5801
3206,5801
2927,5801
3205,5801
8213,5801
5201,5801
5202,5801
5203,5801
5205,5801
5206,5801
5207,5801
5401,5801
5508,5801
5212,5801
5514,5801
8444,5801
8447,5801
5513,5801
5406,5801
5606,5801
5402,5801
5403,5801
5407,5801
5408,5801
5501,5801
5502,5801
5503,5801
5504,5801
5505,5801
5506,5801
5507,5801
5511,5801
5512,5801
5604,5801
5605,5801
3902,5801
5404,5801
5405,5801
5902,5801
5911,5801
3908,5801
3909,5801
5210,5801
5211,5801
4304,5801
3901,5801
3903,5801
3905,5801
3912,5801
5004,5801
5110,5801
5308,5801
5306,5801
5003,5801
5301,5801
5005,5801
5006,5801
5303,5801
5302,5801
5305,5801
5001,5801
5002,5801
5201,5802
5202,5802
5203,5802
5204,5802
5205,5802
5206,5802
5207,5802
5208,5802
5209,5802
5509,5802
5510,5802
5516,5802
5601,5802
5212,5802
5401,5802
5508,5802
5609,5802
3204,5802
8420,5802
8444,5802
8445,5802
8446,5802
8447,5802
8451,5802
3809,5802
3403,5802
3203,5802
3206,5802
5004,5802
5106,5802
5107,5802
5108,5802
5306,5802
5307,5802
5308,5802
5402,5802
5403,5802
5404,5802
5406,5802
5501,5802
5502,5802
5503,5802
5504,5802
5505,5802
5506,5802
5507,5802
5511,5802
5512,5802
5515,5802
5604,5802
5605,5802
5606,5802
5902,5802
6001,5802
5103,5802
5104,5802
5105,5802
5109,5802
5110,5802
5911,5802
5211,5802
5005,5802
5006,5802
5101,5802
5003,5802
5102,5802
5301,5802
5303,5802
5305,5802
5302,5802
5001,5802
5002,5802
3205,5802
3902,5802
3908,5802
5906,5802
3905,5802
3906,5802
3912,5802
5106,5803
5107,5803
5108,5803
5201,5803
5202,5803
5203,5803
5205,5803
5206,5803
5504,5803
5506,5803
5507,5803
5510,5803
5516,5803
5004,5803
5111,5803
5112,5803
5301,5803
5308,5803
5402,5803
5403,5803
5407,5803
5408,5803
5501,5803
5502,5803
5503,5803
5505,5803
5508,5803
5509,5803
5511,5803
5512,5803
5513,5803
5515,5803
5601,5803
6001,5803
6005,5803
6006,5803
8420,5803
8444,5803
8445,5803
8446,5803
8447,5803
8451,5803
5006,5803
5207,5803
5406,5803
5208,5803
5210,5803
5212,5803
5307,5803
5309,5803
6003,5803
5005,5803
5605,5803
5606,5803
3809,5803
5902,5803
5911,5803
5310,5803
5306,5803
5404,5803
5405,5803
5303,5803
5003,5803
5603,5803
5402,5804
5403,5804
5408,5804
5501,5804
5502,5804
5503,5804
5504,5804
5505,5804
5506,5804
5509,5804
5510,5804
5511,5804
5004,5804
5406,5804
5201,5804
5202,5804
5902,5804
8444,5804
8445,5804
8447,5804
8451,5804
3809,5804
5005,5804
5006,5804
5404,5804
3908,5804
5606,5804
5405,5804
3901,5804
3906,5804
5001,5804
5002,5804
5401,5804
5508,5804
8446,5804
8420,5804
3301,3307
3805,3307
2207,3307
2905,3307
2906,3307
3302,3307
1520,3307
2907,3307
3203,3307
3204,3307
3923,3307
7010,3307
8424,3307
2909,3307
3303,3307
2901,3307
2902,3307
2904,3307
2913,3307
2942,3307
2914,3307
3205,3307
1301,3307
3806,3307
1505,3307
3803,3307
2923,3307
3402,3307
1504,3401
1513,3401
1515,3401
1516,3401
1804,3401
2915,3401
2815,3401
2839,3401
1520,3401
2905,3401
3204,3401
1203,3401
1207,3401
1511,3401
1509,3401
1510,3401
3301,3401
2501,3401
4819,3401
1506,3401
1507,3401
1508,3401
1512,3401
1514,3401
1518,3401
2306,3401
2709,3401
2840,3401
2526,3401
3805,3401
4811,3401
1501,3401
1502,3401
1503,3401
1521,3401
3803,3401
3404,3401
2942,3401
4803,3401
2907,3401
3806,3401
5602,3401
5603,3401
0209,3401
1505,3401
2802,3401
1522,3401
3203,3401
2940,3401
2707,3402
2904,3402
2942,3402
2815,3402
3817,3402
1520,3402
3803,3402
2905,3402
2907,3402
2908,3402
2919,3402
2922,3402
2921,3402
2923,3402
2814,3402
1511,3402
1518,3402
3912,3402
2918,3402
2906,3402
1513,3402
2913,3402
3805,3402
2847,3402
3806,3402
1505,3402
2707,3403
2709,3403
2713,3403
3811,3403
1509,3403
1511,3403
1513,3403
1514,3403
1515,3403
2902,3403
2904,3403
2711,3403
3301,3403
3803,3403
3404,3403
2905,3403
1521,3403
2712,3403
3817,3403
2930,3403
1505,3403
2901,3403
3910,3403
1520,3403
1504,3403
1506,3403
1508,3403
1512,3403
1516,3403
1518,3403
3806,3403
3826,3403
2919,3403
2907,3403
1507,3403
8446,3403
2923,3403
3911,3403
2942,3403
2921,3403
3913,3403
3902,3403
2914,3403
2504,3403
3801,3403
2712,3404
2707,3404
2710,3404
2901,3404
3402,3405
3204,3405
3206,3405
3210,3405
3814,3405
1521,3405
2712,3405
3404,3405
3202,3405
2909,3405
1520,3405
2905,3405
3203,3405
3906,3405
3907,3405
3909,3405
3912,3405
1301,3405
2707,3405
2906,3405
3301,3405
3805,3405
3806,3405
3911,3405
3913,3405
2923,3405
3401,3405
2907,3405
1511,3405
1515,3405
3403,3405
2823,3405
2507,3405
4104,3405
4106,3405
4113,3405
3803,3405
2904,3405
2913,3405
2513,3405
6805,3405
4001,3405
3902,3405
3910,3405
2902,3405
2912,3405
3817,3405
1503,3405
1506,3405
1507,3405
1508,3405
1512,3405
1513,3405
1514,3405
1516,3405
1518,3405
2710,3405
1501,3405
1502,3405
1505,3405
1522,3405
2713,3405
2915,3405
2819,3405
2821,3405
0502,3405
2914,3405
2916,3405
3901,3405
3903,3405
3905,3405
2818,3405
4811,3405
3205,3405
4002,3405
1302,3405
2920,3405
3212,3405
1509,3405
2207,3405
2901,3405
2908,3405
2910,3405
2833,3405
2839,3405
2815,3405
2836,3405
1108,3405
3505,3405
3506,3405
8424,3405
3807,3405
3208,3405
3209,3405
2505,3405
2709,3405
2840,3405
2506,3405
3211,3405
2835,3405
5603,3405
2849,3405
4004,3405
2817,3405
7903,3405
3926,3405
2830,3405
2842,3405
2529,3405
2942,3405
3201,3405
2917,3405
2530,3405
1521,3406
2712,3406
3404,3406
2915,3406
5908,3406
1506,3406
1511,3406
1513,3406
1515,3406
1516,3406
3301,3406
3805,3406
1512,3406
1514,3406
1510,3406
2709,3406
1503,3406
2712,3407
3404,3407
1301,3407
3806,3407
3913,3407
4001,3407
1505,3407
1521,3407
3905,3407
3906,3407
3909,3407
3910,3407
3926,3407
8477,3407
9018,3407
3912,3407
2507,3407
3505,3407
3506,3407
1108,3407
2526,3407
0401,3501
0402,3501
0406,3501
0404,3502
0504,3503
0511,3503
4101,3503
4102,3503
4103,3503
0506,3503
0410,3503
1502,3503
3202,3503
0511,3504
4101,3504
4102,3504
4103,3504
4104,3504
3507,3504
4105,3504
2922,3504
0410,3504
0506,3504
1108,3505
0714,3505
1005,3505
8419,3505
1103,3505
1104,3505
2303,3505
1001,3505
1007,3505
1003,3505
1006,3505
3506,3505
1903,3505
3911,3506
4001,3506
4002,3506
4004,3506
3901,3506
3902,3506
3903,3506
3904,3506
3905,3506
3906,3506
3907,3506
3909,3506
3912,3506
3913,3506
3915,3506
3908,3506
4702,3506
3501,3506
3503,3506
0506,3506
1108,3506
3505,3506
2910,3506
3910,3506
1301,3506
3805,3506
3806,3506
2912,3506
2917,3506
2904,3506
2942,3506
1302,3506
3807,3506
2905,3506
3404,3506
2707,3506
2906,3506
2926,3506
4703,3506
4704,3506
3803,3506
2929,3506
1505,3506
1521,3506
3201,3506
2901,3506
2902,3506
3926,3506
8477,3506
3815,3506
2839,3506
2907,3506
2908,3506
2815,3506
1520,3506
3817,3506
2934,3507
2834,3601
2808,3601
2814,3601
2825,3601
2807,3601
2707,3601
2902,3601
2804,3601
2504,3601
7603,3601
7903,3601
2904,3601
2503,3601
3603,3601
3604,3601
7406,3601
7504,3601
7804,3601
2829,3601
2502,3601
8110,3601
2807,3602
2808,3602
2814,3602
2834,3602
3102,3602
3601,3602
3603,3602
7603,3602
2904,3602
2825,3602
2829,3602
7804,3602
7903,3602
2503,3602
2813,3602
2707,3602
2902,3602
2921,3602
2617,3602
8110,3602
2928,3602
3601,3603
3602,3603
3604,3603
7408,3603
8544,3603
8543,3603
7419,3603
2829,3603
7405,3603
2834,3603
7413,3603
2808,3603
2811,3603
2830,3603
2841,3603
7804,3603
7901,3603
2807,3603
2503,3603
2813,3603
2904,3603
2930,3603
8001,3603
9306,3603
7403,3603
7903,3603
7907,3603
7406,3603
8110,3603
7801,3603
2825,3603
2607,3603
7802,3603
7806,3603
2824,3603
9301,3603
8007,3603
2827,3603
8105,3603
2504,3603
2833,3603
3910,3603
7603,3603
8112,3603
2849,3603
8534,3603
8103,3603
8506,3603
2808,3604
2829,3604
2834,3604
2503,3604
2802,3604
2813,3604
2825,3604
7603,3604
7903,3604
2827,3604
8104,3604
2816,3604
2833,3604
3601,3604
2812,3604
2841,3604
2842,3604
3603,3604
3204,3604
3206,3604
3602,3604
2811,3604
2804,3604
8110,3604
2801,3604
2805,3604
2810,3604
2817,3604
2846,3604
7804,3604
7901,3604
7907,3604
7406,3604
2819,3604
7801,3604
2528,3604
2823,3604
4401,3605
4405,3605
2712,3605
2503,3605
4701,3605
4823,3605
1521,3605
3404,3605
3204,3605
3912,3701
3920,3701
2843,3701
3702,3701
3707,3701
9010,3701
3204,3701
3206,3701
3906,3701
7106,3701
2843,3702
9010,3702
3707,3702
3701,3702
3920,3702
3204,3702
2927,3702
2701,6810
2511,6810
2518,6810
2524,6811
6812,6811
2523,6811
6810,6811
8464,6811
3912,6811
4702,6811
4703,6811
2521,6811
3816,6811
5504,6811
8420,6811
6815,6811
2509,6811
6808,6811
2524,6812
2524,6813
6811,6813
6812,6813
3909,6813
3911,6813
4002,6813
4003,6813
4005,6813
4008,6813
8420,6813
3812,6813
8477,6813
3506,6813
2803,6813
3801,6813
8460,6813
2513,6813
6805,6813
5602,6813
5603,6813
7406,6813
7504,6813
2708,6813
2849,6813
2817,6813
7903,6813
8708,6813
2820,6813
2530,6813
6815,6813
3912,6813
4702,6813
4703,6813
4704,6813
4706,6813
4823,6813
4016,6813
2504,6813
4818,6813
3403,6813
2525,6813
4701,6813
4705,6813
4707,6813
4804,6813
4805,6813
4806,6813
4807,6813
4811,6813
4812,6813
5906,6813
2508,6813
2506,6813
2526,6813
2525,6814
4811,6814
2504,6815
2703,6815
8474,6815
8456,6815
8464,6815
8430,6815
2530,6815
2505,6901
2512,6901
6907,6901
8417,6901
8514,6901
8474,6901
8464,6901
2529,6901
2839,6901
2519,6902
2816,6902
2522,6902
2610,6902
2819,6902
2508,6902
2518,6902
6903,6902
3816,6902
6815,6902
8104,6902
2713,6902
8417,6902
8514,6902
8474,6902
2530,6902
8464,6902
2529,6902
2526,6902
2818,6902
2505,6902
2839,6902
2507,6902
2849,6902
2506,6902
2511,6902
2504,6902
2602,6902
2615,6902
8109,6902
3824,6902
2842,6902
2803,6902
2823,6902
2528,6902
2810,6902
2618,6902
2803,6903
2504,6903
2849,6903
6815,6903
2508,6903
3816,6903
6902,6903
3824,6903
8417,6903
8514,6903
2704,6903
8474,6903
2506,6903
2507,6903
2818,6903
2811,6903
2519,6903
6907,6903
2529,6903
2615,6903
2823,6903
8109,6903
8464,6903
2819,6903
2518,6903
2511,6903
2820,6903
2821,6903
2810,6903
2840,6903
6909,6903
6914,6903
2507,6904
2508,6904
2529,6904
2839,6904
2505,6904
2506,6904
2523,6904
3816,6904
6903,6904
8417,6904
8514,6904
8474,6904
3207,6904
6901,6904
8420,6904
8464,6904
2512,6904
2525,6904
6907,6904
8419,6904
2823,6904
2511,6904
2816,6904
2821,6904
2520,6904
2818,6904
2840,6904
2521,6904
2522,6904
2530,6904
6815,6904
2517,6904
2819,6904
8109,6904
2510,6904
2519,6904
6806,6904
6905,6904
2513,6904
3506,6904
2518,6904
2507,6905
2508,6905
2523,6905
6901,6905
3207,6905
6907,6905
8514,6905
2823,6905
8464,6905
8474,6905
2505,6905
2839,6905
2529,6905
3816,6905
6903,6905
2821,6905
2512,6905
2520,6905
2511,6905
6904,6905
6914,6905
2519,6905
2518,6905
2526,6905
2522,6905
2819,6905
6906,6905
2508,6906
6901,6906
6903,6906
8417,6906
3207,6906
6907,6906
8474,6906
8464,6906
2821,6906
2823,6906
3816,6906
2507,6906
2529,6906
2505,6906
2506,6906
2526,6906
2512,6906
2523,6906
2519,6906
2818,6906
8109,6906
2511,6906
2839,6906
2849,6906
2816,6906
2520,6906
8420,6906
2530,6906
2840,6906
2842,6906
6904,6906
8514,6906
8419,6906
2507,6907
2508,6907
2505,6907
2506,6907
2839,6907
2529,6907
3206,6907
3207,6907
8417,6907
8514,6907
8464,6907
8474,6907
2818,6907
6903,6907
2510,6907
2519,6907
8419,6907
2511,6907
2816,6907
8109,6907
2819,6907
6804,6907
4908,6907
2820,6907
2821,6907
2823,6907
2849,6907
6901,6907
6905,6907
2518,6907
2840,6907
3816,6907
6904,6907
2817,6907
8420,6907
8456,6907
3506,6907
2513,6907
2523,6907
2530,6907
2520,6907
6815,6907
6914,6907
2618,6907
2526,6907
2846,6907
2515,6907
2525,6907
3211,6907
2822,6907
6809,6907
2507,6909
2508,6909
2529,6909
2839,6909
2505,6909
2506,6909
8417,6909
8419,6909
8514,6909
8109,6909
3207,6909
6907,6909
6903,6909
8464,6909
8474,6909
2518,6909
3206,6909
6914,6909
2519,6909
2511,6909
2816,6909
2823,6909
2840,6909
2525,6909
2526,6909
2810,6909
2818,6909
6901,6909
6815,6909
8456,6909
2819,6909
2822,6909
2817,6909
2842,6909
2820,6909
2520,6909
2512,6909
2528,6909
3207,6910
6907,6910
2507,6910
2508,6910
2529,6910
8474,6910
6903,6910
8417,6910
3206,6910
8464,6910
8419,6910
8514,6910
8456,6910
6805,6910
4908,6910
8479,6910
2823,6910
2518,6910
2523,6910
2519,6910
6914,6910
2526,6910
2530,6910
6815,6910
2839,6910
2525,6910
6901,6910
6904,6910
2505,6910
2819,6910
2520,6910
3816,6910
8420,6910
6906,6910
2818,6910
2511,6910
2512,6910
6804,6910
6912,6910
8481,6910
8109,6910
6914,6911
3207,6911
2507,6911
2508,6911
2529,6911
8464,6911
4908,6911
6913,6911
2507,6912
2508,6912
2505,6912
2529,6912
2839,6912
3207,6912
3206,6912
8417,6912
8514,6912
8464,6912
2823,6912
6903,6912
4908,6912
6815,6912
6901,6912
6907,6912
2818,6912
2819,6912
2821,6912
2520,6912
2510,6912
2519,6912
2528,6912
2810,6912
2840,6912
2511,6912
2816,6912
8420,6912
6914,6912
2507,6913
2508,6913
3207,6913
6907,6913
8417,6913
4908,6913
8474,6913
8464,6913
3206,6913
8514,6913
2505,6913
2529,6913
6914,6913
2518,6913
8419,6913
2511,6913
6901,6913
6903,6913
6912,6913
6909,6914
6911,6914
2529,6914
2507,6914
2508,6914
2505,6914
2506,6914
3206,6914
3207,6914
6907,6914
8464,6914
8474,6914
2519,6914
2821,6914
8109,6914
2811,6914
8419,6914
2520,6914
6903,6914
2810,6914
2823,6914
2840,6914
8417,6914
8514,6914
2816,6914
2817,6914
2820,6914
2842,6914
2839,6914
2849,6914
2525,6914
2518,6914
4908,6914
2511,6914
6913,6914
3803,3824
2942,3824
2902,3824
2811,3824
2916,3824
2815,3824
2806,3824
3815,3824
2807,3824
2707,3824
2908,3824
2923,3824
2909,3824
2711,3824
2905,3824
2931,3824
2712,3824
2710,3824
2713,3824
2809,3824
2835,3824
2919,3824
2814,3824
2917,3824
2912,3824
2915,3824
1520,3824
2825,3824
2907,3824
2918,3824
2926,3824
2929,3824
2930,3824
2840,3824
2842,3824
3903,3824
3905,3824
3909,3824
3912,3824
2819,3824
2820,3824
2830,3824
3911,3824
3823,3824
2808,3824
2910,3824
2911,3824
2924,3824
2927,3824
3805,3824
2810,3824
2839,3824
2847,3824
3301,3824
3817,3824
2921,3824
1301,3824
8417,3825
8421,3825
8413,3825
7309,3825
7310,3825
1201,3826
1207,3826
1208,3826
1504,3826
1506,3826
1507,3826
1508,3826
1509,3826
1510,3826
1511,3826
1512,3826
1513,3826
1514,3826
1515,3826
1516,3826
1518,3826
2304,3826
1501,3826
1502,3826
1503,3826
2306,3826
3803,3826
3815,3826
1520,3826
8413,3826
7309,3826
7310,3826
1205,3826
1206,3826
1204,3826
1203,3826
7612,3826
2903,3827
2801,3827
2812,3827
7311,3827
2711,3901
2901,3901
3815,3901
2716,3901
2709,3901
2711,3902
2901,3902
3815,3902
2707,3903
3815,3903
2716,3903
8420,3903
2903,3904
2801,3904
2806,3904
2711,3904
3815,3904
8477,3904
2827,3904
8420,3904
2812,3904
2815,3904
3926,3904
3827,3904
2905,3904
3815,3905
8477,3905
8412,8425
7308,8425
8501,8425
7318,8425
7616,8425
8482,8425
8483,8425
8503,8425
7206,8425
7207,8425
7216,8425
7218,8425
7219,8425
7220,8425
7222,8425
7223,8425
7224,8425
7225,8425
7226,8425
7228,8425
7229,8425
7306,8425
7315,8425
7325,8425
7326,8425
8467,8425
7305,8425
7208,8425
7209,8425
7210,8425
7211,8425
7212,8425
7606,8425
8479,8425
7214,8425
7215,8425
7217,8425
7221,8425
7227,8425
7405,8425
7407,8425
7601,8425
7604,8425
7605,8425
7608,8425
7409,8425
7320,8425
7213,8425
8431,8425
7312,8425
3926,8425
7408,8425
8428,8425
7419,8425
7316,8425
7614,8425
7204,8426
7205,8426
7206,8426
7207,8426
7214,8426
7215,8426
7216,8426
7217,8426
7218,8426
7219,8426
7222,8426
7224,8426
7225,8426
7226,8426
7227,8426
7228,8426
7229,8426
7304,8426
7325,8426
7403,8426
7601,8426
7604,8426
8412,8426
8501,8426
8503,8426
8543,8426
7223,8426
7312,8426
7326,8426
8483,8426
8482,8426
8425,8426
7301,8426
7303,8426
7306,8426
7307,8426
7308,8426
7315,8426
7318,8426
7610,8426
8455,8426
8431,8426
8479,8426
7616,8426
7208,8426
7209,8426
7210,8426
7211,8426
7212,8426
7213,8426
7220,8426
7221,8426
7904,8426
8505,8426
7408,8426
7614,8426
7305,8426
7316,8426
7606,8426
7320,8426
9032,8426
3819,8426
8407,8426
8408,8426
4007,8426
7405,8426
7407,8426
7502,8426
7605,8426
7608,8426
8473,8426
7413,8426
8705,8426
7411,8426
5607,8426
8544,8426
7409,8426
8311,8426
7203,8426
7609,8426
7505,8426
7602,8426
7419,8426
8502,8426
7404,8426
7901,8426
8501,8427
8503,8427
8543,8427
8506,8427
8507,8427
7206,8427
7207,8427
7208,8427
7209,8427
7210,8427
7213,8427
7214,8427
7216,8427
7218,8427
7219,8427
7220,8427
7221,8427
7222,8427
7224,8427
7225,8427
7226,8427
7228,8427
7229,8427
7304,8427
7604,8427
4011,8427
8425,8427
8428,8427
8483,8427
8708,8427
8482,8427
7211,8427
7212,8427
4010,8427
7301,8427
7306,8427
7308,8427
7610,8427
7325,8427
7326,8427
7601,8427
8412,8427
8479,8427
7408,8427
7318,8427
8431,8427
3926,8427
7606,8427
7315,8427
7305,8427
7217,8427
7409,8427
8473,8427
9033,8427
7320,8427
8407,8427
8511,8427
8408,8427
7215,8427
7227,8427
7223,8427
7204,8427
7312,8427
7616,8427
8505,8427
7207,8428
7208,8428
7209,8428
7213,8428
7214,8428
7215,8428
7217,8428
7218,8428
7219,8428
7221,8428
7222,8428
7225,8428
7226,8428
7227,8428
7228,8428
7229,8428
8412,8428
8501,8428
8503,8428
8543,8428
8425,8428
8483,8428
8482,8428
7413,8428
8413,8428
8431,8428
5607,8428
7223,8428
7312,8428
7326,8428
7403,8428
7408,8428
7614,8428
8479,8428
7210,8428
7212,8428
7409,8428
7506,8428
7601,8428
7604,8428
7605,8428
7606,8428
7608,8428
7610,8428
7616,8428
7905,8428
3925,8428
4009,8428
7609,8428
8307,8428
7318,8428
7415,8428
8426,8428
4002,8428
4007,8428
4016,8428
4017,8428
5910,8428
8407,8428
7206,8428
7211,8428
7216,8428
7220,8428
7224,8428
7304,8428
7305,8428
7306,8428
3819,8428
7602,8428
7603,8428
7308,8428
7325,8428
8473,8428
9032,8428
7315,8428
8504,8428
7407,8428
7505,8428
7419,8428
8505,8428
4010,8428
8467,8428
2716,8428
4008,8428
4011,8428
7320,8428
3926,8428
7316,8428
7404,8428
7502,8428
8466,8428
4005,8428
4006,8428
3920,8428
4003,8428
3901,8428
7412,8428
3904,8428
9033,8428
8507,8428
8427,8428
8408,8428
7206,8429
7207,8429
7208,8429
7209,8429
7210,8429
7211,8429
7212,8429
7213,8429
7214,8429
7216,8429
7218,8429
7219,8429
7220,8429
7221,8429
7222,8429
7225,8429
7226,8429
7227,8429
7228,8429
4011,8429
4012,8429
4013,8429
8407,8429
8408,8429
8409,8429
8412,8429
8706,8429
8708,8429
8483,8429
7204,8429
7205,8429
7215,8429
7217,8429
7223,8429
7224,8429
7229,8429
7301,8429
7304,8429
7306,8429
7307,8429
7308,8429
7312,8429
7315,8429
7318,8429
7320,8429
7325,8429
7326,8429
8430,8429
8431,8429
8473,8429
8479,8429
8487,8429
8501,8429
8503,8429
8482,8429
2710,8429
3403,8429
3811,8429
3819,8429
7606,8429
8455,8429
8515,8429
7201,8429
7601,8429
7901,8429
4007,8429
4008,8429
4009,8429
4010,8429
7305,8429
7407,8429
7505,8429
7602,8429
7604,8429
7605,8429
7609,8429
7610,8429
7616,8429
7303,8429
8502,8429
4016,8429
8484,8429
8505,8429
8511,8429
4002,8429
4003,8429
4005,8429
8507,8429
9032,8429
8707,8429
8466,8429
7608,8429
7409,8429
7403,8429
7502,8429
7412,8429
8207,8429
8457,8429
8460,8429
8461,8429
8463,8429
7905,8429
9033,8429
7408,8429
7614,8429
8209,8429
7411,8429
8467,8429
8204,8429
7419,8429
6813,8429
8462,8429
8425,8429
3917,8429
7904,8429
8003,8429
8102,8429
7507,8429
7506,8429
7202,8429
7405,8429
3925,8429
3926,8429
7206,8430
7207,8430
7208,8430
7209,8430
7210,8430
7211,8430
7212,8430
7213,8430
7214,8430
7215,8430
7216,8430
7217,8430
7218,8430
7219,8430
7220,8430
7221,8430
7222,8430
7224,8430
7225,8430
7226,8430
7227,8430
7228,8430
7229,8430
7304,8430
7312,8430
7326,8430
8412,8430
8407,8430
8408,8430
8482,8430
8483,8430
7223,8430
7301,8430
7305,8430
7306,8430
7307,8430
7308,8430
7318,8430
7325,8430
8307,8430
7610,8430
8501,8430
8502,8430
8503,8430
7413,8430
8479,8430
4008,8430
4009,8430
4016,8430
7315,8430
7320,8430
7616,8430
8207,8430
8467,8430
7409,8430
7606,8430
7316,8430
7604,8430
9032,8430
8419,8430
8431,8430
8473,8430
8208,8430
8209,8430
4011,8430
7408,8430
7614,8430
7403,8430
8425,8430
7407,8430
8101,8430
8505,8430
7419,8430
8511,8430
8484,8430
4012,8430
8466,8430
3926,8430
8429,8430
2849,8430
8102,8430
8487,8430
4010,8430
8701,8430
7507,8430
7608,8430
7609,8430
2710,8430
8705,8430
8474,8430
3819,8430
3917,8430
7203,8430
5910,8430
2709,8430
7202,8431
7204,8431
7205,8431
7206,8431
7207,8431
7210,8431
7214,8431
7215,8431
7216,8431
7217,8431
7218,8431
7219,8431
7220,8431
7221,8431
7222,8431
7223,8431
7224,8431
7225,8431
7226,8431
7227,8431
7228,8431
7229,8431
7306,8431
7325,8431
7326,8431
7405,8431
7407,8431
7502,8431
7505,8431
7601,8431
7604,8431
7605,8431
7608,8431
7901,8431
8455,8431
7318,8431
7320,8431
7415,8431
7616,8431
7403,8431
7602,8431
7606,8431
8482,8431
8483,8431
8505,8431
3926,8431
7404,8431
7408,8431
7409,8431
7410,8431
7411,8431
7419,8431
4010,8431
8462,8431
8456,8431
8457,8431
8458,8431
8459,8431
8460,8431
8461,8431
8463,8431
8207,8431
8208,8431
8479,8431
8515,8431
8454,8431
8419,8431
7208,8431
7209,8431
7211,8431
7213,8431
8102,8431
7212,8431
7506,8431
7508,8431
8101,8431
7201,8431
7315,8431
8484,8431
8422,8431
8477,8431
8209,8431
8430,8431
3403,8431
8425,8431
8428,8431
7305,8431
9033,8431
8504,8431
8487,8431
8534,8431
3810,8431
8311,8431
7603,8431
8447,8431
3819,8431
8502,8431
8421,8431
7406,8431
8113,8431
8426,8431
7503,8431
8108,8431
8112,8431
8532,8431
8474,8431
7504,8431
8429,8431
7203,8431
2849,8431
8407,8431
8408,8431
7206,8432
7207,8432
7214,8432
7215,8432
7216,8432
7217,8432
7218,8432
7219,8432
7220,8432
7221,8432
7222,8432
7223,8432
7227,8432
7304,8432
7306,8432
7314,8432
7325,8432
7326,8432
7604,8432
7318,8432
8482,8432
7320,8432
8701,8432
8208,8432
8467,8432
7208,8432
7211,8432
7209,8432
7210,8432
8207,8432
8209,8432
7212,8432
7305,8432
7315,8432
8431,8432
8466,8432
8473,8432
8419,8432
8479,8432
4008,8432
3403,8432
7601,8432
7616,8432
8483,8432
3925,8432
3926,8432
8487,8432
8477,8432
4011,8432
8503,8432
8465,8432
8430,8432
9032,8432
8412,8432
8501,8432
4010,8432
8420,8432
8455,8432
4006,8432
4009,8432
5910,8432
7407,8432
8407,8433
8412,8433
8208,8433
8211,8433
8483,8433
8501,8433
8482,8433
8408,8433
8503,8433
7206,8433
7207,8433
7208,8433
7214,8433
7215,8433
7216,8433
7218,8433
7219,8433
7221,8433
7222,8433
7225,8433
7227,8433
7228,8433
7229,8433
7304,8433
7306,8433
7326,8433
7318,8433
7616,8433
4010,8433
8431,8433
8209,8433
8479,8433
7209,8433
7210,8433
7211,8433
7212,8433
7217,8433
7220,8433
7312,8433
3926,8433
7223,8433
7308,8433
7315,8433
7325,8433
7606,8433
8466,8433
8473,8433
8207,8433
7301,8433
8419,8433
8701,8433
7305,8433
8467,8433
8487,8433
9033,8433
5910,8433
4009,8433
8307,8433
5607,8433
2805,2846
2804,2847
2611,2849
8101,2849
2804,2850
2810,2850
8514,2850
2840,2850
2808,2850
2528,2850
2805,2852
2709,2901
2711,2901
2707,2901
2707,2902
2710,2902
2711,2902
2709,2902
2706,2902
2801,2903
2901,2903
2812,2903
2711,2903
2827,2903
3827,2903
2902,2903
2615,8109
8514,8109
2617,8110
2602,8111
8417,8112
8514,8112
8549,8112
2610,8112
2819,8112
2615,8112
8454,8112
2611,8113
7202,8113
8101,8113
8108,8113
2823,8113
2849,8113
3824,8113
2605,8113
2822,8113
7406,8113
7504,8113
8105,8113
2604,8113
7501,8113
7502,8113
7503,8113
2610,8113
2819,8113
8112,8113
8102,8113
8417,8113
8514,8113
8474,8113
2846,8113
2810,8113
2818,8113
2811,8113
8456,8113
8463,8113
7110,8113
8109,8113
7506,8113
7508,8113
2614,8113
2613,8113
7903,8113
8209,8113
2850,8113
7603,8113
8480,8113
8460,8113
6903,8113
2504,8113
2615,8113
2601,8113
7802,8113
7902,8113
8002,8113
8104,8113
8110,8113
2507,8113
2508,8113
6815,8113
7206,8201
7207,8201
7208,8201
7209,8201
7210,8201
7211,8201
7212,8201
7213,8201
7214,8201
7215,8201
7216,8201
7217,8201
7218,8201
7219,8201
7220,8201
7221,8201
7222,8201
7224,8201
7225,8201
7226,8201
7227,8201
7228,8201
7229,8201
7306,8201
7326,8201
7601,8201
7604,8201
4403,8201
4404,8201
4413,8201
4417,8201
7223,8201
7325,8201
4017,8201
8205,8201
8209,8201
7407,8201
7205,8201
4421,8201
7320,8201
7616,8201
7201,8201
7419,8201
7403,8201
7204,8201
2513,8201
6805,8201
7405,8201
2849,8201
7203,8201
4407,8201
8211,8201
8206,8201
8113,8201
7904,8201
7206,8202
7207,8202
7211,8202
7213,8202
7214,8202
7215,8202
7217,8202
7218,8202
7220,8202
7221,8202
7222,8202
7223,8202
7224,8202
7227,8202
7229,8202
7325,8202
7326,8202
8209,8202
2513,8202
6805,8202
7219,8202
7225,8202
7226,8202
7208,8202
7209,8202
7212,8202
8101,8202
2849,8202
7315,8202
7203,8202
8113,8202
8206,8202
7204,8203
7207,8203
7209,8203
7213,8203
7214,8203
7215,8203
7217,8203
7218,8203
7219,8203
7220,8203
7221,8203
7222,8203
7223,8203
7225,8203
7226,8203
7227,8203
7228,8203
7229,8203
2513,8203
2849,8203
6805,8203
7325,8203
7326,8203
8209,8203
7224,8203
8101,8203
8102,8203
7205,8203
7206,8203
7216,8203
7407,8203
8455,8203
7203,8203
8206,8203
7208,8203
7211,8203
7210,8203
7212,8203
7403,8203
7504,8203
7508,8203
8112,8203
8113,8203
7605,8203
7606,8203
7505,8203
7306,8203
7904,8203
7604,8203
7315,8203
7408,8203
8003,8203
7608,8203
7616,8203
7107,8203
7405,8203
7404,8203
8207,8203
7506,8203
2611,8203
8108,8203
8213,8203
7409,8203
7411,8203
7419,8203
7206,8204
7207,8204
7208,8204
7209,8204
7211,8204
7213,8204
7214,8204
7215,8204
7217,8204
7218,8204
7219,8204
7220,8204
7221,8204
7222,8204
7224,8204
7226,8204
7227,8204
7228,8204
7229,8204
7326,8204
7212,8204
7216,8204
7325,8204
8209,8204
7210,8204
7223,8204
7225,8204
7419,8204
7407,8204
8206,8204
7604,8204
7616,8204
7405,8204
7403,8204
7404,8204
7206,8205
7207,8205
7208,8205
7209,8205
7211,8205
7213,8205
7214,8205
7215,8205
7217,8205
7218,8205
7219,8205
7220,8205
7221,8205
7222,8205
7224,8205
7226,8205
7227,8205
7228,8205
7229,8205
7407,8205
7505,8205
7325,8205
7326,8205
2849,8205
8101,8205
8113,8205
8209,8205
7210,8205
7212,8205
7225,8205
6804,8205
7223,8205
2611,8205
7504,8205
7406,8205
8206,8205
7204,8205
7216,8205
7403,8205
7203,8205
7404,8205
6805,8205
8203,8205
2513,8205
7616,8205
7419,8205
7604,8205
7602,8205
7405,8205
7206,8206
7207,8206
7215,8206
7217,8206
7218,8206
7219,8206
7220,8206
7221,8206
7222,8206
7224,8206
7229,8206
8205,8206
8203,8206
2513,8206
2849,8206
8209,8206
8204,8206
8201,8206
7223,8206
7325,8206
7326,8206
8113,8207
8209,8207
8463,8207
7218,8207
7224,8207
7228,8207
2611,8207
7205,8207
8101,8207
8103,8207
7504,8207
8105,8207
2849,8207
8112,8207
8102,8207
6804,8207
3801,8207
8467,8207
7223,8207
2614,8207
2513,8207
6805,8207
2818,8207
7213,8207
7214,8207
7215,8207
7221,8207
7222,8207
7225,8207
7226,8207
7227,8207
7202,8207
8108,8207
7204,8207
7206,8207
7207,8207
7217,8207
7219,8207
7220,8207
7229,8207
7326,8207
7407,8207
7505,8207
7604,8207
7904,8207
8459,8207
8466,8207
7406,8207
7209,8207
7211,8207
7306,8207
7208,8207
7403,8207
7601,8207
7901,8207
7325,8207
7201,8207
8479,8207
2613,8207
7502,8207
7503,8207
7419,8207
7405,8207
7603,8207
7216,8207
8001,8207
2605,8207
2504,8207
8455,8207
8457,8207
8458,8207
8462,8207
7608,8207
7210,8207
7212,8207
7506,8207
7606,8207
7905,8207
7404,8207
7602,8207
8002,8207
2606,8207
7616,8207
2603,8207
7409,8207
2601,8207
7203,8207
2610,8207
8204,8207
8203,8207
7320,8207
9033,8207
7508,8207
8482,8207
8206,8207
2604,8207
4407,4412
4408,4412
4409,4412
4413,4412
3909,4412
4401,4412
4403,4412
4405,4412
4418,4412
8465,4412
3506,4412
8202,4412
4701,4412
4401,4413
4403,4413
4404,4413
4405,4413
4407,4413
4408,4413
4409,4413
4418,4413
3506,4413
8465,4413
8420,4413
4411,4413
8202,4413
8456,4413
4417,4413
4421,4413
4420,4413
4403,4414
4407,4414
4408,4414
4409,4414
4412,4414
4413,4414
4418,4414
8465,4414
3209,4414
8202,4414
8205,4414
4405,4414
4420,4414
3506,4414
7009,4414
4417,4414
4410,4414
4411,4414
3405,4414
7317,4414
7415,4414
4421,4414
4701,4414
3214,4414
4401,4415
4403,4415
4405,4415
4407,4415
4409,4415
4411,4415
4412,4415
4413,4415
4418,4415
4410,4415
4417,4415
4421,4415
8465,4415
3506,4415
4701,4415
4403,4416
4404,4416
4405,4416
4407,4416
4408,4416
4409,4416
4413,4416
4418,4416
8465,4416
4412,4416
8202,4416
4421,4416
4403,4417
4404,4417
4407,4417
4409,4417
4412,4417
4413,4417
8465,4417
4405,4417
4421,4417
4403,4418
4407,4418
4408,4418
4409,4418
4412,4418
4413,4418
4405,4418
4415,4418
4420,4418
8302,4418
3506,4418
3208,4418
3209,4418
8208,4418
8465,4418
8467,4418
8205,4418
8202,4418
4404,4418
4421,4418
4417,4418
4401,4418
4406,4418
4410,4418
4411,4418
8420,4418
3214,4418
9024,4418
7317,4418
3909,4418
8211,4418
3211,4418
6808,4418
4701,4418
8206,4418
4401,4419
4403,4419
4404,4419
4406,4419
4407,4419
4408,4419
4409,4419
4412,4419
4413,4419
4418,4419
4402,4419
4421,4419
8465,4419
3807,4419
4417,4419
4411,4419
4415,4419
4416,4419
4405,4419
4410,4419
4701,4419
4420,4419
4705,4419
4403,4420
4404,4420
4407,4420
4408,4420
4409,4420
4412,4420
4418,4420
8202,4420
8208,4420
8465,4420
8467,4420
8205,4420
4405,4420
3405,4420
4417,4420
4413,4420
3208,4420
3209,4420
3506,4420
4401,4420
4421,4420
4411,4420
4415,4420
4416,4420
4403,4421
4404,4421
4407,4421
4408,4421
4409,4421
4412,4421
4413,4421
4418,4421
4405,4421
4420,4421
8465,4421
3208,4421
4417,4421
8202,4421
8205,4421
8467,4421
4415,4421
3405,4421
3506,4421
4401,4421
4406,4421
3209,4421
4410,4421
4411,4421
8479,4421
4419,4421
4416,4421
8465,4501
4501,4502
4503,4502
8465,4502
4501,4503
4502,4503
8465,4503
4501,4504
4502,4504
4503,4504
8465,4504
1401,4601
4602,4601
5303,4601
5307,4601
5308,4601
5310,4601
5301,4601
5302,4601
5305,4601
5306,4601
5311,4601
4501,4601
4403,4601
4405,4601
5402,4601
5404,4601
5405,4601
5501,4601
5502,4601
5503,4601
5504,4601
3926,4601
3901,4601
5607,4601
5403,4601
5406,4601
5604,4601
1401,4602
4601,4602
3506,4602
6502,4602
5607,4602
5308,4602
4403,4602
4405,4602
5301,4602
5302,4602
5303,4602
5305,4602
5404,4602
5405,4602
4401,4701
4403,4701
3804,4701
8439,4701
8439,4702
2815,4702
3804,4702
4401,4703
2815,4703
8439,4703
4001,4005
4002,4005
4003,4005
4004,4005
4006,4005
3910,4005
3812,4005
8477,4005
8420,4005
2930,4005
2901,4005
2902,4005
2802,4005
2926,4005
2817,4005
2803,4005
3911,4005
4001,4006
4002,4006
4003,4006
4004,4006
4005,4006
2803,4006
3812,4006
8477,4006
8420,4006
2926,4006
2802,4006
4001,4007
4002,4007
4003,4007
4005,4007
4008,4007
2503,4007
2802,4007
3812,4007
2817,4007
2803,4007
8420,4007
8477,4007
4004,4007
4016,4007
2930,4007
5604,4007
4013,4007
4001,4008
4002,4008
4003,4008
4004,4008
4005,4008
4016,4008
2503,4008
2802,4008
2930,4008
3812,4008
8477,4008
2817,4008
8420,4008
3910,4008
2926,4008
4007,4008
4001,4009
4002,4009
4003,4009
4004,4009
4005,4009
4006,4009
4007,4009
4008,4009
4013,4009
4016,4009
3812,4009
8420,4009
8477,4009
5604,4009
5906,4009
4001,4010
4002,4010
4003,4010
4005,4010
4006,4010
4008,4010
4017,4010
4004,4010
4007,4010
4009,4010
4016,4010
3812,4010
8477,4010
5906,4010
5604,4010
4001,4011
4002,4011
4003,4011
4004,4011
4005,4011
4006,4011
4007,4011
4008,4011
4016,4011
4017,4011
3910,4011
2803,4011
8477,4011
3812,4011
5604,4011
3902,4011
2901,4011
4009,4011
2926,4011
2902,4011
2710,4011
4006,4012
4008,4012
4011,4012
4013,4012
4016,4012
4001,4012
4002,4012
4003,4012
4004,4012
4005,4012
4007,4012
4009,4012
4017,4012
8477,4012
5604,4012
3902,4012
3812,4012
8420,4012
2710,4012
2713,4012
3901,4012
4001,4013
4002,4013
4003,4013
4004,4013
4005,4013
4006,4013
4007,4013
4008,4013
4009,4013
4016,4013
4017,4013
3812,4013
8477,4013
8420,4013
5604,4013
4001,4014
4002,4014
4003,4014
4004,4014
4005,4014
4008,4014
4009,4014
4016,4014
3812,4014
4007,4014
8477,4014
8420,4014
5604,4014
5906,4014
2926,4014
4001,4015
4002,4015
4003,4015
4004,4015
4005,4015
4006,4015
4007,4015
4008,4015
4014,4015
4016,4015
3812,4015
5906,4015
8477,4015
2926,4015
4013,4015
6216,4015
5604,4015
5604,4016
2926,4016
2902,4016
7204,7307
7208,7307
7211,7307
7218,7307
7219,7307
7220,7307
7221,7307
7222,7307
7224,7307
7304,7307
8455,7307
7202,7307
8457,7307
8459,7307
8462,7307
8463,7307
8515,7307
8456,7307
8458,7307
8468,7307
8207,7307
8460,7307
8454,7307
7206,7307
7210,7307
7216,7307
2601,7307
7203,7307
7205,7307
7201,7307
7214,7307
7228,7307
8514,7307
7215,7307
7223,7307
7301,7307
7306,7307
7324,7307
7326,7307
7213,7307
7318,7307
8311,7307
7325,7307
7305,7307
8307,7307
3810,7307
7207,7307
7209,7307
7212,7307
7217,7307
7225,7307
7226,7307
7227,7307
7229,7307
7303,7307
7308,7307
7315,7307
2618,7307
2821,7307
7204,7308
7206,7308
7207,7308
7208,7308
7209,7308
7210,7308
7211,7308
7212,7308
7213,7308
7214,7308
7215,7308
7216,7308
7217,7308
7218,7308
7219,7308
7220,7308
7221,7308
7222,7308
7224,7308
7225,7308
7226,7308
7227,7308
7228,7308
7229,7308
7301,7308
7304,7308
7305,7308
7314,7308
7326,7308
7205,7308
7303,7308
7306,7308
7307,7308
7318,7308
7325,7308
7223,7308
7315,7308
7320,7308
8311,7308
7201,7308
8454,7308
8457,7308
8462,7308
8463,7308
8468,7308
8515,7308
8455,7308
8456,7308
8458,7308
8459,7308
8460,7308
8461,7308
7317,7308
2601,7308
7202,7308
7203,7308
3824,7308
8207,7308
7316,7308
3810,7308
8202,7308
2821,7308
8514,7308
2618,7308
8480,7308
7502,7308
8467,7308
8307,7308
7201,7309
7204,7309
7205,7309
7206,7309
7207,7309
7208,7309
7209,7309
7211,7309
7213,7309
7214,7309
7215,7309
7216,7309
7218,7309
7224,7309
7225,7309
7226,7309
7228,7309
7325,7309
7210,7309
7212,7309
7219,7309
7220,7309
7222,7309
7303,7309
7304,7309
7305,7309
7306,7309
7307,7309
7318,7309
7301,7309
7308,7309
8455,7309
8462,7309
7217,7309
7223,7309
7326,7309
2601,7309
7203,7309
7221,7309
7227,7309
8484,7309
7204,7310
7206,7310
7207,7310
7208,7310
7209,7310
7210,7310
7211,7310
7212,7310
7213,7310
7214,7310
7215,7310
7216,7310
7217,7310
7218,7310
7222,7310
7224,7310
7225,7310
7228,7310
7301,7310
7303,7310
7304,7310
7305,7310
7306,7310
7307,7310
7308,7310
7318,7310
7325,7310
7326,7310
7219,7310
7221,7310
7226,7310
7227,7310
7229,7310
7220,7310
8455,7310
8462,7310
7223,7310
8477,7310
7205,7310
7201,7310
7203,7310
8457,7310
7315,7310
2601,7310
7204,7311
7206,7311
7207,7311
7208,7311
7209,7311
7210,7311
7211,7311
7213,7311
7214,7311
7215,7311
7216,7311
7217,7311
7218,7311
7221,7311
7222,7311
7224,7311
7225,7311
7226,7311
7227,7311
7228,7311
7301,7311
7303,7311
7304,7311
7305,7311
7306,7311
7307,7311
7312,7311
7318,7311
7325,7311
7326,7311
7212,7311
7219,7311
7220,7311
8481,7311
7308,7311
8307,7311
8455,7311
8462,7311
7229,7311
7223,7311
7201,7311
2711,7311
2804,7311
7315,7311
2601,7311
2619,7311
7203,7311
2601,7312
7204,7312
7205,7312
7206,7312
7207,7312
7208,7312
7209,7312
7210,7312
7211,7312
7212,7312
7213,7312
7214,7312
7215,7312
7216,7312
7217,7312
7218,7312
7219,7312
7220,7312
7221,7312
7222,7312
7223,7312
7224,7312
7225,7312
7226,7312
7227,7312
7228,7312
7229,7312
7306,7312
7314,7312
7315,7312
7325,7312
7326,7312
8455,7312
8462,7312
7305,7312
7203,7312
3810,7312
2601,7313
7201,7313
7202,7313
7203,7313
7204,7313
7205,7313
7206,7313
7207,7313
7208,7313
7209,7313
7210,7313
7211,7313
7212,7313
7213,7313
7214,7313
7215,7313
7216,7313
7217,7313
7218,7313
7219,7313
7220,7313
7221,7313
7222,7313
7224,7313
7225,7313
7226,7313
7227,7313
7229,7313
7306,7313
7312,7313
7314,7313
7315,7313
7325,7313
7326,7313
8455,7313
7223,7313
8462,7313
7217,7314
7223,7314
7229,7314
7326,7314
7221,7314
7219,7314
8455,7314
7204,7314
7205,7314
7206,7314
7218,7314
7306,7314
7312,7314
7315,7314
2601,7314
7203,7314
7207,7314
7209,7314
7211,7314
7214,7314
7215,7314
7208,7314
7210,7314
7212,7314
7213,7314
7313,7314
7216,7314
7227,7314
7325,7314
7904,7314
7204,7315
7207,7315
7208,7315
7209,7315
7213,7315
7214,7315
7215,7315
7217,7315
7218,7315
7219,7315
7220,7315
7221,7315
7222,7315
7223,7315
7225,7315
7226,7315
7227,7315
7228,7315
7229,7315
7304,7315
7306,7315
2601,7315
7201,7315
7205,7315
7206,7315
7210,7315
7211,7315
7212,7315
7216,7315
7224,7315
7305,7315
7325,7315
7326,7315
8462,7315
8454,7315
8455,7315
7312,7315
8515,7315
7202,7315
7203,7315
2502,7315
3810,7315
8468,7315
7204,7316
7207,7316
7208,7316
7209,7316
7213,7316
7214,7316
7215,7316
7217,7316
7218,7316
7219,7316
7220,7316
7221,7316
7222,7316
7223,7316
7225,7316
7226,7316
7227,7316
7228,7316
7229,7316
7304,7316
7306,7316
2601,7316
2618,7316
2619,7316
7201,7316
7203,7316
7205,7316
7206,7316
7224,7316
7325,7316
7210,7316
7211,7316
7212,7316
7216,7316
7301,7316
7305,7316
7326,7316
8455,7316
7308,7316
7312,7316
7315,7316
7318,7316
7320,7316
7202,7316
8454,7316
8462,7316
7205,7317
7207,7317
7214,7317
7217,7317
7223,7317
7229,7317
7325,7317
7326,7317
7210,7317
7212,7317
7225,7317
7204,7317
7218,7317
7222,7317
7224,7317
7228,7317
8462,7317
7206,7317
7208,7317
7209,7317
7211,7317
7216,7317
7219,7317
7220,7317
7226,7317
7306,7317
2601,7317
7201,7317
7202,7317
7203,7317
7213,7317
7215,7317
7221,7317
7227,7317
7315,7317
8455,7317
8454,7317
2821,7317
7201,7318
7204,7318
7205,7318
7206,7318
7207,7318
7208,7318
7209,7318
7210,7318
7211,7318
7213,7318
7214,7318
7215,7318
7216,7318
7218,7318
7219,7318
7220,7318
7221,7318
7222,7318
7224,7318
7225,7318
7226,7318
7227,7318
7228,7318
7229,7318
7212,7318
7217,7318
7326,7318
7223,7318
7306,7318
7325,7318
8455,7318
8462,7318
8514,7318
8463,7318
8459,7318
8207,7318
8454,7318
8461,7318
8458,7318
2601,7318
7203,7318
7320,7318
7202,7318
8468,7318
8515,7318
3810,7318
7308,7318
8456,7318
8457,7318
8467,7318
9024,7318
8460,7318
8204,7318
2618,7318
7305,7318
7223,7319
7326,7319
7218,7319
7220,7319
2601,7320
7202,7320
7203,7320
7204,7320
7205,7320
7201,7320
7206,7320
7207,7320
7208,7320
7209,7320
7210,7320
7211,7320
7212,7320
7213,7320
7214,7320
7215,7320
7216,7320
7217,7320
7218,7320
7219,7320
7220,7320
7221,7320
7222,7320
7223,7320
7224,7320
7225,7320
7226,7320
7227,7320
7228,7320
7229,7320
7304,7320
7306,7320
7308,7320
7315,7320
7325,7320
7326,7320
8455,7320
8462,7320
8479,7320
8514,7320
8454,7320
9024,7320
8708,7320
8458,7320
2601,7321
7201,7321
7202,7321
7203,7321
7204,7321
7205,7321
7206,7321
7207,7321
7208,7321
7209,7321
7210,7321
7211,7321
7212,7321
7213,7321
7214,7321
7215,7321
7216,7321
7217,7321
7218,7321
7219,7321
7220,7321
7221,7321
7222,7321
7224,7321
7225,7321
7226,7321
7227,7321
7228,7321
7229,7321
7301,7321
7303,7321
7304,7321
7305,7321
7306,7321
7307,7321
7308,7321
7314,7321
7315,7321
7318,7321
7320,7321
7323,7321
7325,7321
7326,7321
8455,7321
7223,7321
8416,7321
8417,7321
8481,7321
9032,7321
8484,7321
7311,7321
9028,7321
7322,7321
3606,7321
6902,7321
8205,7321
7310,7321
0407,0408
8433,0408
3923,0409
7010,0409
8421,0409
7310,0409
0106,0410
1602,0410
0209,0410
1502,0410
1214,0410
0504,0410
0511,0410
0206,0410
0208,0410
0210,0410
0102,0504
0104,0504
0106,0504
0511,0504
6701,0505
0105,0505
3202,0505
2807,0506
2808,0506
2811,0506
0102,0506
0511,0506
0507,0506
0106,0506
3001,0510
3006,0510
0511,0510
0410,0510
2301,0511
0103,0511
0106,0511
1003,0511
1005,0511
1007,0511
1214,0511
2941,0511
2703,0601
3101,0601
3102,0601
3103,0601
3104,0601
3105,0601
8201,0601
8432,0601
3808,0601
0602,0601
3101,0602
3102,0602
3103,0602
3104,0602
3105,0602
3808,0602
8432,0602
1209,0602
2703,0602
3101,0603
3102,0603
3103,0603
3104,0603
3105,0603
3808,0603
0602,0603
1209,0603
0601,0603
8211,0603
6305,0603
2834,0603
3923,0603
3203,0603
3204,0603
3206,0603
3211,0603
3103,0604
3105,0604
2834,0604
3203,0604
3204,0604
3211,0604
3102,0604
3104,0604
3101,0701
3102,0701
3103,0701
3104,0701
3105,0701
3808,0701
8432,0701
6305,0701
1209,0701
8701,0701
8201,0701
1209,0702
3101,0702
3102,0702
3103,0702
3104,0702
3105,0702
8432,0702
3808,0702
3101,0703
3102,0703
3103,0703
3104,0703
3105,0703
1209,0703
3808,0703
8432,0703
6305,0703
8201,0703
1209,0704
3101,0704
3102,0704
3103,0704
3104,0704
3105,0704
3808,0704
8432,0704
8701,0704
0602,0704
2834,0704
6305,0704
8201,0704
1209,0705
3101,0705
3102,0705
3103,0705
3104,0705
3105,0705
3808,0705
8432,0705
8701,0705
8433,0705
8418,0705
6305,0705
8201,0705
0709,0705
0601,0705
1209,0706
3101,0706
3102,0706
3103,0706
3104,0706
3105,0706
3808,0706
8432,0706
8433,0706
6305,0706
2834,0706
8701,0706
8201,0706
1209,0707
3101,0707
3102,0707
3103,0707
3104,0707
3105,0707
3808,0707
1209,0708
3101,0708
3102,0708
3103,0708
3104,0708
3105,0708
1209,0709
3101,0709
3102,0709
3103,0709
3104,0709
3105,0709
8432,0709
8433,0709
3808,0709
8418,0709
8201,0709
6305,0709
2716,0709
1212,2008
1701,2008
1702,2008
7010,2008
1302,2008
8438,2008
0802,2008
0803,2008
0804,2008
0805,2008
0806,2008
0807,2008
0808,2008
0809,2008
0810,2008
0811,2008
0812,2008
0813,2008
2006,2008
0801,2008
0905,2008
8433,2008
2832,2008
2207,2008
0805,2009
8438,2009
2008,2009
8421,2009
8435,2009
1302,2009
7010,2009
3923,2009
8609,2009
2832,2009
8309,2009
8413,2009
3302,2009
0810,2009
1212,2009
0812,2009
7310,2009
0811,2009
0814,2009
6305,2009
7612,2009
0804,2009
0702,2009
2002,2009
0806,2009
0808,2009
0803,2009
0807,2009
0809,2009
0709,2009
0801,2009
0802,2009
1404,2009
0901,2101
8476,2101
8421,2101
3923,2101
3302,2101
0902,2101
0903,2101
8309,2101
0601,2101
3821,2102
1107,2102
1108,2102
8438,2102
1101,2102
1001,2102
1201,2103
2501,2103
8438,2103
7310,2103
0910,2103
1507,2103
1515,2103
1518,2103
2106,2103
3505,2103
0702,2103
2002,2103
2209,2103
1212,2103
1701,2103
1702,2103
0904,2103
0908,2103
0909,2103
1108,2103
3923,2103
7010,2103
1508,2103
1511,2103
1514,2103
8210,2103
1516,2103
1302,2103
2832,2103
3203,2103
0907,2103
1205,2103
1106,2103
1901,2103
1504,2103
1506,2103
1509,2103
1510,2103
0906,2103
2940,2103
0703,2103
0712,2103
2004,2103
2005,2103
0709,2103
3913,2103
2001,2103
1703,2103
2003,2103
0905,2103
2923,2103
0701,2103
0707,2103
1101,2103
1102,2103
0711,2103
1501,2103
1517,2103
0805,2103
0808,2103
0814,2103
0201,2104
0701,2104
0702,2104
0703,2104
0704,2104
0705,2104
0706,2104
0707,2104
0708,2104
0709,2104
0710,2104
0711,2104
0712,2104
0810,2104
1212,2104
1404,2104
2004,2104
2005,2104
0102,2104
0202,2104
0203,2104
0204,2104
0205,2104
0206,2104
0207,2104
0208,2104
0210,2104
1602,2104
0301,2104
0302,2104
0303,2104
0304,2104
0305,2104
0306,2104
0307,2104
1604,2104
0904,2104
0906,2104
0907,2104
0908,2104
0909,2104
0910,2104
2501,2104
0714,2104
1105,2104
1108,2104
2002,2104
1504,2104
1506,2104
1507,2104
1508,2104
1509,2104
1510,2104
1511,2104
1512,2104
1514,2104
1515,2104
1516,2104
1518,2104
1902,2104
1006,2104
1007,2104
1104,2104
0407,2104
0408,2104
3502,2104
0713,2104
1106,2104
1201,2104
1202,2104
1001,2104
1002,2104
1003,2104
1004,2104
1005,2104
1102,2104
1103,2104
1101,2104
1109,2104
1901,2104
0105,2104
0209,2104
2001,2104
2003,2104
2009,2104
0401,2104
0402,2104
0404,2104
0406,2104
8210,2104
8438,2104
0504,2104
1601,2104
2301,2104
0308,2104
1502,2104
1517,2104
1302,2104
1701,2104
1702,2104
2940,2104
3505,2104
1903,2104
2923,2104
2101,2104
2106,2104
0309,2104
0410,2104
0511,2104
1603,2104
1605,2104
2832,2104
2103,2104
8421,2104
1501,2104
0403,2104
0405,2104
2306,2104
2302,2104
0811,2104
2008,2104
0801,2104
0802,2104
7310,2104
0805,2104
2936,2104
0809,2104
0814,2104
3503,2104
3913,2104
3507,2104
3203,2104
0808,2104
0401,2105
0402,2105
0403,2105
0404,2105
0405,2105
1806,2105
1212,2105
1701,2105
1702,2105
1703,2105
2940,2105
1804,2105
1803,2105
1805,2105
0905,2105
0803,2105
0804,2105
0805,2105
0806,2105
0807,2105
0808,2105
0809,2105
0810,2105
0811,2105
0813,2105
2006,2105
2008,2105
2009,2105
0801,2105
0802,2105
1801,2105
0408,2105
3502,2105
3203,2105
1108,2105
1802,2105
0906,2105
0908,2105
8418,2105
2007,2105
3503,2105
2501,2105
1515,2105
1302,2105
3913,2105
1704,2105
1508,2105
8438,2105
0406,2105
1502,2105
1517,2105
3302,2105
3205,2105
0409,2105
1504,2105
1506,2105
1507,2105
1509,2105
1511,2105
1512,2105
1513,2105
1516,2105
1518,2105
0708,2106
0713,2106
1201,2106
1202,2106
1207,2106
1208,2106
1109,2106
2304,2106
2305,2106
2306,2106
8438,2106
2302,2106
3507,2106
0309,2106
2922,2106
2102,2106
1212,2106
1701,2106
1702,2106
1703,2106
2940,2106
1504,2106
1506,2106
1507,2106
1508,2106
1509,2106
1510,2106
1511,2106
1512,2106
1513,2106
1514,2106
1515,2106
1516,2106
1518,2106
0401,2106
0402,2106
0403,2106
0404,2106
0405,2106
1806,2106
2105,2106
1801,2106
1802,2106
1803,2106
1804,2106
1805,2106
1001,2106
1101,2106
1102,2106
1103,2106
1105,2106
1106,2106
1108,2106
1901,2106
0407,2106
0408,2106
3502,2106
1005,2106
1104,2106
1903,2106
2303,2106
3505,2106
0904,2106
0906,2106
0907,2106
0908,2106
0909,2106
0910,2106
3302,2106
0801,2106
0802,2106
0803,2106
0804,2106
0805,2106
0806,2106
0811,2106
0812,2106
0813,2106
2006,2106
2008,2106
1704,2106
1905,2106
1302,2106
3923,2106
2936,2106
3503,2106
0406,2106
2501,2106
3913,2106
2835,2106
2923,2106
3203,2106
0905,2106
2005,2106
0810,2106
2007,2106
0701,2106
0702,2106
0704,2106
0706,2106
0707,2106
0709,2106
0710,2106
0711,2106
0712,2106
2001,2106
2002,2106
2003,2106
2004,2106
1503,2106
1517,2106
2103,2106
1008,2106
8210,2106
1002,2106
1003,2106
1004,2106
1006,2106
1007,2106
1904,2106
0714,2106
1206,2106
2832,2106
1404,2106
0814,2106
8418,2106
0901,2106
2101,2106
2301,2106
1602,2106
2104,2106
1502,2106
1212,2202
1701,2202
1702,2202
1703,2202
2940,2202
1704,2202
7010,2202
8422,2202
8476,2202
8438,2202
3302,2202
2925,2202
3923,2202
7309,2202
7310,2202
7612,2202
4821,2202
8413,2202
8309,2202
2106,2202
2936,2202
2939,2202
3205,2202
1003,2203
1107,2203
1210,2203
2102,2203
4416,2203
8421,2203
8422,2203
8438,2203
7612,2203
8309,2203
2303,2203
1104,2203
1001,2203
8413,2203
7310,2203
0806,2204
0810,2204
3923,2204
7010,2204
4502,2204
8309,2204
4415,2204
4416,2204
8435,2204
8438,2204
7310,2204
7612,2204
2832,2204
7309,2204
0806,2205
2204,2205
0909,2205
0910,2205
1701,2205
2207,2205
7010,2205
8309,2205
2208,2205
7310,2205
2209,2205
3302,2205
1702,2205
4416,2205
0905,2205
0906,2205
0907,2205
0908,2205
0805,2205
0810,2205
1210,2205
3301,2205
8435,2205
8438,2205
7612,2205
2832,2205
1211,2205
2307,2205
7309,2205
0808,2206
0809,2206
0810,2206
0409,2206
1006,2206
2102,2206
1212,2206
1701,2206
1702,2206
1703,2206
2940,2206
4416,2206
3923,2206
7010,2206
8413,2206
8421,2206
7309,2206
7310,2206
7611,2206
7612,2206
8309,2206
8422,2206
8418,2206
8438,2206
2303,2206
8419,2206
1210,2206
1302,2206
1003,2206
8435,2206
3507,2206
0906,2206
0907,2206
0908,2206
0909,2206
4502,2206
1107,2206
7310,2207
7010,2207
1005,2207
1003,2207
1007,2207
1002,2207
1006,2207
1101,2207
1107,2207
0806,2208
0810,2208
2204,2208
4416,2208
2102,2208
7010,2208
8421,2208
8413,2208
1701,2208
8309,2208
8438,2208
7612,2208
7309,2208
7310,2208
8435,2208
2832,2208
1002,2208
1003,2208
1004,2208
1005,2208
1007,2208
1104,2208
1107,2208
1702,2208
1703,2208
0409,2208
3302,2208
0805,2208
2008,2208
0905,2208
0906,2208
2905,2208
1001,2208
1006,2208
1101,2208
1103,2208
1108,2208
0714,2208
0804,2208
0302,0305
2501,0305
2832,0305
8438,0305
8902,0305
6305,0305
0301,0305
8210,0305
3211,0305
1603,0305
2501,0306
8418,0306
8902,0306
6305,0306
8438,0306
8609,0306
3923,0306
3105,0306
8902,0307
8418,0307
2501,0307
8438,0307
8210,0307
1801,1804
1802,1804
1803,1804
8438,1804
1801,1805
1802,1805
1803,1805
8438,1805
1801,1806
1802,1806
1803,1806
1804,1806
1701,1806
1702,1806
2940,1806
8438,1806
1805,1806
0401,1806
0402,1806
1507,1806
1508,1806
1511,1806
1516,1806
7310,1806
7612,1806
8210,1806
2008,1806
1515,1806
1517,1806
1518,1806
1108,1806
3505,1806
7607,1806
2106,1806
3923,1806
0409,1806
1107,1806
2832,1806
1001,1901
1101,1901
1102,1901
1103,1901
2302,1901
1107,1901
1005,1901
1108,1901
3505,1901
1702,1901
8438,1901
1104,1901
2106,1901
1002,1901
1003,1901
1004,1901
1007,1901
8437,1901
3507,1901
0905,1901
0714,1901
1001,1902
1101,1902
0407,1902
0408,1902
2501,1902
1103,1902
1106,1902
1108,1902
1109,1902
1901,1902
8438,1902
3505,1902
1404,1902
1003,1902
1102,1902
1005,1902
1104,1902
6305,1902
2002,1902
2003,1902
1509,1902
1105,1902
2302,1902
0713,1902
8437,1902
8419,1902
0712,1902
0710,1902
1108,1903
0714,1903
8438,1903
6305,1903
1001,1904
1002,1904
1003,1904
1004,1904
1005,1904
1007,1904
1008,1904
1102,1904
1103,1904
1104,1904
2302,1904
1213,1904
1702,1904
1511,1904
1108,1904
1901,1904
8437,1904
1107,1904
3505,1904
8438,1904
2106,1904
1302,1904
8417,1904
0906,1904
0908,1904
1701,1904
1516,1904
1508,1904
1514,1904
1515,1904
2501,1904
0910,1904
3507,1904
1001,1905
1008,1905
1101,1905
1102,1905
1103,1905
1108,1905
1002,1905
1003,1905
1004,1905
1006,1905
1007,1905
1104,1905
1904,1905
1106,1905
1507,1905
1508,1905
1511,1905
1512,1905
1513,1905
1514,1905
1515,1905
1516,1905
1518,1905
1701,1905
1702,1905
2940,1905
2501,1905
2836,1905
2102,1905
1803,1905
1805,1905
1806,1905
1107,1905
1804,1905
8438,1905
1109,1905
1801,1905
0905,1905
1302,1905
3502,1905
1901,1905
2302,1905
1517,1905
2923,1905
8210,1905
0908,1905
0906,1905
1005,1905
3505,1905
1703,1905
0409,1905
8417,1905
1704,1905
1212,1905
1509,1905
1510,1905
0402,1905
0801,1905
0802,1905
0813,1905
4821,1905
2006,1905
0407,1905
0408,1905
4806,1905
4811,1905
2106,1905
8420,1905
8437,1905
1506,1905
3507,1905
3503,1905
0707,2001
0709,2001
2209,2001
2811,2001
2915,2001
2918,2001
2832,2001
8438,2001
2916,2001
7010,2001
8210,2001
2917,2001
0701,2001
0702,2001
0704,2001
0706,2001
0801,2001
0802,2001
0703,2001
1404,2001
0809,2001
6305,2001
0702,2002
0709,2002
8438,2002
8210,2002
1302,2002
0711,2003
8438,2003
1404,2003
0701,2004
0709,2004
0710,2004
1108,2004
8438,2004
0702,2004
0704,2004
0706,2004
0707,2004
0708,2004
0711,2004
0712,2004
1404,2004
6305,2004
0703,2004
0713,2004
2003,2004
2002,2004
0705,2004
0714,2004
0910,2004
0701,2005
0702,2005
0703,2005
0704,2005
0705,2005
0706,2005
0707,2005
0708,2005
0709,2005
0710,2005
0711,2005
0712,2005
1212,2005
1404,2005
1508,2005
1511,2005
1514,2005
1515,2005
0904,2005
0910,2005
8438,2005
0713,2005
0714,2005
2002,2005
1108,2005
1302,2005
3102,2005
3103,2005
3104,2005
3105,2005
7310,2005
2103,2005
8210,2005
2006,2005
6305,2005
2832,2005
2003,2005
2501,2005
1212,2006
1701,2006
1702,2006
2940,2006
2008,2006
0803,2006
0804,2006
0805,2006
0809,2006
0814,2006
7010,2006
8438,2006
0709,2006
0801,2006
0802,2006
0808,2006
1302,2006
2832,2006
1404,2006
0602,2006
1701,2007
1702,2007
2940,2007
1302,2007
2009,2007
3203,2007
0702,2007
0709,2007
0803,2007
0804,2007
0805,2007
0806,2007
0807,2007
0808,2007
0809,2007
0810,2007
0811,2007
0812,2007
0813,2007
1212,2007
1703,2007
7010,2007
8309,2007
0801,2007
0908,2007
2008,2007
2006,2007
8438,2007
1520,2007
3923,2007
8435,2007
2832,2007
1108,2007
3505,2007
0409,2007
0814,2007
0906,2007
8210,2007
3507,2007
3205,2007
1515,2007
7310,2007
1511,2007
6305,2008
3102,2008
3105,2008
0814,2008
0409,2008
3203,2008
7612,2008
2106,2008
7306,8417
7326,8417
7303,8417
7325,8417
8416,8417
6806,8417
2508,8417
3816,8417
6901,8417
6902,8417
6903,8417
9032,8417
7321,8417
8479,8417
2701,8417
8419,8417
7616,8417
9025,8417
6909,8417
8481,8417
7305,8417
8468,8417
2519,8417
6815,8417
2709,8417
2710,8417
2713,8417
2704,8417
2708,8417
7206,8417
8113,8417
7602,8417
2524,8417
2504,8417
2803,8417
3801,8417
2818,8417
2705,8417
8419,8418
8479,8418
8546,8418
2903,8418
3827,8418
9032,8418
8501,8418
8484,8418
7220,8418
7411,8418
4016,8418
7019,8418
7403,8418
7404,8418
7405,8418
7407,8418
7408,8418
7409,8418
7410,8418
7412,8418
7419,8418
7507,8418
7608,8418
7609,8418
8307,8418
7206,8418
7208,8418
7209,8418
7210,8418
7211,8418
7212,8418
7216,8418
7218,8418
7219,8418
7221,8418
7222,8418
7224,8418
7225,8418
7226,8418
7229,8418
7304,8418
7601,8418
7602,8418
7604,8418
7605,8418
7606,8418
7607,8418
7616,8418
7905,8418
8503,8418
7223,8418
8544,8418
6806,8418
7306,8418
7326,8418
7901,8418
8532,8418
3901,8418
3902,8418
3904,8418
3906,8418
3907,8418
3908,8418
3909,8418
3917,8418
3920,8418
3926,8418
7003,8418
7004,8418
7005,8418
7008,8418
8542,8418
3923,8418
3925,8418
7506,8418
8534,8418
7217,8418
7307,8418
7318,8418
7320,8418
7325,8418
8535,8418
8536,8418
8538,8418
8541,8418
8509,8418
7213,8418
7227,8418
8543,8418
7505,8418
7902,8418
2901,8418
7413,8418
8537,8418
8547,8418
3910,8418
7020,8418
2814,8418
7305,8418
8502,8418
8431,8418
7207,8418
8481,8418
8413,8418
8482,8418
4009,8418
9026,8418
7502,8418
4010,8418
7613,8418
8473,8418
2606,8418
8514,8419
9032,8419
7218,8419
7222,8419
7304,8419
7306,8419
7307,8419
7326,8419
7411,8419
8481,8419
8546,8419
8416,8419
7223,8419
7412,8419
8404,8419
7409,8419
8484,8419
7403,8419
7405,8419
7407,8419
7408,8419
7419,8419
9026,8419
7608,8419
7404,8419
7309,8419
8307,8419
8403,8419
8402,8419
7325,8419
6903,8419
7318,8419
7219,8419
7220,8419
8516,8419
8501,8419
8413,8419
9025,8419
8534,8419
7017,8419
8543,8419
8503,8419
8502,8419
8479,8419
8482,8419
8431,8419
7206,8419
7215,8419
7221,8419
7225,8419
7226,8419
7210,8419
7216,8419
8473,8419
7217,8419
7224,8419
8466,8419
9033,8419
7208,8419
7209,8419
8536,8419
8504,8419
9107,8419
8417,8419
7611,8419
8544,8419
7305,8419
7606,8419
7228,8419
7315,8419
7207,8419
7211,8419
7212,8419
7227,8419
7229,8419
7506,8419
7905,8419
7609,8419
7601,8419
7602,8419
7604,8419
7605,8419
7616,8419
8515,8419
7213,8419
8108,8419
8311,8419
8001,8419
7402,8419
7406,8419
7502,8419
7801,8419
8112,8419
7505,8419
8542,8419
8541,8419
7110,8419
8533,8419
8487,8419
8113,8419
9031,8419
8102,8419
7320,8419
8532,8419
8482,8420
8483,8420
8501,8420
8503,8420
8431,8420
3403,8420
4010,8420
5910,8420
7325,8420
8419,8420
8473,8420
8477,8420
8479,8420
8466,8420
3926,8420
7326,8420
7306,8420
8487,8420
9033,8420
7320,8420
7318,8420
8482,8421
7218,8421
8484,8421
8419,8421
7223,8421
8431,8421
8473,8421
8479,8421
9026,8421
8466,8421
7219,8421
7220,8421
7222,8421
7411,8421
7608,8421
7419,8421
3926,8421
7601,8421
7403,8421
7616,8421
8487,8421
9033,8421
7325,8421
7405,8421
7613,8421
7508,8421
8501,8422
8503,8422
8543,8422
8413,8422
3925,8422
3926,8422
7218,8422
7219,8422
7220,8422
7221,8422
7222,8422
7223,8422
7306,8422
8542,8422
8482,8422
8484,8422
8466,8422
8473,8422
8479,8422
9033,8422
7326,8422
7318,8422
7616,8422
7209,8422
7210,8422
7212,8422
7604,8422
7606,8422
9032,8422
8481,8422
8509,8422
7208,8422
7325,8422
7211,8422
7207,8422
3923,8422
7411,8422
7608,8422
7408,8422
8419,8422
7611,8422
8534,8422
7216,8422
8431,8422
7310,8422
8438,8422
8487,8422
4010,8422
4821,8422
7315,8422
7403,8422
7412,8422
8473,8423
2716,8423
9033,8423
7304,8424
7311,8424
7613,8424
8481,8424
4009,8424
8307,8424
3813,8424
2903,8424
3827,8424
4016,8424
7608,8424
3917,8424
7206,8424
7210,8424
7217,8424
7218,8424
7219,8424
7220,8424
7221,8424
7222,8424
7223,8424
7225,8424
7306,8424
7307,8424
7318,8424
7326,8424
7411,8424
7609,8424
4002,8424
4017,8424
3921,8424
7409,8424
7604,8424
7616,8424
7412,8424
7310,8424
7612,8424
7407,8424
3926,8424
3904,8424
8413,8424
9026,8424
3403,8424
8501,8424
7320,8424
8412,8424
3906,8424
9032,8424
7207,8424
7208,8424
7209,8424
7211,8424
7216,8424
7224,8424
7226,8424
7227,8424
8482,8424
2513,8424
6805,8424
8479,8424
2505,8424
7325,8424
8402,8424
8431,8424
7601,8424
7602,8424
7214,8424
7213,8424
7215,8424
8419,8424
4007,8424
5909,8424
3923,8424
3925,8424
7303,8424
8503,8424
4001,8424
4005,8424
8467,8424
7403,8424
7405,8424
7408,8424
7605,8424
7606,8424
7905,8424
3208,8424
3209,8424
8473,8424
8477,8424
3901,8424
3902,8424
3903,8424
3905,8424
3907,8424
3909,8424
3911,8424
3920,8424
7212,8424
8487,8424
9033,8424
7419,8424
7305,8424
7309,8424
7904,8424
3916,8424
3819,8424
7404,8424
8209,8424
3210,8424
7603,8424
8108,8424
7406,8424
3908,8424
2803,8424
8311,8424
7403,8425
7413,8425
4007,8425
8505,8425
5607,8425
7505,8425
7404,8425
9033,8425
8487,8425
2709,2904
2713,2904
2807,2904
2930,2904
2806,2904
2711,2904
2902,2904
2905,2904
2808,2904
2710,2904
2801,2904
2707,2904
2901,2904
3817,2904
3815,2904
2908,2904
2901,2905
2711,2905
2904,2905
2942,2905
2903,2905
2812,2905
2808,2905
2902,2906
7310,2906
2904,2906
7010,2906
2707,2907
2902,2907
2908,2907
2942,2907
3815,2907
2909,2907
5512,6117
5516,6117
5405,6117
5601,6117
5806,6117
5810,6117
5903,6117
6107,6117
6505,6117
6307,6117
5807,6117
8213,6117
6212,6117
8308,6117
4007,6117
5101,6201
5102,6201
5103,6201
5104,6201
5105,6201
5106,6201
5107,6201
5108,6201
5109,6201
5111,6201
5112,6201
5509,6201
5510,6201
5515,6201
5516,6201
5601,6201
5602,6201
5801,6201
6003,6201
6006,6201
6214,6201
8445,6201
8451,6201
8452,6201
5609,6201
5807,6201
3204,6201
8213,6201
8420,6201
8446,6201
6217,6201
6307,6201
3208,6201
3209,6201
3809,6201
8308,6201
3506,6201
3202,6201
3203,6201
3205,6201
3206,6201
5810,6201
5201,6201
5202,6201
5203,6201
5204,6201
5205,6201
5206,6201
5207,6201
5208,6201
5209,6201
5211,6201
5212,6201
5407,6201
5513,6201
5514,6201
5802,6201
5806,6201
6001,6201
6005,6201
5401,6201
5406,6201
5508,6201
8444,6201
5804,6201
5603,6201
5811,6201
7319,6201
5808,6201
6603,6201
5903,6201
5210,6201
5402,6201
5403,6201
5408,6201
5501,6201
5502,6201
5503,6201
5504,6201
5505,6201
5506,6201
5507,6201
5511,6201
5512,6201
5604,6201
5605,6201
5606,6201
5809,6201
5902,6201
5906,6201
3926,6201
3920,6201
3921,6201
5907,6201
3901,6201
3905,6201
5007,6201
5113,6201
5308,6201
5309,6201
5310,6201
5311,6201
6210,6201
8447,6201
5003,6201
5004,6201
5301,6201
5303,6201
5307,6201
5803,6201
5001,6201
5002,6201
5005,6201
5006,6201
5306,6201
5302,6201
5101,6202
5102,6202
5103,6202
5104,6202
5105,6202
5106,6202
5107,6202
5108,6202
5109,6202
5111,6202
5112,6202
5509,6202
5510,6202
5515,6202
5516,6202
5602,6202
5801,6202
6006,6202
6204,6202
5802,6202
5806,6202
6001,6202
6003,6202
6206,6202
8445,6202
8451,6202
8452,6202
8308,6202
5401,6202
3506,6202
8420,6202
8446,6202
3204,6202
3809,6202
5601,6202
5804,6202
5807,6202
5808,6202
5810,6202
6307,6202
8213,6202
3203,6202
3208,6202
3209,6202
6603,6202
3202,6202
5609,6202
3206,6202
1505,6202
4102,6202
2927,6202
6117,6202
5201,6202
5202,6202
5203,6202
5204,6202
5206,6202
5208,6202
5209,6202
5210,6202
5211,6202
5212,6202
5407,6202
5513,6202
5514,6202
6005,6202
5205,6202
5207,6202
5508,6202
5511,6202
5501,6202
5903,6202
5603,6202
8444,6202
3901,6202
5605,6202
7319,6202
5406,6202
5604,6202
5803,6202
5811,6202
6217,6202
5606,6202
5402,6202
5403,6202
5408,6202
5502,6202
5503,6202
5504,6202
5505,6202
5506,6202
5507,6202
5512,6202
5809,6202
5902,6202
5906,6202
3403,6202
3921,6202
7019,6202
3926,6202
3905,6202
3920,6202
5001,6202
5002,6202
5003,6202
5004,6202
5005,6202
5006,6202
5007,6202
5113,6202
5309,6202
5310,6202
5311,6202
5301,6202
5306,6202
5303,6202
5307,6202
5308,6202
5305,6202
5911,6202
6004,6202
6210,6202
6002,6202
5909,6202
5302,6202
5101,6203
5102,6203
5103,6203
5104,6203
5105,6203
5106,6203
5107,6203
5108,6203
5109,6203
5111,6203
5112,6203
5509,6203
5510,6203
5515,6203
5516,6203
5601,6203
5602,6203
5801,6203
5802,6203
5806,6203
6003,6203
6006,6203
6103,6203
8444,6203
8445,6203
8446,6203
8451,6203
8452,6203
5401,6203
5508,6203
7319,6203
5204,6203
5609,6203
8213,6203
3202,6203
3204,6203
3809,6203
5406,6203
6307,6203
5606,6203
5402,6203
5403,6203
5407,6203
5408,6203
5501,6203
5502,6203
5503,6203
5504,6203
5505,6203
5506,6203
5507,6203
5511,6203
5512,6203
5513,6203
6001,6203
6005,6203
5210,6203
5211,6203
5514,6203
5603,6203
5902,6203
5903,6203
8420,6203
5807,6203
5810,6203
5604,6203
5605,6203
3908,6203
3926,6203
3812,6203
4002,6203
3906,6203
6217,6203
4304,6203
6205,6203
5007,6203
5110,6203
5113,6203
5208,6203
5209,6203
5212,6203
5308,6203
5309,6203
5310,6203
5311,6203
5004,6203
5202,6203
5809,6203
5906,6203
6004,6203
5203,6203
5205,6203
5206,6203
5207,6203
5003,6203
5005,6203
5006,6203
6215,6203
3203,6203
5201,6203
5301,6203
5306,6203
5307,6203
5804,6203
3506,6203
5808,6203
5303,6203
6210,6203
5803,6203
6213,6203
3905,6203
5811,6203
6305,6203
1505,6203
8308,6203
5001,6203
5002,6203
0501,6203
3904,6203
3909,6203
5305,6203
5302,6203
5101,6204
5102,6204
5103,6204
5104,6204
5105,6204
5106,6204
5107,6204
5108,6204
5109,6204
5111,6204
5112,6204
5509,6204
5510,6204
5515,6204
5516,6204
5602,6204
5801,6204
0501,6204
5802,6204
5806,6204
6003,6204
6006,6204
6104,6204
6206,6204
6214,6204
8444,6204
8445,6204
8446,6204
8451,6204
8452,6204
5401,6204
5508,6204
8420,6204
5002,6204
5406,6204
5609,6204
7319,6204
3202,6204
3204,6204
3809,6204
5606,6204
6307,6204
5201,6204
5202,6204
5203,6204
5205,6204
5206,6204
5204,6204
5207,6204
5208,6204
5209,6204
5407,6204
5513,6204
5514,6204
5211,6204
5212,6204
5601,6204
3203,6204
8213,6204
5807,6204
5810,6204
6001,6204
6213,6204
6217,6204
5603,6204
5402,6204
5403,6204
5408,6204
5501,6204
5502,6204
5503,6204
5504,6204
5505,6204
5506,6204
5507,6204
5511,6204
5210,6204
5512,6204
5902,6204
5903,6204
6005,6204
3506,6204
5604,6204
5605,6204
5804,6204
3908,6204
4304,6204
3926,6204
4002,6204
5007,6204
5308,6204
5309,6204
5310,6204
5311,6204
5906,6204
6004,6204
5004,6204
5006,6204
5110,6204
5306,6204
5307,6204
5001,6204
5003,6204
5005,6204
6215,6204
5113,6204
3403,6204
5803,6204
5301,6204
5303,6204
5305,6204
5808,6204
3812,6204
3901,6204
3902,6204
3903,6204
3904,6204
3905,6204
3906,6204
3912,6204
5809,6204
8308,6204
5811,6204
6210,6204
3205,6204
8447,6204
2927,6204
6603,6204
1505,6204
4102,6204
6305,6204
5302,6204
5201,6205
5202,6205
5203,6205
5205,6205
5206,6205
5516,6205
5204,6205
5207,6205
5208,6205
5209,6205
5401,6205
5407,6205
5508,6205
5509,6205
5510,6205
5513,6205
5514,6205
5609,6205
5212,6205
5601,6205
5801,6205
5802,6205
5806,6205
3204,6205
8444,6205
8445,6205
8446,6205
8451,6205
8452,6205
8213,6205
3809,6205
6001,6205
5810,6205
3203,6205
4706,6205
6307,6205
5111,6205
5112,6205
5402,6205
5403,6205
5406,6205
5408,6205
5503,6205
5504,6205
5505,6205
5506,6205
5507,6205
5511,6205
5512,6205
5515,6205
5210,6205
5211,6205
5603,6205
5604,6205
5902,6205
5903,6205
5807,6205
5606,6205
3902,6205
3908,6205
3901,6205
3912,6205
5007,6205
5309,6205
5310,6205
5311,6205
5004,6205
5006,6205
5106,6205
5107,6205
5108,6205
5109,6205
5307,6205
5308,6205
5005,6205
5101,6205
5103,6205
5104,6205
5105,6205
5301,6205
5306,6205
7319,6205
5001,6205
5002,6205
5003,6205
5303,6205
5906,6205
6217,6205
5808,6205
5001,6206
5002,6206
5003,6206
5004,6206
5005,6206
5006,6206
5007,6206
8444,6206
8445,6206
8446,6206
8448,6206
8451,6206
8452,6206
3204,6206
7319,6206
8213,6206
5810,6206
3203,6206
3809,6206
5804,6206
5808,6206
5806,6206
6307,6206
5101,6206
5102,6206
5103,6206
5104,6206
5105,6206
5106,6206
5107,6206
5108,6206
5109,6206
5111,6206
5112,6206
5509,6206
5510,6206
5515,6206
5516,6206
5801,6206
6006,6206
5606,6206
0501,6206
5201,6206
5202,6206
5203,6206
5204,6206
5205,6206
5206,6206
5207,6206
5208,6206
5209,6206
5212,6206
5407,6206
5508,6206
5513,6206
5514,6206
5609,6206
5601,6206
5802,6206
6001,6206
5807,6206
8308,6206
6106,6206
5210,6206
5211,6206
5402,6206
5408,6206
5501,6206
5502,6206
5503,6206
5504,6206
5505,6206
5506,6206
5507,6206
5511,6206
5512,6206
5603,6206
5809,6206
5902,6206
5903,6206
5401,6206
5403,6206
5406,6206
5604,6206
5803,6206
5605,6206
3506,6206
5309,6206
5310,6206
5311,6206
5308,6206
5906,6206
5113,6206
5301,6206
5303,6206
5306,6206
5307,6206
6217,6206
5401,6302
5402,6302
5403,6302
5406,6302
5503,6302
5504,6302
5505,6302
5506,6302
5507,6302
5508,6302
5509,6302
5510,6302
5511,6302
5516,6302
5210,6302
5211,6302
5407,6302
5408,6302
5512,6302
5513,6302
5514,6302
5515,6302
5601,6302
5603,6302
5606,6302
5609,6302
5801,6302
5802,6302
5804,6302
5806,6302
5902,6302
5903,6302
6001,6302
6003,6302
6005,6302
6006,6302
6304,6302
6307,6302
6308,6302
8445,6302
3204,6302
3809,6302
8444,6302
8451,6302
8446,6302
8452,6302
5810,6302
3403,6302
5007,6302
5301,6302
5303,6302
5306,6302
5308,6302
5309,6302
5310,6302
5311,6302
6213,6302
5302,6302
5307,6302
5101,6302
5103,6302
5104,6302
5105,6302
5106,6302
5107,6302
5108,6302
5109,6302
5110,6302
5111,6302
5112,6302
5001,6302
5002,6302
5003,6302
5004,6302
5005,6302
5006,6302
5305,6302
5201,6302
5202,6302
5203,6302
5204,6302
5205,6302
5206,6302
5207,6302
5209,6302
5208,6302
5212,6302
4706,6302
8447,6302
6004,6302
5602,6302
5803,6302
5102,6302
5401,6303
5402,6303
5403,6303
5404,6303
5405,6303
5406,6303
5407,6303
5408,6303
5501,6303
5502,6303
5503,6303
5504,6303
5505,6303
5506,6303
5507,6303
5508,6303
5509,6303
5510,6303
5511,6303
5512,6303
5515,6303
5516,6303
5606,6303
5609,6303
5801,6303
5902,6303
6001,6303
6003,6303
6005,6303
6006,6303
5601,6303
5603,6303
5802,6303
5804,6303
5806,6303
5903,6303
5906,6303
5907,6303
5911,6303
6002,6303
6004,6303
6113,6303
6307,6303
6308,6303
7019,6303
8444,6303
8445,6303
8420,6303
8446,6303
8447,6303
8451,6303
8452,6303
3204,6303
8477,6303
3809,6303
3905,6303
3906,6303
3909,6303
5602,6303
5810,6303
6114,6303
6301,6303
6302,6303
6304,6303
7319,6303
3403,6303
3506,6303
5604,6303
3926,6303
3904,6303
3920,6303
3921,6303
3919,6303
3908,6303
6603,6303
5004,6303
5101,6303
5103,6303
5106,6303
5107,6303
5108,6303
5110,6303
5201,6303
5202,6303
5203,6303
5204,6303
5205,6303
5206,6303
5207,6303
5208,6303
5301,6303
5306,6303
5307,6303
5308,6303
5513,6303
5005,6303
5105,6303
5109,6303
5007,6303
5111,6303
5112,6303
5209,6303
5212,6303
5309,6303
5310,6303
5311,6303
5514,6303
5104,6303
5113,6303
5001,6303
5002,6303
5003,6303
3203,6303
5006,6303
5811,6303
5303,6303
5305,6303
5803,6303
5807,6303
5102,6303
5211,6303
4706,6303
8213,6303
5808,6303
5210,6303
5905,6303
3901,6303
3902,6303
3903,6303
3912,6303
3910,6303
4304,6303
5302,6303
6210,6303
5809,6303
5901,6303
5605,6303
5805,6303
5004,6304
5106,6304
5107,6304
5108,6304
5109,6304
5110,6304
5202,6304
5205,6304
5206,6304
5207,6304
5308,6304
5401,6304
5402,6304
5403,6304
5509,6304
5510,6304
5511,6304
5501,6304
5503,6304
5505,6304
5506,6304
5601,6304
5806,6304
5902,6304
5906,6304
6001,6304
6002,6304
6003,6304
6004,6304
6005,6304
6006,6304
6302,6304
6307,6304
8447,6304
8451,6304
5606,6304
5101,6304
5103,6304
5104,6304
5105,6304
6301,6304
5006,6304
5102,6304
5306,6304
4304,6304
3907,6304
5007,6304
5111,6304
5112,6304
5201,6304
5203,6304
5204,6304
5208,6304
5209,6304
5210,6304
5211,6304
5212,6304
5309,6304
5310,6304
5311,6304
5407,6304
5408,6304
5512,6304
5513,6304
5514,6304
5515,6304
5516,6304
5801,6304
5802,6304
5504,6304
5507,6304
5603,6304
5602,6304
5809,6304
5903,6304
5904,6304
5905,6304
5907,6304
5406,6304
5508,6304
8446,6304
6210,6304
7019,6304
5811,6304
5803,6304
5804,6304
5810,6304
5307,6304
5113,6304
5301,6304
6308,6304
6303,6304
5005,6304
5303,6304
5002,6304
5003,6304
4823,6304
3901,6304
3908,6304
3909,6304
3920,6304
5702,6304
5703,6304
5805,6304
4805,6304
4807,6304
4808,6304
4811,6304
5302,6304
5305,6304
4706,6304
4403,6304
4404,6304
4407,6304
4408,6304
4409,6304
4412,6304
4413,6304
4418,6304
3921,6304
7009,6304
3905,6304
3906,6304
3506,6304
3926,6304
8302,6304
4106,6304
4107,6304
4113,6304
4405,6304
4410,6304
4411,6304
4701,6304
6808,6304
4007,6304
3919,6304
4814,6304
5704,6304
4114,6304
3925,6304
0505,6304
7020,6304
8306,6304
4420,6304
4421,6304
4601,6304
3912,6304
5807,6304
3903,6304
3904,6304
3911,6304
5901,6304
5808,6304
5301,6305
5302,6305
5303,6305
5307,6305
5308,6305
5310,6305
5311,6305
5802,6305
8446,6305
5911,6305
6307,6305
5201,6305
5202,6305
5203,6305
5205,6305
5206,6305
5208,6305
5209,6305
5212,6305
5509,6305
5510,6305
5513,6305
5514,6305
5516,6305
5601,6305
5801,6305
5806,6305
6001,6305
6003,6305
6005,6305
6006,6305
4706,6305
3908,6305
5501,6305
5503,6305
5506,6305
5210,6305
5211,6305
5402,6305
5404,6305
5407,6305
5408,6305
5504,6305
5505,6305
5507,6305
5511,6305
5512,6305
5515,6305
5603,6305
5604,6305
5609,6305
5902,6305
5903,6305
5906,6305
6002,6305
6004,6305
5406,6305
8444,6305
8477,6305
5405,6305
3901,6305
3902,6305
3915,6305
3920,6305
5309,6305
5602,6305
6210,6305
5306,6305
5111,6305
5113,6305
5305,6305
5605,6305
5402,6306
5407,6306
5408,6306
5501,6306
5502,6306
5503,6306
5504,6306
5505,6306
5506,6306
5507,6306
5509,6306
5510,6306
5511,6306
5512,6306
5515,6306
5516,6306
5601,6306
5801,6306
6001,6306
5401,6306
5403,6306
5404,6306
5405,6306
5508,6306
5902,6306
5210,6306
5211,6306
5513,6306
5604,6306
5606,6306
5609,6306
5802,6306
5806,6306
5903,6306
5906,6306
6002,6306
6003,6306
6004,6306
6005,6306
6006,6306
3909,6306
8444,6306
8445,6306
8446,6306
8451,6306
5911,6306
8420,6306
3506,6306
5406,6306
5607,6306
5608,6306
3919,6306
3920,6306
3921,6306
3901,6306
3902,6306
3903,6306
3904,6306
3905,6306
3907,6306
3908,6306
3912,6306
3915,6306
8477,6306
3812,6306
3911,6306
4002,6306
5603,6306
7019,6306
5602,6306
5905,6306
5907,6306
3916,6306
3906,6306
3910,6306
5201,6306
5202,6306
5203,6306
5204,6306
5205,6306
5206,6306
5208,6306
5209,6306
5212,6306
5309,6306
5310,6306
5311,6306
5514,6306
5303,6306
5307,6306
5004,6306
5106,6306
5107,6306
5207,6306
5302,6306
5306,6306
5308,6306
5301,6306
3809,6306
5105,6306
5305,6306
6310,6306
5113,6306
5901,6306
6307,6306
5110,6306
3926,6306
5005,6306
5809,6306
5807,6306
1401,6306
4601,6306
5605,6306
3403,6306
5910,6306
3208,6306
4001,6306
4003,6306
4004,6306
4005,6306
4006,6306
4007,6306
4008,6306
4016,6306
5909,6306
3925,6306
5101,6307
5105,6307
5106,6307
5107,6307
5108,6307
5111,6307
5112,6307
5201,6307
5202,6307
5203,6307
5204,6307
5205,6307
5206,6307
5207,6307
5208,6307
5209,6307
5308,6307
5407,6307
5503,6307
5504,6307
5505,6307
5506,6307
5507,6307
5509,6307
5510,6307
5513,6307
5516,6307
5601,6307
5801,6307
6001,6307
6302,6307
5007,6307
5210,6307
5211,6307
5212,6307
5309,6307
5310,6307
5311,6307
5401,6307
5402,6307
5403,6307
5408,6307
5501,6307
5502,6307
5511,6307
5512,6307
5514,6307
5515,6307
5603,6307
5605,6307
5606,6307
5609,6307
5802,6307
5806,6307
5809,6307
5902,6307
5906,6307
6002,6307
6003,6307
6004,6307
6005,6307
6006,6307
6308,6307
7019,6307
8445,6307
5113,6307
5508,6307
5602,6307
4601,6307
5004,6307
5301,6307
5302,6307
5303,6307
5306,6307
5307,6307
6210,6307
6213,6307
8444,6307
8446,6307
8447,6307
8448,6307
8451,6307
3204,6307
8420,6307
3809,6307
5005,6307
5006,6307
5103,6307
5109,6307
5110,6307
5406,6307
5003,6307
5104,6307
5404,6307
5405,6307
3506,6307
5102,6307
5305,6307
5810,6307
3203,6307
3206,6307
5803,6307
3403,6307
5811,6307
3908,6307
5804,6307
3912,6307
3906,6307
4007,6307
6301,6307
8452,6307
6104,6307
6204,6307
6103,6307
6106,6307
6111,6307
6206,6307
6113,6307
6704,6307
4304,6307
5901,6307
5905,6307
7319,6307
6214,6307
5807,6307
8213,6307
5001,6307
5002,6307
6215,6307
6112,6307
6211,6307
5805,6307
5808,6307
6108,6307
9024,6307
6109,6307
6208,6307
5004,6308
5005,6308
5101,6308
5103,6308
5104,6308
5105,6308
5106,6308
5107,6308
5108,6308
5109,6308
5110,6308
5111,6308
5201,6308
5203,6308
5205,6308
5206,6308
5207,6308
5402,6308
5503,6308
5504,6308
5506,6308
5507,6308
5509,6308
5510,6308
5511,6308
5112,6308
5406,6308
5516,6308
5202,6308
5204,6308
5208,6308
5209,6308
5210,6308
5211,6308
5212,6308
5308,6308
5401,6308
5403,6308
5407,6308
5408,6308
5508,6308
5512,6308
5513,6308
5514,6308
5609,6308
5006,6308
5404,6308
5405,6308
5501,6308
5502,6308
5505,6308
5309,6308
5310,6308
5311,6308
5601,6308
5801,6308
5802,6308
5806,6308
6001,6308
6006,6308
6302,6308
5007,6308
5515,6308
5604,6308
5605,6308
5606,6308
5804,6308
5902,6308
6003,6308
5807,6308
5808,6308
5810,6308
8420,6308
8444,6308
8445,6308
8446,6308
8447,6308
8448,6308
8451,6308
8452,6308
3809,6308
5306,6308
5307,6308
5301,6308
3203,6308
3204,6308
3206,6308
7019,6308
3403,6308
5702,6308
8213,6308
7319,6308
5102,6308
5113,6308
3506,6308
4601,6308
5303,6308
3205,6308
6307,6308
4304,6308
5003,6308
5001,6308
5002,6308
5302,6308
5305,6308
5111,6309
5112,6309
5201,6309
5208,6309
5209,6309
5210,6309
5211,6309
5309,6309
5311,6309
5512,6309
5513,6309
5514,6309
5516,6309
5006,6309
5307,6309
5308,6309
5501,6309
5502,6309
5503,6309
5508,6309
5509,6309
5510,6309
5511,6309
5902,6309
8444,6309
5007,6309
5113,6309
5810,6309
3204,6309
8451,6309
5811,6309
5103,6309
5104,6309
3403,6309
3809,6309
8446,6309
3203,6309
5303,6309
5306,6309
5001,6309
5103,6310
5202,6310
5303,6310
5305,6310
5302,6310
6309,6310
5911,6310
4001,6401
4002,6401
4003,6401
4004,6401
4005,6401
4006,6401
4007,6401
4008,6401
4013,6401
4016,6401
4017,6401
3812,6401
3901,6401
3902,6401
3903,6401
3904,6401
3905,6401
3906,6401
3908,6401
3909,6401
3911,6401
3920,6401
3921,6401
3926,6401
3506,6401
6406,6401
6404,6401
8477,6401
5603,6401
5604,6401
5903,6401
5906,6401
3910,6401
6002,6401
6004,6401
3925,6401
8420,6401
3405,6401
2926,6401
3909,6402
3910,6402
3911,6402
3921,6402
4001,6402
4002,6402
4003,6402
4004,6402
4005,6402
4006,6402
4007,6402
4008,6402
4013,6402
4016,6402
4017,6402
3812,6402
3901,6402
3902,6402
3903,6402
3904,6402
3905,6402
3906,6402
3907,6402
3908,6402
3920,6402
3926,6402
5407,6402
5603,6402
5604,6402
5903,6402
5906,6402
6401,6402
6406,6402
5501,6402
6004,6402
8477,6402
8308,6402
6002,6402
3925,6402
8420,6402
3405,6402
5603,6403
5911,6403
6004,6403
6404,6403
4302,6403
3912,3702
3906,3702
3206,3702
9006,3702
3704,3703
3707,3703
4805,3703
4806,3703
4810,3703
4811,3703
8441,3703
3204,3703
3206,3703
3809,3703
2843,3703
9010,3703
4823,3703
4701,3703
4702,3703
4705,3703
4706,3703
3912,3703
4812,3703
4822,3703
9006,3703
2927,3703
4804,3703
9008,3703
2823,3703
3701,3704
3702,3704
3703,3704
3707,3704
4802,3704
9010,3704
3912,3704
3204,3704
8439,3704
2843,3704
3920,3704
3921,3704
4806,3704
4805,3704
3206,3704
9006,3704
2927,3704
2843,3705
3704,3705
3707,3705
9010,3705
3701,3705
3702,3705
3703,3705
9006,3705
3204,3705
3701,3706
3702,3706
3704,3706
3920,3706
3707,3706
3204,3706
9010,3706
9007,3706
3912,3706
3206,3706
3215,3706
2843,3707
2927,3707
3204,3707
3206,3707
3702,3707
3912,3707
3701,3707
3704,3707
3705,3707
2902,3707
2914,3707
2708,3801
2713,3801
2803,3801
8514,3801
6815,3801
2504,3801
2706,3801
8419,3801
8417,3801
8545,3801
4402,3802
2530,3802
4701,3804
2815,3804
3806,3805
2832,3805
1301,3806
3301,3806
3803,3806
3805,3806
3807,3806
4401,3807
4403,3807
1301,3807
3806,3807
2903,3808
2904,3808
2931,3808
2813,3808
2814,3808
2913,3808
2928,3808
3923,3808
8424,3808
2942,3808
2930,3808
7010,3808
2908,3808
2924,3808
2909,3808
2915,3808
2707,3808
2902,3808
2806,3808
2807,3808
2808,3808
2916,3808
2918,3808
2905,3808
2921,3808
2919,3808
2801,3808
2828,3808
2503,3808
2802,3808
2926,3808
2929,3808
3827,3808
2810,3808
2817,3808
7310,3808
2927,3808
2932,3808
1520,3808
2907,3808
3805,3808
2901,3808
2939,3808
2834,3808
2815,3808
2827,3808
1201,1208
1207,1208
2304,1208
1202,1208
1204,1208
1205,1208
1206,1208
2306,1208
2305,1208
1203,1208
3101,1209
3102,1209
3104,1209
3105,1209
6305,1209
3102,1210
3104,1210
3105,1210
3104,1211
3808,1211
2930,1211
8424,1211
3102,1211
3105,1211
1209,1211
3101,1211
3103,1211
0602,1211
3301,1211
0909,1211
6305,1211
0906,1211
3102,1212
3103,1212
3104,1212
3105,1212
8438,1212
6305,1212
3101,1212
8433,1213
8433,1214
8436,1214
1209,1214
3101,1214
3102,1214
3103,1214
3104,1214
3105,1214
8432,1214
6305,1214
3808,1214
2308,1214
2309,1214
8701,1214
1003,1214
1004,1214
3301,1301
3805,1301
3806,1301
8421,1302
8438,1302
0709,1302
1212,1302
1404,1302
0814,1302
3913,1302
4601,1401
1213,1401
5401,5514
5402,5514
5503,5514
5504,5514
5506,5514
5507,5514
5508,5514
5509,5514
5510,5514
5511,5514
5515,5514
5516,5514
5609,5514
5201,5514
5202,5514
5203,5514
5204,5514
5911,5514
8420,5514
8444,5514
8445,5514
8446,5514
8448,5514
8451,5514
3204,5514
3809,5514
5601,5514
5212,5514
5606,5514
5505,5514
5801,5514
5501,5514
5502,5514
2927,5514
3908,5514
5503,5515
5504,5515
5505,5515
5506,5515
5507,5515
5509,5515
5510,5515
5511,5515
5512,5515
5601,5515
5403,5515
5902,5515
8420,5515
8444,5515
8445,5515
8446,5515
8448,5515
8451,5515
3204,5515
5401,5515
5508,5515
3809,5515
5911,5515
3403,5515
5609,5515
5606,5515
5402,5515
5501,5515
5502,5515
5406,5515
2927,5515
5604,5515
3908,5515
3901,5515
3902,5515
3904,5515
5402,5516
5403,5516
5501,5516
5502,5516
5503,5516
5504,5516
5505,5516
5506,5516
5507,5516
5508,5516
5509,5516
5510,5516
5511,5516
5601,5516
8420,5516
8444,5516
8445,5516
8446,5516
8448,5516
8451,5516
5911,5516
3204,5516
3809,5516
5609,5516
3403,5516
5401,5516
5406,5516
3912,5516
5606,5516
4304,5516
6308,5516
3905,5516
3908,5516
3901,5516
3906,5516
5201,5601
5202,5601
5203,5601
8445,5601
5503,5601
5504,5601
5505,5601
5506,5601
5507,5601
5509,5601
5510,5601
5515,5601
8444,5601
5603,5601
5301,5601
5303,5601
5302,5601
5103,5601
5104,5601
5911,5601
8449,5601
5305,5601
5101,5602
5102,5602
5103,5602
5104,5602
5105,5602
5106,5602
5107,5602
5108,5602
5111,5602
5112,5602
5201,5602
5203,5602
5308,5602
5501,5602
5502,5602
5503,5602
5504,5602
5505,5602
5506,5602
5507,5602
5509,5602
5510,5602
5511,5602
5512,5602
5515,5602
5516,5602
5601,5602
5109,5602
5911,5602
8420,5602
8444,5602
8449,5602
8451,5602
5902,5602
5603,5602
5202,5602
5205,5602
5206,5602
5301,5602
3809,5602
5303,5602
5110,5602
3908,5602
3403,5602
5302,5602
5305,5602
1505,5602
3912,5602
0502,5602
4102,5602
5307,5602
5306,5602
5906,5602
4706,5602
8477,5602
2524,5602
3404,5602
5501,5603
5502,5603
3902,5603
8445,5603
8420,5603
8444,5603
8451,5603
3901,5603
3903,5603
3905,5603
3908,5603
3909,5603
3912,5603
3915,5603
5503,5603
5506,5603
3910,5603
8477,5603
8449,5603
8419,5603
3906,5603
5402,5603
5403,5603
5504,5603
5505,5603
5509,5603
5510,5603
5511,5603
5601,5603
5902,5603
5404,5603
5405,5603
5406,5603
5911,5603
5604,5603
8421,5603
3904,5603
3403,5603
5515,5603
4002,5603
3911,5603
5101,5603
5102,5603
5105,5603
5201,5603
5202,5603
5203,5603
5301,5603
5302,5603
5303,5603
5305,5603
5308,5603
4701,5603
4702,5603
4703,5603
4704,5603
4705,5603
4706,5603
4823,5603
3913,5603
5104,5603
5205,5603
5206,5603
4004,5603
2716,5603
5307,5603
4001,5604
4002,5604
4003,5604
4004,5604
4005,5604
4006,5604
4007,5604
4016,5604
5501,5604
5911,5604
8420,5604
8477,5604
5603,5604
5903,5604
5906,5604
2803,5604
3812,5604
5602,5604
2902,5604
5609,5604
2901,5604
5606,5604
2926,5604
5406,5605
5501,5605
5502,5605
5507,5605
5511,5605
5606,5605
5609,5605
8444,5605
7107,5605
7109,5605
8445,5605
7106,5605
7108,5605
7110,5605
7205,5605
7406,5605
7504,5605
7603,5605
7804,5605
7903,5605
8102,5605
8108,5605
8109,5605
7409,5605
7506,5605
7601,5605
7905,5605
8003,5605
5911,5605
7408,5605
2841,5605
7405,5605
7602,5605
7604,5605
7605,5605
7616,5605
8001,5605
7403,5605
7404,5605
7407,5605
7419,5605
2843,5605
3809,5605
3206,5605
7223,5605
7413,5605
7505,5605
7614,5605
8101,5605
7901,5605
7904,5605
7410,5605
7607,5605
3908,5605
7502,5605
7503,5605
7508,5605
7902,5605
7907,5605
8110,5605
2607,7804
2617,7804
2824,7804
7801,7804
7802,7804
7806,7804
8549,7804
8417,7804
8514,7804
8454,7804
2607,7806
2824,7806
7801,7806
7802,7806
7804,7806
8549,7806
2608,7901
8514,7901
8474,7901
7902,7901
8454,7901
2608,7903
2617,7903
7901,7903
7902,7903
7907,7903
8417,7903
8514,7903
8474,7903
2608,7904
7901,7904
7902,7904
7903,7904
7907,7904
8455,7904
8417,7904
8514,7904
2716,7904
8454,7904
8480,7904
2608,7905
7901,7905
7902,7905
7903,7905
7904,7905
7907,7905
8455,7905
8417,7905
8514,7905
2716,7905
2608,7907
7901,7907
7902,7907
7903,7907
7904,7907
7905,7907
2817,7907
2716,7907
2609,8001
8454,8001
8002,8001
2609,8003
8001,8003
8002,8003
8007,8003
8455,8003
8454,8003
8514,8003
8462,8003
2716,8003
2609,8007
8001,8007
8002,8007
8003,8007
2611,8101
8514,8101
2613,8102
8514,8102
2615,8103
8514,8103
8549,8103
2519,8104
2518,8104
8417,8104
8514,8104
2605,8105
2822,8105
8454,8105
2614,8108
8514,8108
2823,8108
8456,8108
8515,8108
7601,8529
7605,8529
7404,8529
7408,8529
7409,8529
8544,8529
8532,8529
8533,8529
8534,8529
8542,8529
8541,8529
8504,8529
8536,8529
9001,8529
7405,8529
7410,8529
8525,8529
8546,8529
8540,8529
8506,8529
7207,8530
7208,8530
7209,8530
7211,8530
7213,8530
7214,8530
7215,8530
7217,8530
7218,8530
7219,8530
7220,8530
7221,8530
7222,8530
7225,8530
7226,8530
7228,8530
7229,8530
7304,8530
7326,8530
7904,8530
8504,8530
8535,8530
8543,8530
7312,8530
7403,8530
7404,8530
7405,8530
7407,8530
7408,8530
7409,8530
7410,8530
7411,8530
7412,8530
7413,8530
7419,8530
7614,8530
8544,8530
8534,8530
8542,8530
8546,8530
3919,8530
3921,8530
3925,8530
3926,8530
4002,8530
4005,8530
4007,8530
4016,8530
4017,8530
7210,8530
7212,8530
7601,8530
7604,8530
7605,8530
7606,8530
7610,8530
7616,8530
7905,8530
8538,8530
8531,8530
8506,8530
8507,8530
8607,8530
8608,8530
9032,8530
8541,8530
8536,8530
7019,8530
9001,8530
7206,8530
7216,8530
7224,8530
7306,8530
7308,8530
7315,8530
7318,8530
7325,8530
3916,8530
3920,8530
8479,8530
7003,8530
7004,8530
7005,8530
7007,8530
7320,8530
7020,8530
8533,8530
8532,8530
8501,8530
8503,8530
3904,8530
8539,8530
4811,8530
3906,8530
7602,8530
7608,8530
8310,8530
7223,8530
7901,8530
7014,8530
4001,8530
4003,8530
4009,8530
3901,8530
3908,8530
3909,8530
3915,8530
9002,8530
9013,8530
8526,8530
8512,8530
7317,8530
8537,8530
7506,8530
9033,8530
8534,8531
8542,8531
8533,8531
8541,8531
8532,8531
8536,8531
8544,8531
9001,8531
8501,8531
8504,8531
8546,8531
8547,8531
8543,8531
3919,8531
3925,8531
3926,8531
8506,8531
7413,8531
8538,8531
8537,8531
8507,8531
8539,8531
7407,8531
7801,8531
7904,8531
8529,8531
8475,8531
8512,8531
8530,8531
7408,8531
7403,8531
7409,8531
9002,8531
7601,8531
7606,8531
7616,8531
8503,8531
9032,8531
9033,8531
7410,8532
2803,8532
3801,8532
8545,8532
6814,8532
8544,8532
8546,8532
8547,8532
7403,8532
7408,8532
7409,8532
8538,8532
8543,8532
3907,8532
7905,8532
7804,8532
7402,8532
7404,8532
7405,8532
7407,8532
7419,8532
7505,8532
8003,8532
7406,8532
7506,8532
7601,8532
7605,8532
7616,8532
3901,8532
3903,8532
3904,8532
3920,8532
3926,8532
7901,8532
7904,8532
3910,8532
3911,8532
2615,8532
8103,8532
7107,8532
7502,8532
7902,8532
7903,8532
7907,8532
8001,8532
8002,8532
7501,8532
7503,8532
7504,8532
7508,8532
8105,8532
2843,8532
7604,8532
7606,8532
7602,8532
7603,8532
8534,8532
8486,8532
3818,8532
2810,8532
8112,8532
2525,8532
3906,8532
2504,8532
8110,8532
2603,8532
9033,8532
7801,8532
2823,8532
2817,8532
2822,8532
2803,8533
2504,8533
3801,8533
8546,8533
7402,8533
7403,8533
7404,8533
7405,8533
7407,8533
7408,8533
7409,8533
7410,8533
7419,8533
7505,8533
3907,8533
3909,8533
8534,8533
3818,8533
7106,8533
7501,8533
7502,8533
7503,8533
7504,8533
7506,8533
7508,8533
8103,8533
7603,8533
2849,8533
8545,8533
7616,8533
7804,8533
7905,8533
6814,8533
7107,8533
2843,8533
7223,8533
3910,8533
3903,8533
8544,8533
7406,8533
7801,8533
2822,8533
2823,8533
7903,8533
8101,8533
3926,8533
7605,8533
7110,8533
8112,8533
8105,8533
7904,8533
8003,8533
8007,8533
8002,8533
7907,8533
8538,8533
7409,8534
7410,8534
3919,8534
3920,8534
3921,8534
8442,8534
8443,8534
8543,8534
8468,8534
8515,8534
7408,8534
7607,8534
3907,8534
3909,8534
7019,8534
7406,8534
7501,8534
7504,8534
7506,8534
2843,8534
8456,8534
3910,8534
3911,8534
7402,8534
7403,8534
8544,8534
8546,8534
8547,8534
8546,8535
8547,8535
7403,8535
7408,8535
7409,8535
7413,8535
8544,8535
7601,8535
7605,8535
7218,8535
7223,8535
7224,8535
7225,8535
7229,8535
7106,8535
7110,8535
3907,8535
8543,8535
3801,8535
7901,8535
7903,8535
7907,8535
2843,8535
7107,8535
7502,8535
7504,8535
7804,8535
8001,8535
8110,8535
3909,8535
3910,8535
3926,8535
7506,8535
7606,8535
7905,8535
7407,8535
7505,8535
7604,8535
7801,8535
7902,8535
7904,8535
8003,8535
8504,8535
2604,8535
7501,8535
7503,8535
7508,8535
7602,8535
7616,8535
7410,8535
7802,8535
7806,8535
8538,8535
8541,8535
8542,8535
2603,8535
7402,8535
7404,8535
7405,8535
7406,8535
7411,8535
7419,8535
8002,8535
8112,8535
8101,8535
2716,8535
8502,8535
8007,8535
7412,8535
7219,8535
7220,8535
3903,8535
8534,8535
4016,8535
8533,8535
8532,8535
3904,8535
4017,8535
8507,8535
7226,8535
2849,8535
3818,8535
7222,8535
8503,8535
7326,8535
7215,8535
7206,8535
3920,8535
9033,8535
7603,8535
2817,8535
7019,8535
7608,8535
3925,8535
2603,8536
7106,8536
7402,8536
7403,8536
7404,8536
7405,8536
7406,8536
7407,8536
7408,8536
7409,8536
7410,8536
7411,8536
7413,8536
7419,8536
7502,8536
7601,8536
7801,8536
7901,8536
8001,8536
2843,8536
7107,8536
7110,8536
7504,8536
8110,8536
2606,8536
7224,8536
7602,8536
7603,8536
7604,8536
7605,8536
7606,8536
7616,8536
7904,8536
8002,8536
8003,8536
8112,8536
8544,8536
8546,8536
8547,8536
3907,8536
3920,8536
3926,8536
7905,8536
7218,8536
7902,8536
7903,8536
7907,8536
8007,8536
3801,8536
8545,8536
8543,8536
9033,8536
4017,8536
7219,8536
7223,8536
7229,8536
2716,8536
8538,8536
7503,8536
7505,8536
7506,8536
7508,8536
8534,8536
8101,8536
3910,8536
8105,8536
2604,8536
8103,8536
7806,8536
8541,8536
8542,8536
3903,8536
3904,8536
8532,8536
3909,8536
8504,8536
8533,8536
7412,8536
8503,8536
7019,8536
3818,8536
3901,8536
7608,8536
3925,8536
3908,8536
8506,8536
9032,8536
8507,8536
9001,8536
7413,8537
8544,8537
8546,8537
8536,8537
8534,8537
8542,8537
8504,8537
8547,8537
4016,8537
7403,8537
7408,8537
9030,8537
8532,8537
8533,8537
8541,8537
7404,8537
7407,8537
7409,8537
7411,8537
7419,8537
8501,8537
8538,8537
8543,8537
7402,8537
7405,8537
7410,8537
3926,8537
7209,8537
7210,8537
7212,8537
7219,8537
7220,8537
7905,8537
3919,8537
3920,8537
3921,8537
7606,8537
8503,8537
7406,8537
7601,8537
7206,8537
7207,8537
7216,8537
7218,8537
7222,8537
7224,8537
7306,8537
7326,8537
3904,8537
7506,8537
7604,8537
7605,8537
7616,8537
7804,8537
3901,8537
3902,8537
3903,8537
3905,8537
3906,8537
3907,8537
3909,8537
4002,8537
3925,8537
4008,8537
4017,8537
3506,8537
7208,8537
2716,8537
8515,8537
9032,8537
7211,8537
8535,8537
8468,8537
3926,8538
8544,8538
8546,8538
8547,8538
7107,8538
7217,8538
7403,8538
7404,8538
7405,8538
7407,8538
7408,8538
7409,8538
7410,8538
7411,8538
7413,8538
7419,8538
7505,8538
7218,8538
3919,8538
7219,8538
7506,8538
7601,8538
7602,8538
7603,8538
7604,8538
7605,8538
7606,8538
7608,8538
7616,8538
7804,8538
7905,8538
8535,8538
8536,8538
8534,8538
8542,8538
8475,8538
3909,8538
3920,8538
8504,8538
4016,8538
4017,8538
8501,8538
8543,8538
8537,8538
8541,8538
8532,8538
8533,8538
7220,8538
7229,8538
7223,8538
8502,8538
7904,8538
8003,8538
3901,8538
3903,8538
8507,8538
2603,8538
7106,8538
7108,8538
7402,8538
7406,8538
7412,8538
7502,8538
7801,8538
7901,8538
8001,8538
3907,8538
8505,8538
3904,8538
3906,8538
3908,8538
3910,8538
8486,8538
2804,8538
3818,8538
8101,8538
8506,8538
8549,8538
7003,8539
7004,8539
7002,8539
7011,8539
8546,8539
7110,8539
7601,8539
8101,8539
8108,8539
8112,8539
7403,8539
7408,8539
8544,8539
8475,8539
8536,8539
3926,8539
2716,8539
7006,8539
7020,8539
2804,8539
3206,8539
7603,8539
7404,8539
7407,8539
7409,8539
7602,8539
7604,8539
7616,8539
8541,8539
7001,8539
8538,8539
8543,8539
2606,8539
7605,8539
7901,8539
3903,8539
3909,8539
3910,8539
3920,8539
3925,8539
7405,8539
7410,8539
7419,8539
8545,8539
2803,8539
2805,8539
7608,8539
2852,8539
8535,8539
3801,8539
2846,8539
7502,8539
8534,8539
7107,8539
7902,8539
8104,8539
8105,8539
8110,8539
7801,8539
7806,8539
7406,8539
8547,8539
3906,8539
3818,8539
7504,8539
7903,8539
3901,8539
8506,8539
2843,8539
8545,8540
2846,8540
2803,8540
9001,9012
9002,9012
8534,9012
7110,9012
9001,9013
9002,9013
8534,9013
8542,9013
8544,9013
8541,9013
7003,9013
7004,9013
7005,9013
7006,9013
7020,9013
3907,9013
8486,9013
9033,9013
7409,9013
7408,9013
8546,9013
7405,9013
2846,9013
3818,9013
7403,9013
7410,9013
3910,9013
8542,9014
8534,9014
9002,9014
7419,9014
9032,9014
8526,9014
7408,9014
9033,9014
9001,9015
9002,9015
9013,9015
8534,9015
8542,9015
9017,9015
9030,9015
9031,9015
8532,9015
9032,9015
9033,9015
9025,9015
8526,9015
8534,9016
7404,9016
9032,9016
9031,9017
9002,9017
8542,9018
8534,9018
8501,9018
8544,9018
8506,9018
8507,9018
8504,9018
9030,9018
7403,9018
7405,9018
7407,9018
7408,9018
7409,9018
7411,9018
7419,9018
8536,9018
7218,9018
7219,9018
7220,9018
7222,9018
7223,9018
8532,9018
8533,9018
8503,9018
8541,9018
3907,9018
7106,9018
9022,9018
8538,9018
9013,9018
8543,9018
8108,9018
7110,9018
2843,9018
3910,9018
9032,9018
9001,9018
9002,9018
8479,9018
9033,9018
4016,9018
7410,9018
3926,9018
8307,9018
3822,9018
7020,9018
4017,9018
8103,9018
7108,9018
7017,9018
9004,9018
9011,9018
8543,9019
9018,9019
9032,9019
8479,9019
9033,9019
8414,9019
9020,9019
3802,9020
4002,9020
4007,9020
4008,9020
4009,9020
4016,9020
3917,9020
8307,9020
4017,9020
5911,9020
3910,9020
5603,9020
3926,9020
8414,9020
7019,9020
7311,9020
3901,9020
3904,9020
7613,9020
3908,9020
7218,9021
7219,9021
7220,9021
7221,9021
7222,9021
8108,9021
8477,9021
3903,9021
3908,9021
3909,9021
3910,9021
7320,9021
5603,9021
7019,9021
5803,9021
9018,9021
3006,9021
4001,9021
4002,9021
4005,9021
4007,9021
4008,9021
4016,9021
4017,9021
7223,9021
7229,9021
7419,9021
7907,9021
3920,9021
3926,9021
7403,9021
5604,9021
5906,9021
7325,9021
9033,9021
6002,9021
3905,9021
3906,9021
3907,9021
3912,9021
6809,9021
2614,9021
3902,9021
3901,9021
3904,9021
7616,9021
8456,9021
7506,9021
7504,9021
5504,9021
5515,9021
6004,9021
6005,9021
6006,9021
8518,9021
8542,9022
8532,9022
8504,9022
9030,9022
7804,9022
8543,9022
8502,9022
8101,9022
8479,9022
8534,9022
8544,9022
8546,9022
8535,9022
8541,9022
2716,9022
9001,9022
9002,9022
8538,9022
7403,9022
7408,9022
7409,9022
7419,9022
9032,9022
9018,9022
7606,9022
8103,9022
3926,9022
7404,9022
7407,9022
7410,9022
7411,9022
7219,9022
8547,9022
2844,9022
2845,9022
7801,9022
7806,9022
7020,9022
7907,9022
7218,9022
7222,9022
8108,9022
8112,9022
7110,9022
8540,9022
2612,9022
7017,9022
7004,9022
2611,9022
7505,9022
8102,9022
7402,9022
7413,9022
7506,9022
7604,9022
7616,9022
2511,9022
2846,9022
7802,9022
8109,9022
7406,9022
3801,9022
8545,9022
8503,9022
8542,9023
7003,9023
3926,9023
8534,9023
9001,9023
9002,9023
7002,9023
7020,9023
9017,9023
9033,9023
7326,9024
8501,9024
8543,9024
8207,9024
8463,9024
8466,9024
7306,9024
7325,9024
7419,9024
7320,9024
9027,9024
9031,9024
8479,9024
8419,9024
9032,9024
7408,9024
7223,9024
7616,9024
8431,9024
8473,9024
8477,9024
8102,9024
8487,9024
8538,9024
8209,9024
8505,9024
9033,9024
2716,9024
3926,9024
3925,9024
8112,9024
8113,9024
7017,9025
7020,9025
3926,9025
2805,9025
7005,9025
7014,9025
9026,9025
9027,9025
7001,9025
7403,9025
7409,9025
7419,9025
9002,9025
9033,9025
8534,9026
8542,9026
7020,9026
9002,9026
3917,9026
7408,9026
7409,9026
7218,9026
7411,9026
7608,9026
8307,9026
8506,9026
8541,9026
3910,9026
7110,9026
7403,9026
7405,9026
8543,9026
9028,9026
9031,9026
9032,9026
8479,9026
9033,9026
7407,9026
8533,9026
7404,9026
7419,9026
7223,9026
3926,9026
8532,9026
9001,9026
8538,9026
9025,9026
7413,9026
8544,9026
7222,9026
7224,9026
7326,9026
7609,9026
7219,9026
7220,9026
7221,9026
7410,9026
7605,9026
4017,9026
3907,9026
7320,9026
7020,9027
7411,9027
2716,9027
7405,9027
2846,9027
9016,9027
3818,9027
8539,9027
2506,9027
7003,9027
7004,9027
7006,9027
2916,3906
3815,3906
8477,3906
3926,3906
2901,3906
2917,3906
2711,3906
2815,3906
2912,3907
3815,3907
2905,3907
2911,3907
2942,3907
2909,3907
2910,3907
2815,3907
2919,3907
2921,3907
8477,3907
2707,3907
2836,3907
2716,3907
8419,3907
2709,3907
3806,3907
8514,3907
8420,3907
2921,3908
2814,3908
3815,3908
2922,3908
2924,3908
8420,3908
5501,3908
2814,3909
2912,3909
3815,3909
2806,3909
8419,3909
2922,3909
2921,3909
2716,3909
2929,3909
8514,3909
2815,3909
2910,3909
2917,3909
2907,3909
2908,3909
2902,3909
3817,3909
3824,3909
2707,3909
1520,3909
3823,3909
2506,3910
3815,3910
2707,3911
2709,3911
2710,3911
2713,3911
2711,3911
2901,3911
2902,3911
2904,3911
3805,3911
3817,3911
3815,3911
3903,3911
3806,3911
2830,3911
4701,3912
4702,3912
4703,3912
4704,3912
4705,3912
4706,3912
2815,3912
3804,3912
8420,3912
1212,3913
4001,3913
8477,3913
3901,3914
3903,3914
3904,3914
3905,3914
3906,3914
3907,3914
3911,3914
3913,3914
3908,3914
8477,3914
3912,3914
3926,3914
3926,3915
8477,3916
3901,3916
3904,3916
3926,3916
3902,3916
3903,3916
3905,3916
3907,3916
3908,3916
5501,3916
3906,3916
3812,3917
3915,3917
8477,3917
3909,3917
3920,3917
3921,3917
3926,3917
3901,3917
3907,3917
3916,3917
8420,3917
3902,3917
3904,3917
3925,3917
3903,3917
3905,3917
3906,3917
3911,3917
3904,3918
3915,3918
3921,3918
3812,3918
8477,3918
8420,3918
3506,3918
3919,3918
3920,3918
3905,3918
5903,3918
3926,3918
3901,3918
3902,3918
3903,3918
3907,3918
3908,3918
3909,3918
3910,3918
5501,3918
3208,3918
3906,3918
3911,3918
2823,3918
4002,3918
3925,3918
3404,3918
3901,3919
3902,3919
3903,3919
3904,3919
3905,3919
3907,3919
3909,3919
3915,3919
3921,3919
3908,3919
3910,3919
3906,3919
3911,3919
3812,3919
3926,3919
3506,3919
8420,3919
8477,3919
2910,3919
3925,3919
2711,3920
2901,3920
3901,3920
3915,3920
3907,3920
3921,3920
3815,3920
8477,3920
8420,3920
3812,3920
2823,3920
3926,3920
2709,3920
2713,3920
3925,3920
3902,3920
2902,3920
3903,3920
2707,3920
9024,3920
2716,3920
2903,3920
3904,3920
2710,3920
2806,3920
2803,3920
3404,3920
3910,3920
3905,3920
3906,3920
2926,3920
7112,8549
7503,8549
7404,8549
8002,8549
8501,8601
8502,8601
8503,8601
8543,8601
8504,8601
8507,8601
7302,8601
8602,8601
8607,8601
8537,8601
8538,8601
7207,8601
7224,8601
7610,8601
8482,8601
8530,8601
8608,8601
8544,8601
8535,8601
8536,8601
7403,8601
7408,8601
7419,8601
8546,8601
8547,8601
8542,8601
8506,8601
8532,8601
8541,8601
8548,8601
8533,8601
2716,8601
7225,8601
8483,8601
8505,8601
7405,8601
7407,8601
8408,8602
8409,8602
8501,8602
8607,8602
7224,8602
7302,8602
7228,8602
8530,8602
8608,8602
8482,8602
8483,8602
8412,8602
8503,8602
8407,8602
7225,8602
8507,8602
7204,8602
7206,8602
7207,8602
7208,8602
7209,8602
7210,8602
7211,8602
7212,8602
7213,8602
7214,8602
7215,8602
7216,8602
7217,8602
7218,8602
7219,8602
7221,8602
7222,8602
7226,8602
7227,8602
7304,8602
7305,8602
7306,8602
7326,8602
7308,8602
7229,8602
7312,8602
8603,8602
7606,8602
7403,8602
7404,8602
7405,8602
7407,8602
7408,8602
7419,8602
7325,8602
8504,8602
6813,8602
7201,8602
7203,8602
7205,8602
7223,8602
7315,8602
7318,8602
7320,8602
7601,8602
7604,8602
8455,8602
7502,8602
7610,8602
7616,8602
8601,8602
8457,8602
8468,8602
8473,8602
8479,8602
8501,8603
7204,8603
7206,8603
7207,8603
7208,8603
7209,8603
7210,8603
7211,8603
7212,8603
7213,8603
7214,8603
7215,8603
7216,8603
7217,8603
7218,8603
7219,8603
7220,8603
7221,8603
7222,8603
7224,8603
7225,8603
7226,8603
7227,8603
7228,8603
7229,8603
7301,8603
7304,8603
7305,8603
7306,8603
7326,8603
7606,8603
8455,8603
7302,8603
8607,8603
8507,8603
7007,8603
7409,8603
7601,8603
7602,8603
7604,8603
7605,8603
7608,8603
7610,8603
7616,8603
7905,8603
8482,8603
8483,8603
8544,8603
8502,8603
8503,8603
8543,8603
7308,8603
8608,8603
7312,8603
7408,8603
7325,8603
8530,8603
7320,8603
8601,8603
7403,8603
7404,8603
7407,8603
7415,8603
7419,8603
4005,8603
7205,8603
7315,8603
7318,8603
7502,8603
7603,8603
7609,8603
7412,8603
7223,8603
8479,8603
8407,8603
8408,8603
8412,8603
8602,8603
3208,8603
7904,8603
8484,8603
9032,8603
8511,8603
7614,8603
2606,8603
7411,8603
3925,8603
7505,8603
8457,8603
8468,8603
8515,8603
7201,8604
7203,8604
7204,8604
7205,8604
7206,8604
7207,8604
7208,8604
7209,8604
7210,8604
7211,8604
7212,8604
7213,8604
7214,8604
7215,8604
7216,8604
7217,8604
7218,8604
7219,8604
7220,8604
7221,8604
7222,8604
7223,8604
7224,8604
7225,8604
7226,8604
7227,8604
7228,8604
7229,8604
7301,8604
7304,8604
7305,8604
7306,8604
7308,8604
7312,8604
7315,8604
7318,8604
7320,8604
7325,8604
7326,8604
7601,8604
7604,8604
7904,8604
8003,8604
8407,8604
8408,8604
8409,8604
8412,8604
8607,8604
8608,8604
8502,8604
8544,8604
8462,8604
4011,8604
4012,8604
8483,8604
8482,8604
8426,8604
8468,8604
8479,8604
8207,8604
8457,8604
8459,8604
8530,8604
8501,8604
8503,8604
8543,8604
8603,8604
7610,8604
8505,8604
8507,8604
4009,8604
7606,8604
3925,8604
3926,8604
7608,8604
7609,8604
7502,8604
8431,8604
8466,8604
7415,8604
7616,8604
9031,8604
4002,8604
4005,8604
4016,8604
7409,8604
7905,8604
7407,8604
7505,8604
8102,8604
8204,8604
8467,8604
8425,8604
7207,8605
7208,8605
7209,8605
7211,8605
7213,8605
7214,8605
7215,8605
7217,8605
7218,8605
7219,8605
7220,8605
7221,8605
7222,8605
7225,8605
7226,8605
7227,8605
7228,8605
7229,8605
7304,8605
7326,8605
7904,8605
7204,8605
7205,8605
7206,8605
7210,8605
7212,8605
7216,8605
7224,8605
7301,8605
7302,8605
7305,8605
7306,8605
7307,8605
7308,8605
7312,8605
7318,8605
7320,8605
7325,8605
7610,8605
8412,8605
8501,8605
8503,8605
8606,8605
8607,8605
7223,8605
7317,8605
7408,8605
7003,8605
7007,8605
7407,8605
7601,8605
7602,8605
7604,8605
7605,8605
7606,8605
7608,8605
7609,8605
7616,8605
7403,8605
7405,8605
7409,8605
7411,8605
7415,8605
7419,8605
8544,8605
4406,8605
4007,8605
4016,8605
3208,8605
3506,8605
7315,8605
3925,8605
3926,8605
7412,8605
8602,8605
7502,8605
8530,8605
8483,8605
8455,8605
8482,8605
4002,8605
4005,8605
4017,8605
8477,8605
7506,8605
7905,8605
4407,8605
4412,8605
4413,8605
7201,8605
8601,8605
8484,8605
8428,8605
8456,8605
8457,8605
8462,8605
8479,8605
9032,8605
8473,8605
8515,8605
9033,8605
5903,8605
5911,8605
8468,8605
2601,8606
7201,8606
7202,8606
7203,8606
7204,8606
7205,8606
7206,8606
7207,8606
7208,8606
7209,8606
7210,8606
7211,8606
7212,8606
7213,8606
7214,8606
7215,8606
7216,8606
7217,8606
7218,8606
7219,8606
7220,8606
7221,8606
7222,8606
7224,8606
7225,8606
7226,8606
7227,8606
7228,8606
7229,8606
7301,8606
7302,8606
7303,8606
7304,8606
7306,8606
7307,8606
7308,8606
7312,8606
7315,8606
7318,8606
7320,8606
7325,8606
7326,8606
7601,8606
7901,8606
7904,8606
8003,8606
8455,8606
7409,8606
7506,8606
7602,8606
7604,8606
7605,8606
7606,8606
7608,8606
7610,8606
7616,8606
7905,8606
7305,8606
8602,8606
8603,8606
8607,8606
8608,8606
8482,8606
8483,8606
7411,8606
7507,8606
7609,8606
8544,8606
8530,8606
4002,8606
4005,8606
4007,8606
8479,8606
2606,8606
7407,8606
7505,8606
7614,8606
8501,8606
8503,8606
8457,8606
8468,8606
8515,8606
8458,8606
8462,8606
8412,8606
3917,8606
3925,8606
7317,8606
7415,8606
7223,8606
7405,8606
7502,8606
8484,8606
4403,8606
4407,8606
4413,8606
8407,8606
8408,8606
7403,8606
7404,8606
7408,8606
7412,8606
7413,8606
7419,8606
8601,8606
8425,8606
8428,8606
4406,8606
8507,8606
4409,8606
4412,8606
5607,8606
6813,8606
8543,8606
7204,8607
7206,8607
7207,8607
7208,8607
7209,8607
7210,8607
7211,8607
7212,8607
7213,8607
7214,8607
7215,8607
7216,8607
7217,8607
7218,8607
7219,8607
7220,8607
7221,8607
7222,8607
7224,8607
7225,8607
7226,8607
7227,8607
7228,8607
7229,8607
7301,8607
7304,8607
7306,8607
7326,8607
7606,8607
8455,8607
7409,8607
7506,8607
7601,8607
7602,8607
7604,8607
7605,8607
7608,8607
7610,8607
7616,8607
8412,8607
8501,8607
8503,8607
8543,8607
8482,8607
8483,8607
8530,8607
8602,8607
8608,8607
7302,8607
8603,8607
8606,8607
7318,8607
4005,8607
7325,8607
7308,8607
7403,8607
7502,8607
7609,8607
7404,8607
7405,8607
7407,8607
7408,8607
7411,8607
7413,8607
7415,8607
7419,8607
7312,8607
8544,8607
7320,8607
8601,8607
7505,8607
7205,8607
7201,8607
7223,8607
7412,8607
8407,8607
8408,8607
8409,8607
8456,8607
8457,8607
8459,8607
8462,8607
8479,8607
8468,8607
8515,8607
8605,8607
7202,8607
7305,8607
7507,8607
7614,8607
7315,8607
8504,8607
2601,8607
7203,8607
8505,8607
9032,8607
8003,8607
8604,8607
4406,8607
7905,8607
6813,8607
8461,8607
8546,8607
8458,8607
8535,8607
8542,8607
8108,8607
8484,8607
8463,8607
7904,8607
8473,8607
8507,8607
8487,8607
7406,8607
9033,8607
7508,8607
8111,8607
8311,8607
8502,8607
7204,8608
7205,8608
7206,8608
7207,8608
7208,8608
7209,8608
7210,8608
7211,8608
7212,8608
7213,8608
7214,8608
7215,8608
7216,8608
7217,8608
7218,8608
7219,8608
7220,8608
7222,8608
7224,8608
7225,8608
7226,8608
7227,8608
7228,8608
7229,8608
7301,8608
7302,8608
7304,8608
7305,8608
7306,8608
7307,8608
7308,8608
7318,8608
7325,8608
7326,8608
7604,8608
8535,8608
7312,8608
7403,8608
7404,8608
7405,8608
7407,8608
7408,8608
7409,8608
7411,8608
7413,8608
7415,8608
7419,8608
7610,8608
8530,8608
8531,8608
7609,8608
8607,8608
7320,8608
7616,8608
8501,8608
8503,8608
7412,8608
7608,8608
8455,8608
7601,8608
7602,8608
7606,8608
8456,8608
8457,8608
8462,8608
8463,8608
8468,8608
8479,8608
8515,8608
8543,8608
3926,8608
9032,8608
7506,8608
7905,8608
7221,8608
7904,8608
7223,8608
8546,8608
7315,8608
2606,8608
7502,8608
7603,8608
8002,8608
8108,8608
8482,8608
8484,8608
7505,8608
8102,8608
7206,8609
7207,8609
7208,8609
7209,8609
7210,8609
7211,8609
7212,8609
7215,8609
7216,8609
7217,8609
7218,8609
7219,8609
7220,8609
7221,8609
7222,8609
7224,8609
7225,8609
7226,8609
7227,8609
7229,8609
7304,8609
7305,8609
7306,8609
7326,8609
7606,8609
8455,8609
3921,8609
7409,8609
7601,8609
7602,8609
7604,8609
7605,8609
7608,8609
7616,8609
3901,8609
3902,8609
3903,8609
3904,8609
3907,8609
3915,8609
3920,8609
3923,8609
3926,8609
4016,8609
7308,8609
7325,8609
7411,8609
4407,8609
4412,8609
7403,8609
7613,8609
8001,8609
3925,8609
5903,8609
7223,8609
7309,8609
7310,8609
7311,8609
7611,8609
7612,8609
8477,8609
7002,8609
7020,8609
4403,8609
4411,8609
8481,8609
7010,8609
7419,8609
8407,8701
8408,8701
8409,8701
8412,8701
4011,8701
4012,8701
8708,8701
7218,8701
7222,8701
7224,8701
7225,8701
7226,8701
7228,8701
8483,8701
8482,8701
7206,8701
7207,8701
7208,8701
7209,8701
7210,8701
7211,8701
7213,8701
7214,8701
7215,8701
7216,8701
7217,8701
7221,8701
7227,8701
7229,8701
7304,8701
7326,8701
8507,8701
8511,8701
8431,8701
8479,8701
7320,8701
7223,8701
7303,8701
7306,8701
8501,8701
7204,8701
7325,8701
8455,8701
7305,8701
8484,8701
7318,8701
4007,8701
7604,8701
4010,8701
7601,8701
8706,8701
8707,8701
7219,8701
7220,8701
8503,8701
4013,8701
7616,8701
6813,8701
7212,8701
8466,8701
7408,8701
7407,8701
8473,8701
7308,8701
7409,8701
7606,8701
7201,8701
7205,8701
7403,8701
7502,8701
7901,8701
7904,8701
7315,8701
7411,8701
7608,8701
7602,8701
7605,8701
2601,8701
7203,8701
7419,8701
7404,8701
2710,8701
3819,8701
8457,8701
8487,8701
4009,8701
7505,8701
8408,8702
8409,8702
8703,8702
8706,8702
8707,8702
8708,8702
8483,8702
4011,8702
8512,8702
8530,8702
8507,8702
4012,8702
4013,8702
8415,8702
7007,8702
7009,8702
4009,8702
4010,8702
8412,8702
8511,8702
7311,8702
8544,8702
9104,8702
8531,8702
8501,8702
8503,8702
8602,8702
8477,8702
7213,8702
7214,8702
7215,8702
7218,8702
7221,8702
7222,8702
7224,8702
7225,8702
7226,8702
7227,8702
7228,8702
7302,8702
7904,8702
7210,8702
7506,8702
7601,8702
7602,8702
7604,8702
7606,8702
7608,8702
7610,8702
7616,8702
4001,8702
4002,8702
4005,8702
4006,8702
4007,8702
4008,8702
4016,8702
7206,8702
7207,8702
7208,8702
7209,8702
7211,8702
7212,8702
7216,8702
7217,8702
7219,8702
7220,8702
7229,8702
7304,8702
7312,8702
7326,8702
9032,8702
8457,8702
8462,8702
8608,8702
8714,8702
8543,8702
8506,8702
8407,8702
8607,8702
8541,8702
4003,8702
4017,8702
7204,8702
7306,8702
7407,8702
7505,8702
8482,8702
7308,8702
9029,8702
8479,8702
7305,8702
8455,8702
7409,8702
7605,8702
7413,8702
3907,8702
3917,8702
3926,8702
8526,8702
8504,8702
8532,8702
7223,8702
8542,8702
7318,8702
2606,8702
7403,8702
7502,8702
7609,8702
7614,8702
7901,8702
2603,8702
7402,8702
7404,8702
7405,8702
7408,8702
7411,8702
7419,8702
3901,8702
3920,8702
7320,8702
7325,8702
3812,8702
7307,8702
7507,8702
7202,8702
7205,8702
7315,8702
7201,8702
7603,8702
2601,8702
7203,8702
7005,8702
7004,8702
8407,8703
8408,8703
8409,8703
8412,8703
8511,8703
8507,8703
4011,8703
4012,8703
4013,8703
8708,8703
7007,8703
7009,8703
4001,8703
4002,8703
4003,8703
4005,8703
4006,8703
4007,8703
4008,8703
4009,8703
4010,8703
4016,8703
8707,8703
8706,8703
8512,8703
8483,8703
8544,8703
6813,8703
7210,8703
7601,8703
7606,8703
8542,8703
3926,8703
8457,8703
8468,8703
8477,8703
8479,8703
8501,8703
8503,8703
8543,8703
8506,8703
4004,8703
7207,8703
7208,8703
7209,8703
7211,8703
7213,8703
7214,8703
7215,8703
7217,8703
7218,8703
7219,8703
7220,8703
7221,8703
7222,8703
7225,8703
7226,8703
7227,8703
7228,8703
7229,8703
7304,8703
7326,8703
3919,8703
7212,8703
7409,8703
7602,8703
7604,8703
7605,8703
7608,8703
7610,8703
7616,8703
3812,8703
3901,8703
3903,8703
3908,8703
3917,8703
3920,8703
3925,8703
4017,8703
9032,8703
3208,8703
5903,8703
8480,8703
7318,8703
7415,8703
7206,8703
7216,8703
7224,8703
7312,8703
3819,8703
8482,8703
7204,8703
7223,8703
7306,8703
7308,8703
7325,8703
2606,8703
7609,8703
7614,8703
7506,8703
7408,8703
7901,8703
7904,8703
9104,8703
8455,8703
2901,8703
3902,8703
3907,8703
3909,8703
7402,8703
7403,8703
7404,8703
7405,8703
7407,8703
7411,8703
7412,8703
7413,8703
7419,8703
7502,8703
8001,8703
8541,8703
8484,8703
7307,8703
7320,8703
4107,8703
4113,8703
7305,8703
7202,8703
7505,8703
7603,8703
8108,8703
8515,8703
9029,8703
7507,8703
8307,8703
2603,8703
8536,8703
7801,8703
8461,8703
8462,8703
8458,8703
8459,8703
7201,8703
7203,8703
7205,8703
7315,8703
8204,8703
8534,8703
7905,8703
7322,8703
8526,8703
8714,8703
8531,8703
7005,8703
3405,8703
8504,8703
8532,8703
7410,8703
8546,8703
7003,8703
3904,8703
7206,8208
7207,8208
7208,8208
7209,8208
7210,8208
7211,8208
7212,8208
7214,8208
7215,8208
7216,8208
7217,8208
7218,8208
7219,8208
7220,8208
7221,8208
7222,8208
7224,8208
7225,8208
7226,8208
7227,8208
7228,8208
7229,8208
7326,8208
7606,8208
2849,8208
8101,8208
8102,8208
8108,8208
8113,8208
8209,8208
8456,8208
8457,8208
8460,8208
8461,8208
8462,8208
8463,8208
8466,8208
8479,8208
8207,8208
6804,8208
8431,8208
8473,8208
9033,8208
7205,8208
7306,8208
7601,8208
7325,8208
2611,8208
7223,8208
6805,8208
7502,8208
7504,8208
7203,8208
8112,8208
7107,8208
7403,8208
7508,8208
7405,8208
7406,8208
7409,8208
7419,8208
7315,8208
2513,8208
3926,8208
7616,8208
7506,8208
2849,8209
8463,8209
8514,8209
8460,8209
8461,8209
8480,8209
8113,8209
8207,8209
7218,8210
7219,8210
7220,8210
7222,8210
7323,8210
3926,8210
7616,8210
7326,8210
7206,8210
7207,8210
7325,8210
7217,8210
8211,8210
7223,8210
8206,8210
7206,8211
7207,8211
7214,8211
7217,8211
7218,8211
7219,8211
7220,8211
7221,8211
7222,8211
7223,8211
7224,8211
7225,8211
7226,8211
7227,8211
7228,8211
7229,8211
7326,8211
7208,8211
7209,8211
7210,8211
7211,8211
7212,8211
7213,8211
7215,8211
8460,8211
6804,8211
8209,8211
6805,8211
7107,8211
8214,8211
2513,8211
2849,8211
8457,8211
3926,8211
7325,8211
8462,8211
8113,8211
7506,8211
7606,8211
7508,8211
7207,8212
7218,8212
7219,8212
7220,8212
7221,8212
7222,8212
7223,8212
7326,8212
3903,8212
3926,8212
7209,8212
7212,8212
7107,8212
7217,8212
7204,8213
7205,8213
7206,8213
7207,8213
7214,8213
7215,8213
7216,8213
7218,8213
7219,8213
7220,8213
7221,8213
7222,8213
7223,8213
7224,8213
7225,8213
7226,8213
7227,8213
7228,8213
7229,8213
7306,8213
7326,8213
7601,8213
7208,8213
7209,8213
7210,8213
7211,8213
7212,8213
7213,8213
7217,8213
2513,8213
6804,8213
8460,8213
8455,8213
8457,8213
8462,8213
8463,8213
3926,8213
7606,8213
4017,8213
8209,8213
2849,8213
7320,8213
6805,8213
7901,8213
8001,8213
8205,8213
7325,8213
7107,8213
7405,8213
7502,8213
7505,8213
7604,8213
7605,8213
2606,8213
7403,8213
7419,8213
7602,8213
7603,8213
7616,8213
8108,8213
7315,8213
8101,8213
8102,8213
7203,8213
7506,8213
7508,8213
7204,8214
7205,8214
7206,8214
7207,8214
7218,8214
7219,8214
7220,8214
7221,8214
7222,8214
7223,8214
7326,8214
8457,8214
8460,8214
8211,8214
8455,8214
7208,8214
7209,8214
7211,8214
7210,8214
7212,8214
3907,8214
7106,8214
7213,8214
7215,8214
7217,8214
3926,8214
2513,8214
6805,8214
7616,8214
6804,8214
8206,8214
3906,8214
3903,8214
7214,8214
7224,8214
7226,8214
7228,8214
7229,8214
8456,8214
7227,8214
7502,8214
7201,8214
8113,8214
2601,8214
7503,8214
7106,8215
7204,8215
7207,8215
7218,8215
7219,8215
7220,8215
7221,8215
7222,8215
7223,8215
7224,8215
7306,8215
7107,8215
7109,8215
7114,8215
7502,8215
7508,8215
2616,8215
2843,8215
7115,8215
7601,8215
3902,8215
8455,8215
8457,8215
8462,8215
8460,8215
7208,8215
7209,8215
7210,8215
7211,8215
7212,8215
7225,8215
7226,8215
7403,8215
7616,8215
3924,8215
7213,8215
7214,8215
7215,8215
7227,8215
8515,8215
7201,8215
7206,8215
7229,8215
3901,8215
3903,8215
3905,8215
3907,8215
3926,8215
6804,8215
7217,8215
7216,8215
7326,8215
7506,8215
7606,8215
2604,8215
7501,8215
7503,8215
7504,8215
7505,8215
3920,8215
7604,8215
7419,8215
3906,8215
7602,8215
7603,8215
7615,8215
3904,8215
3909,8215
4413,8215
2610,8215
7205,8215
2601,8215
7325,8215
2606,8215
8468,8215
7320,8301
7901,8301
7107,8301
7109,8301
7201,8301
7204,8301
7205,8301
7206,8301
7207,8301
7208,8301
7209,8301
7210,8301
7211,8301
7212,8301
7213,8301
7214,8301
7215,8301
7216,8301
7217,8301
7218,8301
7219,8301
7222,8301
7224,8301
7225,8301
7226,8301
7228,8301
7229,8301
7306,8301
7318,8301
7325,8301
7326,8301
7407,8301
7601,8301
7604,8301
8001,8301
8003,8301
7403,8301
7408,8301
7502,8301
7801,8301
7902,8301
7903,8301
7904,8301
7905,8301
7907,8301
7616,8301
7221,8301
7409,8301
7419,8301
7505,8301
7605,8301
7606,8301
7203,8301
7504,8301
8455,8301
7223,8301
7413,8301
2601,8301
2603,8301
7404,8301
7405,8301
2604,8301
7501,8301
7503,8301
7506,8301
7508,8301
7406,8301
7315,8301
7220,8301
7602,8301
7227,8301
7411,8301
8457,8301
8462,8301
3810,8301
8482,8301
8203,8301
7603,8301
7806,8301
8515,8301
8002,8301
8007,8301
2608,8301
2606,8301
7204,8302
7206,8302
7207,8302
7208,8302
7209,8302
7210,8302
7211,8302
7212,8302
7213,8302
7214,8302
7215,8302
7216,8302
7217,8302
7218,8302
7219,8302
7220,8302
7221,8302
7222,8302
7224,8302
7225,8302
7226,8302
7227,8302
7228,8302
7229,8302
7301,8302
7305,8302
7306,8302
7326,8302
7606,8302
7107,8302
7403,8302
7407,8302
7415,8302
7419,8302
7502,8302
7601,8302
7901,8302
8001,8302
7505,8302
7604,8302
7902,8302
7904,8302
7905,8302
7503,8302
7602,8302
7605,8302
7614,8302
7616,8302
7223,8302
7312,8302
7318,8302
8455,8302
8457,8302
8462,8302
8465,8302
7205,8302
7308,8302
7325,8302
3810,8302
2603,8302
7404,8302
7405,8302
7409,8302
7410,8302
7411,8302
2601,8302
7201,8302
7203,8302
8002,8302
7320,8302
7315,8302
7603,8302
8007,8302
7406,8302
7903,8302
7501,8302
7317,8302
8482,8302
8454,8302
8477,8302
8480,8302
7801,8302
7907,8302
7508,8302
7506,8302
7608,8302
7408,8302
8003,8302
7412,8302
7413,8302
2604,8302
7504,8302
7507,8302
7806,8302
2606,8302
7609,8302
7202,8302
8108,8302
7615,8302
7204,8303
7206,8303
7207,8303
7208,8303
7209,8303
7210,8303
7211,8303
7212,8303
7213,8303
7214,8303
7215,8303
7216,8303
7217,8303
7218,8303
7219,8303
7220,8303
7221,8303
7222,8303
7224,8303
7225,8303
7226,8303
7227,8303
7228,8303
7229,8303
7301,8303
7304,8303
7305,8303
7306,8303
7314,8303
7326,8303
7606,8303
8455,8303
8301,8303
7308,8303
7325,8303
8302,8303
7318,8303
7415,8303
7616,8303
8457,8303
8458,8303
8462,8303
8463,8303
8468,8303
7409,8303
7506,8303
7601,8303
7602,8303
7603,8303
7604,8303
7605,8303
7608,8303
7804,8303
7905,8303
8484,8303
3810,8303
8482,8303
2601,8303
7107,8303
7109,8303
7201,8303
7203,8303
7205,8303
7403,8303
7419,8303
7901,8303
8001,8303
8003,8303
8454,8303
8480,8303
8203,8303
7902,8303
7904,8303
7907,8303
7312,8303
7407,8303
7223,8303
7208,8304
7209,8304
7211,8304
7219,8304
7221,8304
7222,8304
7210,8304
7212,8304
7220,8304
7616,8304
8302,8304
7325,8304
7326,8304
7601,8304
7602,8304
7604,8304
7606,8304
7608,8304
8305,8304
7107,8304
7223,8304
7419,8304
7209,8305
7212,8305
7217,8305
7219,8305
7326,8305
7107,8305
7616,8305
7415,8305
7223,8305
8007,8305
7317,8305
7208,8305
7211,8305
7220,8305
7606,8305
7229,8305
7905,8305
7907,8305
7605,8305
7409,8305
7601,8305
7107,8306
7109,8306
7111,8306
7204,8306
7206,8306
7218,8306
7403,8306
7407,8306
7419,8306
7502,8306
7601,8306
7901,8306
8001,8306
7219,8306
7325,8306
7326,8306
7205,8306
7207,8306
7216,8306
7904,8306
7404,8306
7405,8306
7406,8306
7409,8306
7801,8306
7902,8306
8002,8306
8007,8306
7903,8306
7907,8306
7603,8306
7503,8306
7504,8306
7508,8306
7220,8306
7806,8306
7201,8306
4908,8306
7616,8306
7602,8306
7203,8307
7205,8307
7206,8307
7207,8307
7208,8307
7209,8307
7210,8307
7211,8307
7212,8307
7215,8307
7217,8307
7218,8307
7219,8307
7220,8307
7221,8307
7224,8307
7229,8307
7306,8307
7307,8307
7325,8307
7326,8307
7223,8307
8455,8307
7107,8307
7403,8307
7404,8307
7405,8307
7406,8307
7407,8307
7409,8307
7411,8307
7419,8307
7502,8307
7504,8307
7508,8307
7601,8307
7609,8307
7616,8307
7412,8307
7507,8307
7107,8308
7403,8308
7405,8308
7207,8308
7210,8308
7212,8308
7217,8308
7223,8308
7225,8308
7229,8308
7326,8308
7408,8308
7505,8308
7605,8308
7904,8308
8003,8308
7206,8308
7208,8308
7209,8308
7211,8308
7213,8308
7215,8308
7221,8308
7222,8308
7226,8308
7218,8308
7219,8308
7220,8308
7224,8308
7606,8308
7905,8308
8455,8308
7318,8308
7616,8308
7325,8308
7419,8308
7601,8308
7901,8308
7106,8308
7404,8308
7407,8308
7409,8308
7415,8308
7902,8308
7903,8308
7907,8308
7602,8308
7604,8308
7501,8308
7504,8308
7508,8308
8007,8308
7806,8308
2601,8308
7203,8308
7204,8308
7214,8308
7216,8308
7306,8308
7502,8308
8001,8308
2603,8308
7402,8308
7406,8308
7410,8308
2606,8308
7608,8308
8462,8308
7227,8308
7801,8308
2608,8308
7503,8308
7506,8308
7110,8308
8002,8308
7802,8308
8108,8308
8111,8308
3810,8308
7603,8308
2609,8308
8104,8308
7109,8308
2604,8308
7315,8308
3506,8308
7111,8308
7108,8308
7113,8308
8515,8308
8301,8308
8203,8308
8477,8308
7117,8308
5605,8308
7107,8309
7109,8309
7403,8309
7419,8309
7502,8309
7601,8309
7901,8309
8001,8309
7207,8309
7208,8309
7209,8309
7210,8309
7211,8309
7212,8309
7218,8309
7219,8309
7220,8309
7905,8309
8455,8309
7206,8309
7221,8309
7223,8309
7326,8309
8002,8309
8003,8309
7406,8309
7504,8309
7903,8309
7602,8309
7604,8309
7605,8309
7616,8309
7407,8309
7902,8309
7904,8309
7907,8309
7404,8309
7405,8309
7508,8309
7215,8309
7325,8309
7615,8309
7409,8309
7806,8309
8007,8309
8104,8309
7107,8310
7109,8310
7204,8310
7217,8310
7224,8310
7403,8310
7405,8310
7407,8310
7408,8310
7601,8310
7901,8310
8001,8310
3208,8310
8455,8310
8456,8310
8457,8310
8462,8310
8443,8310
7415,8310
7616,8310
7210,8310
7212,8310
7225,8310
7904,8310
7905,8310
7205,8310
7206,8310
7207,8310
7208,8310
7209,8310
7211,8310
7216,8310
7218,8310
7219,8310
7220,8310
7222,8310
7226,8310
7325,8310
7326,8310
7409,8310
7506,8310
7606,8310
7804,8310
8003,8310
7604,8310
7605,8310
7607,8310
7608,8310
7404,8310
7410,8310
7419,8310
3212,8310
7213,8310
7221,8310
7227,8310
7317,8310
7902,8310
7907,8310
7203,8310
7406,8310
7504,8310
7603,8310
7903,8310
2606,8310
7602,8310
7801,8310
7223,8310
7214,8310
7215,8310
7306,8310
7505,8310
7107,8311
7204,8311
7206,8311
7217,8311
7218,8311
7224,8311
7403,8311
7404,8311
7405,8311
7407,8311
7408,8311
7419,8311
7502,8311
7601,8311
7801,8311
7901,8311
7902,8311
7904,8311
7905,8311
8001,8311
8002,8311
8105,8311
3810,8311
8468,8311
8515,8311
8455,8311
8514,8311
7205,8311
7406,8311
7504,8311
7804,8311
7903,8311
7228,8311
7229,8311
7326,8311
2601,8311
7201,8311
7203,8311
7207,8311
7208,8311
7209,8311
7211,8311
7212,8311
7214,8311
7215,8311
7216,8311
7219,8311
7222,8311
7225,8311
7226,8311
7304,8311
7306,8311
7325,8311
7202,8311
8102,8311
8108,8311
8112,8311
8454,8311
7604,8311
7605,8311
7606,8311
7610,8311
7616,8311
7409,8311
7410,8311
7413,8311
2604,8311
7501,8311
7503,8311
7505,8311
7506,8311
7507,8311
7508,8311
8101,8311
2608,8311
7907,8311
2849,8311
8111,8311
2819,8311
7220,8311
7221,8311
7223,8311
7227,8311
2803,8311
2602,8311
2820,8311
7213,8311
7312,8311
2822,8311
7802,8311
8003,8311
7614,8311
8463,8311
8462,8311
2603,8311
7402,8311
7210,8311
8207,8311
8417,8311
8456,8311
8007,8311
7602,8311
2614,8311
8457,8311
8480,8311
8203,8311
7411,8311
8460,8311
7603,8311
8459,8311
8104,8311
7806,8311
8209,8311
8458,8311
8113,8311
7608,8311
2613,8311
7412,8311
2612,8401
2844,8401
2845,8401
8109,8401
9030,8401
9032,8401
8546,8401
7201,8402
7205,8402
7206,8402
7207,8402
7208,8402
7209,8402
7210,8402
7211,8402
7214,8402
7215,8402
7216,8402
7217,8402
7218,8402
7219,8402
7221,8402
7222,8402
7224,8402
7225,8402
7226,8402
7227,8402
7228,8402
7229,8402
7304,8402
7306,8402
7325,8402
7326,8402
7604,8402
7303,8402
7305,8402
7307,8402
7412,8402
7507,8402
7609,8402
8481,8402
8413,8402
9026,8402
8416,8402
6806,8402
8404,8402
8484,8402
7322,8402
8419,8402
3816,8402
6902,8402
6903,8402
7223,8402
7213,8402
7318,8402
7411,8402
7608,8402
7220,8402
7308,8402
7212,8402
7409,8402
7606,8402
7309,8402
8007,8402
8479,8402
8311,8402
7403,8402
7404,8402
7405,8402
7407,8402
7408,8402
7419,8402
8102,8402
7616,8402
7601,8402
8487,8402
7506,8402
7315,8402
7320,8402
7206,8403
7207,8403
7208,8403
7209,8403
7210,8403
7211,8403
7212,8403
7213,8403
7214,8403
7215,8403
7216,8403
7217,8403
7218,8403
7219,8403
7220,8403
7221,8403
7222,8403
7224,8403
7225,8403
7226,8403
7227,8403
7228,8403
7229,8403
7301,8403
7304,8403
7305,8403
7306,8403
7326,8403
7606,8403
7201,8403
7204,8403
7205,8403
7303,8403
7307,8403
7308,8403
7315,8403
7318,8403
7324,8403
7325,8403
7419,8403
8007,8403
3917,8403
7412,8403
7507,8403
7609,8403
8307,8403
7403,8403
7404,8403
7405,8403
7407,8403
7408,8403
7409,8403
7411,8403
7415,8403
7608,8403
8404,8403
8419,8403
8413,8403
7322,8403
9032,8403
8481,8403
8416,8403
6806,8403
7019,8403
8546,8403
4016,8403
8484,8403
6902,8403
7312,8403
9026,8403
7223,8403
7309,8403
8516,8403
9025,8403
7604,8403
7905,8403
7904,8403
8479,8403
7616,8403
7406,8403
7505,8403
7320,8403
8482,8403
7413,8403
7601,8403
8311,8403
7605,8403
7804,8403
7901,8403
7203,8403
7207,8404
7208,8404
7209,8404
7213,8404
7214,8404
7215,8404
7217,8404
7218,8404
7219,8404
7220,8404
7221,8404
7222,8404
7223,8404
7224,8404
7225,8404
7226,8404
7227,8404
7228,8404
7304,8404
7306,8404
7206,8404
7216,8404
7303,8404
7305,8404
7307,8404
7322,8404
7325,8404
7326,8404
7411,8404
7608,8404
8307,8404
7403,8404
7407,8404
7408,8404
7409,8404
7412,8404
7419,8404
8402,8404
8419,8404
8484,8404
9026,8404
8481,8404
8479,8404
7210,8404
7211,8404
8413,8404
7212,8404
9032,8404
8416,8404
7308,8404
3816,8404
6902,8404
7318,8404
7606,8404
8482,8404
8406,8404
8546,8404
7616,8404
2903,2908
2909,2908
2707,2908
2907,2908
2808,2908
2834,2908
2904,2908
2904,2909
2942,2909
2903,2909
2910,2909
2932,2909
2906,2909
2711,2909
2905,2909
2907,2909
2911,2909
3815,2909
2711,2910
2808,2910
2815,2910
3815,2910
2905,2910
2807,2910
2847,2910
2902,2910
2903,2910
2907,2910
2908,2910
2906,2910
2904,2910
2916,2910
2942,2910
2912,2911
2808,2911
2913,2911
3815,2912
2901,2912
2913,2912
2801,2913
2807,2913
2808,2913
2834,2913
2711,2914
2901,2914
2902,2914
3815,2914
2904,2914
2942,2914
2709,2914
2932,2914
2807,2914
2801,2914
2903,2914
2930,2914
7309,2915
7310,2915
2907,3920
2905,3920
3911,3920
2817,3920
3912,3920
4702,3920
2912,3920
3908,3920
3909,3920
2921,3920
3806,3920
2908,3920
2815,3920
2808,3920
2902,3921
3903,3921
3915,3921
8477,3921
3812,3921
3204,3921
3206,3921
2823,3921
8420,3921
3815,3921
9024,3921
3924,3921
3926,3921
2903,3921
3904,3921
3909,3921
2905,3921
3912,3921
5502,3921
3901,3921
3902,3921
3905,3921
3907,3921
3908,3921
3910,3921
5501,3921
3911,3921
3906,3921
2917,3921
2711,3921
2901,3921
2916,3921
2803,3921
3920,3921
3919,3921
3901,3922
3902,3922
3903,3922
3904,3922
3905,3922
3907,3922
3908,3922
3909,3922
3910,3922
3915,3922
3916,3922
3917,3922
3920,3922
3921,3922
3906,3922
3911,3922
3812,3922
8477,3922
8420,3922
3506,3922
2910,3922
3926,3922
3919,3922
3925,3922
3924,3922
2901,3923
3901,3923
3902,3923
3903,3923
3904,3923
3905,3923
3906,3923
3907,3923
3909,3923
3911,3923
3915,3923
3920,3923
3908,3923
2902,3923
3921,3923
8477,3923
8420,3923
3812,3923
3910,3923
5501,3923
2917,3923
3926,3923
3919,3923
3506,3923
2903,3923
2711,3923
3925,3923
2823,3923
3806,3923
3901,3924
3902,3924
3903,3924
3904,3924
3905,3924
3907,3924
3908,3924
3909,3924
3910,3924
3915,3924
3916,3924
3920,3924
3921,3924
3906,3924
8477,3924
3812,3924
3926,3924
3919,3924
3911,3924
3923,3924
2926,3924
3901,3925
3902,3925
3903,3925
3904,3925
3905,3925
3907,3925
3908,3925
3909,3925
3910,3925
3912,3925
3915,3925
3916,3925
3917,3925
3920,3925
3921,3925
3923,3925
3812,3925
8420,3925
8465,3925
8477,3925
8480,3925
2917,3925
3906,3925
3911,3925
3926,3925
2910,3925
2903,3925
3919,3925
2823,3925
2901,3925
2902,3925
2912,3925
3918,3925
3901,3926
3902,3926
3903,3926
3904,3926
3905,3926
3907,3926
3908,3926
3909,3926
3910,3926
3912,3926
3915,3926
3916,3926
3920,3926
3921,3926
3923,3926
5501,3926
3906,3926
3911,3926
3919,3926
8477,3926
3812,3926
2917,3926
3206,3926
3924,3926
8420,3926
3506,3926
2901,3926
5903,3926
3204,3926
5502,3926
3925,3926
8465,3926
2823,3926
2926,3926
9024,3926
3917,3926
2910,3926
8420,4001
2711,4002
2901,4002
2902,4002
3910,4002
3812,4002
2803,4002
2926,4002
8477,4002
8420,4002
8514,4002
3815,4002
2916,4002
8419,4002
2830,4002
2930,4002
2713,4002
2905,4002
2817,4002
2707,4002
3902,4002
2710,4002
2903,4002
2904,4002
2814,4002
3901,4002
4004,4002
3911,4002
4004,4003
3812,4003
8420,4003
8477,4003
8420,4004
8477,4004
3815,4005
4401,4704
2832,4704
8439,4704
3804,4704
2831,4704
2813,4704
4401,4705
4403,4705
4701,4705
8419,4705
8439,4705
8441,4705
8439,4706
4707,4706
3912,4707
4701,4801
4703,4801
4704,4801
4705,4801
4706,4801
4823,4801
3809,4801
3204,4801
4707,4801
4802,4801
4812,4801
4822,4801
8420,4801
8439,4801
8441,4801
8443,4801
3215,4801
4805,4801
3912,4802
4401,4802
4701,4802
4702,4802
4703,4802
4704,4802
4705,4802
4706,4802
4707,4802
4805,4802
4812,4802
4822,4802
4823,4802
8439,4802
5301,4802
5202,4802
3204,4802
3206,4802
3505,4802
3506,4802
3203,4802
8420,4802
8441,4802
3215,4802
4804,4802
2507,4802
8443,4802
8442,4802
3205,4802
3804,4802
8440,4802
3404,4802
3213,4802
4801,4802
9024,4802
2927,4802
3803,4802
4701,4803
4706,4803
4707,4803
4812,4803
4822,4803
4823,4803
8420,4803
8439,4803
8441,4803
8449,4803
8477,4803
4702,4803
4703,4803
4704,4803
3912,4803
4705,4803
4805,4803
4818,4803
5603,4803
4811,4803
3804,4804
4701,4804
4702,4804
4703,4804
4704,4804
4705,4804
4706,4804
4805,4804
4823,4804
4707,4804
3809,4804
4401,4804
4403,4804
4405,4804
8439,4804
8441,4804
8443,4804
4812,4804
8420,4804
2507,4804
3204,4804
4822,4804
3506,4804
3912,4804
2509,4804
4802,4804
8442,4804
3215,4804
5301,4804
3803,4804
8440,4804
4401,4805
4403,4805
4405,4805
4701,4805
4706,4805
4707,4805
4802,4805
4823,4805
4702,4805
4703,4805
4704,4805
4705,4805
8439,4805
8441,4805
8420,4805
8443,4805
2507,4805
4812,4805
4822,4805
3809,4805
3803,4805
4804,4805
3505,4805
3404,4805
3204,4805
3804,4805
3912,4805
3203,4805
9024,4805
3215,4805
4701,4817
4702,4817
4703,4817
4704,4817
4705,4817
4706,4817
4707,4817
4823,4817
4802,4817
8439,4817
4805,4817
4820,4817
8420,4817
8441,4817
8443,4817
4804,4817
4807,4817
4808,4817
4810,4817
4811,4817
4821,4817
3215,4817
4806,4817
4819,4817
3809,4817
4812,4817
4822,4817
3912,4817
3506,4817
4801,4817
4911,4817
4405,4818
4701,4818
4702,4818
4703,4818
4704,4818
4705,4818
4706,4818
4707,4818
4823,4818
4804,4818
4805,4818
4807,4818
4808,4818
4819,4818
3809,4818
4822,4818
8420,4818
8439,4818
8441,4818
8443,4818
4806,4818
4803,4818
3912,4818
4812,4818
4810,4818
3803,4818
5601,4818
4811,4818
3804,4818
4821,4818
5311,4818
5603,4818
4707,4819
4801,4819
4802,4819
4804,4819
4805,4819
4806,4819
4807,4819
4808,4819
4810,4819
4811,4819
4817,4819
4820,4819
4821,4819
4823,4819
4701,4819
4702,4819
4703,4819
4704,4819
4705,4819
4706,4819
8420,4819
8439,4819
8441,4819
8443,4819
3506,4819
4822,4819
4812,4819
3912,4819
3804,4819
4803,4819
5311,4819
4405,4820
4701,4820
4702,4820
4703,4820
4704,4820
4705,4820
4706,4820
4812,4820
4823,4820
8439,4820
4707,4820
4802,4820
4804,4820
4805,4820
4806,4820
4807,4820
4808,4820
4810,4820
4811,4820
4817,4820
4819,4820
4821,4820
4901,4820
3215,4820
8441,4820
3506,4820
8440,4820
8442,4820
8443,4820
4822,4820
8305,4820
3912,4820
4801,4820
5603,4820
5901,4820
4801,4821
4802,4821
4804,4821
4805,4821
4807,4821
4808,4821
4810,4821
4811,4821
3215,4821
8441,4821
8442,4821
8443,4821
3505,4821
3506,4821
4707,4821
4823,4821
8420,4821
8439,4821
4806,4821
3204,4821
4701,4821
4702,4821
4703,4821
4704,4821
4705,4821
4706,4821
4822,4821
3809,4821
3912,4821
4812,4821
2507,4821
3203,4821
3206,4821
3205,4821
3209,4821
3905,4821
4401,4821
4823,4822
4707,4822
8439,4822
4812,4822
4701,4822
4703,4822
4706,4822
8441,4822
4705,4822
3912,4822
4405,4823
4701,4823
4702,4823
4703,4823
4704,4823
4705,4823
4706,4823
4707,4823
4802,4823
4805,4823
4812,4823
4818,4823
4822,4823
8439,4823
8419,4823
8441,4823
2507,4823
3203,4823
3204,4823
3505,4823
3809,4823
8443,4823
8420,4823
3806,4823
4820,4823
2815,4823
2847,4823
9024,4823
4401,4823
4403,4823
4808,4823
4817,4823
4821,4823
8421,4823
3803,4823
4804,4823
4806,4823
4807,4823
4810,4823
4811,4823
3506,4823
3804,4823
3912,4823
4801,4823
3215,4823
1401,4823
2716,4823
3404,4823
4803,4823
2807,4823
4707,4901
4801,4901
4802,4901
4804,4901
4805,4901
4806,4901
4807,4901
4808,4901
4809,4901
4810,4901
4811,4901
4816,4901
4817,4901
4819,4901
4820,4901
4821,4901
4823,4901
3215,4901
3204,4901
8439,4901
8440,4901
8441,4901
8442,4901
8443,4901
3203,4901
3205,4901
4706,4901
8305,4901
4701,4901
4703,4901
4704,4901
5901,4901
4822,4901
4702,4901
4705,4901
4812,4901
8420,4901
4801,4902
4802,4902
4805,4902
4809,4902
3215,4902
8439,4902
8440,4902
8441,4902
8442,4902
8443,4902
8420,4902
4807,4902
4808,4902
4810,4902
4811,4902
4816,4902
4701,4902
4707,4902
4804,4902
4823,4902
4703,4902
4704,4902
4706,4902
4822,4902
4705,4902
4812,4902
3205,4902
4911,4902
4801,4903
4802,4903
4804,4903
4805,4903
4806,4903
4807,4903
4808,4903
4809,4903
4810,4903
4811,4903
4816,4903
4819,4903
3215,4903
8439,4903
8440,4903
8441,4903
8442,4903
8443,4903
4707,4903
4817,4903
4820,4903
4821,4903
4823,4903
3204,4903
3206,4903
4901,4903
4701,4903
4703,4903
4705,4903
4706,4903
4812,4903
4822,4903
3704,4903
3203,4903
3205,4903
3213,4903
4908,4903
5901,4903
4701,4904
4801,4904
4802,4904
4804,4904
4805,4904
4806,4904
4807,4904
4810,4904
4811,4904
4816,4904
4817,4904
4821,4904
4823,4904
3215,4904
8442,4904
8443,4904
8440,4904
4901,4904
4819,4904
4705,4904
4706,4904
4812,4904
4801,4905
4802,4905
4804,4905
4805,4905
4806,4905
4807,4905
4808,4905
4809,4905
4810,4905
4811,4905
4819,4905
4821,4905
4823,4905
3215,4905
3704,4905
8442,4905
8443,4905
8440,4905
8441,4905
9017,4905
4901,4905
4911,4905
9015,4905
5901,4905
3919,4905
3920,4905
4706,4905
4701,4905
3213,4905
4802,4906
4804,4906
4805,4906
4806,4906
4809,4906
4810,4906
4811,4906
4816,4906
4817,4906
4823,4906
3215,4906
9017,4906
3705,4906
8443,4906
4802,4907
4804,4907
4805,4907
4810,4907
4811,4907
4821,4907
3215,4907
8441,4907
8442,4907
8443,4907
4823,4907
3215,4908
4805,4908
4807,4908
4810,4908
4811,4908
4823,4908
8442,4908
8443,4908
3506,4908
3212,4908
3905,4908
3906,4908
3919,4908
3921,4908
3205,4908
4802,4909
4804,4909
4805,4909
4807,4909
4808,4909
4810,4909
4811,4909
4816,4909
4817,4909
4821,4909
4901,4909
3215,4909
3204,4909
8443,4909
3704,4909
8442,4909
8439,4909
8441,4909
3506,4909
4819,4909
3703,4909
3705,4909
4801,4909
4823,4909
3919,4909
3920,4909
3921,4909
4806,4909
4701,4909
4706,4909
4822,4909
3208,4909
3209,4909
3905,4909
3906,4909
3212,4909
4707,4910
4801,4910
4802,4910
4804,4910
4805,4910
4806,4910
4807,4910
4808,4910
4810,4910
4811,4910
4817,4910
4819,4910
4820,4910
4821,4910
4823,4910
4901,4910
3215,4910
8442,4910
8443,4910
8420,4910
8439,4910
8441,4910
3919,4910
4822,4910
3920,4910
4701,4910
4706,4910
5901,4910
3912,4910
4705,4910
4812,4910
4707,4911
4802,4911
4804,4911
4805,4911
4806,4911
4807,4911
4808,4911
4809,4911
4810,4911
4811,4911
4816,4911
4817,4911
4819,4911
4821,4911
4823,4911
4901,4911
3215,4911
8439,4911
8440,4911
8441,4911
8442,4911
8443,4911
3703,4911
3704,4911
3919,4911
4801,4911
3204,4911
7607,4911
5901,4911
3212,4911
8305,4911
4706,4911
4701,4911
4705,4911
3208,4911
4908,4911
7410,4911
3206,4911
3701,4911
3702,4911
3705,4911
3707,4911
9006,4911
9010,4911
4414,4911
4812,4911
3209,4911
4822,4911
3213,4911
3906,4911
3203,4911
3809,4911
8445,5001
5001,5002
5003,5002
8445,5002
5001,5003
8445,5003
5001,5004
8445,5004
5002,5004
8446,5004
3809,5004
3203,5004
5001,5005
5002,5005
5003,5005
5006,5005
8445,5005
3809,5005
4822,5005
5001,5006
5002,5006
5003,5006
5004,5006
5005,5006
5007,5006
8445,5006
8451,5006
3809,5006
3203,5006
5001,5007
5002,5007
5003,5007
5004,5007
5005,5007
5006,5007
8445,5007
8446,5007
8448,5007
8451,5007
3809,5007
3203,5007
8420,5007
0104,5101
4102,5101
0104,5102
8440,4805
3205,4805
4701,4806
4702,4806
4703,4806
4704,4806
4705,4806
4706,4806
4823,4806
8420,4806
8439,4806
8441,4806
3203,4806
4805,4806
4811,4806
4812,4806
3403,4806
3912,4806
4701,4807
4702,4807
4703,4807
4704,4807
4705,4807
4706,4807
4707,4807
4802,4807
4804,4807
4805,4807
4810,4807
4823,4807
4405,4807
3506,4807
3905,4807
3505,4807
2507,4807
3806,4807
1108,4807
2815,4807
2839,4807
8420,4807
8439,4807
8441,4807
3809,4807
3209,4807
4808,4807
4812,4807
4818,4807
4822,4807
3913,4807
3912,4807
4806,4807
3909,4807
2716,4807
4819,4807
4821,4807
4401,4807
3911,4807
4811,4807
9024,4807
4405,4808
4701,4808
4703,4808
4704,4808
4705,4808
4706,4808
4707,4808
4812,4808
4822,4808
4823,4808
8439,4808
3803,4808
3809,4808
3505,4808
8420,4808
8441,4808
8443,4808
3506,4808
4811,4808
2507,4808
4805,4808
4804,4808
2716,4808
8419,4808
3215,4808
4401,4808
4403,4808
8402,4808
2815,4808
8479,4808
3804,4808
3806,4808
9024,4808
3912,4808
2839,4808
4807,4808
4701,4809
4705,4809
4706,4809
4707,4809
4802,4809
4822,4809
4823,4809
8439,4809
4805,4809
8441,4809
8443,4809
3215,4809
4816,4809
4804,4809
4810,4809
8472,4809
3912,4809
4811,4809
8442,4809
2927,4809
3404,4809
4405,4810
4701,4810
4702,4810
4703,4810
4704,4810
4705,4810
4706,4810
4707,4810
4823,4810
2507,4810
2508,4810
8441,4810
8443,4810
8420,4810
8439,4810
3203,4810
3204,4810
3505,4810
3506,4810
4812,4810
4822,4810
2815,4810
3809,4810
3912,4810
3215,4810
3205,4810
3804,4810
9024,4810
3803,4810
3209,4810
2823,4810
2839,4810
8479,4810
4811,4810
8402,4810
8440,4810
4401,4810
3404,4810
3211,4810
4405,4811
4701,4811
4702,4811
4703,4811
4704,4811
4705,4811
4706,4811
4823,4811
8420,4811
8439,4811
8441,4811
3809,4811
8419,4811
4707,4811
4802,4811
4805,4811
4806,4811
4822,4811
4812,4811
3912,4811
3804,4811
3505,4811
3506,4811
3203,4811
3204,4811
3206,4811
2507,4811
8443,4811
4804,4811
4810,4811
4821,4811
3215,4811
8442,4811
2815,4811
4809,4811
3803,4811
3806,4811
9024,4811
3205,4811
3909,4811
4401,4811
8479,4811
2839,4811
3503,4811
3209,4811
2716,4811
8402,4811
3208,4811
2823,4811
1521,4811
3404,4811
4801,4811
2806,4811
2847,4811
4405,4812
4701,4812
4703,4812
4704,4812
4702,4812
4705,4812
4706,4812
4823,4812
8439,4812
8441,4812
4805,4812
4707,4812
4822,4812
4818,4812
4802,4812
4806,4812
3912,4812
3804,4812
4405,4813
4701,4813
4702,4813
4703,4813
4704,4813
4705,4813
4706,4813
4805,4813
4806,4813
4810,4813
4811,4813
4812,4813
4822,4813
4823,4813
8439,4813
8441,4813
3215,4813
8443,4813
8420,4813
8478,4813
5301,4813
3912,4813
5308,4813
3912,4814
4802,4814
4811,4814
3215,4814
3505,4814
3506,4814
3206,4814
8443,4814
8420,4814
8441,4814
8442,4814
8477,4814
5603,4814
3904,4814
3905,4814
3906,4814
4908,4814
4701,4814
4702,4814
4703,4814
4704,4814
4705,4814
4706,4814
4707,4814
4823,4814
4805,4814
4806,4814
4808,4814
4812,4814
4818,4814
4821,4814
4822,4814
8439,4814
3203,4814
3809,4814
4804,4814
4807,4814
4810,4814
5311,4814
4701,4816
4705,4816
4706,4816
4823,4816
8439,4816
8441,4816
8443,4816
3215,4816
4805,4816
3912,4816
2927,4816
4809,4816
4811,4816
4810,4816
4804,4816
8442,4816
8902,0302
8418,0302
2501,0302
8609,0302
2941,0302
0301,0302
2832,0302
6305,0302
7310,0303
7204,8714
7218,8714
7219,8714
7220,8714
7221,8714
7222,8714
7223,8714
7224,8714
7228,8714
7304,8714
7305,8714
7306,8714
7307,8714
7411,8714
7608,8714
8307,8714
2606,8714
7214,8714
7227,8714
7407,8714
7505,8714
7601,8714
7602,8714
7604,8714
7605,8714
7606,8714
7609,8714
7610,8714
7616,8714
7904,8714
8102,8714
8457,8714
8468,8714
8479,8714
8515,8714
3208,8714
7318,8714
7326,8714
7415,8714
8203,8714
8207,8714
8456,8714
8459,8714
8460,8714
8462,8714
8463,8714
8467,8714
3917,8714
4001,8714
4002,8714
4003,8714
4005,8714
4006,8714
4007,8714
4008,8714
4009,8714
4011,8714
4012,8714
4013,8714
4016,8714
4017,8714
3919,8714
3920,8714
3921,8714
8455,8714
8477,8714
8485,8714
3810,8714
7205,8714
7206,8714
7207,8714
7208,8714
7209,8714
7210,8714
7211,8714
7212,8714
7213,8714
7215,8714
7216,8714
7217,8714
7225,8714
7226,8714
7229,8714
7301,8714
7312,8714
7315,8714
7325,8714
7403,8714
7408,8714
7413,8714
7614,8714
7201,8714
7502,8714
7901,8714
2818,8714
7603,8714
4004,8714
3907,8714
8482,8714
8483,8714
3403,8714
8001,8714
3812,8714
3901,8714
3902,8714
3903,8714
3916,8714
3926,8714
7508,8714
7905,8714
7409,8714
7404,8714
7405,8714
7412,8714
7419,8714
7320,8714
8108,8714
2614,8714
7903,8714
7907,8714
8104,8714
7410,8714
2604,8714
7504,8714
7308,8714
7406,8714
8112,8714
8007,8714
8712,8714
7503,8714
3908,8714
8204,8714
4010,8714
3925,8714
2601,8714
7507,8714
7902,8714
7506,8714
2603,8714
6813,8714
3811,8714
3819,8714
5604,8714
7501,8714
4101,8714
4104,8714
4107,8714
4112,8714
4113,8714
3909,8714
5903,8714
4114,8714
4205,8714
3210,8714
8461,8714
8484,8714
8512,8714
2710,8714
8501,8714
7222,8715
7223,8715
3920,8715
4001,8715
4002,8715
4003,8715
4005,8715
4006,8715
4008,8715
4016,8715
5211,8715
5212,8715
5309,8715
5514,8715
5801,8715
5906,8715
6001,8715
6002,8715
6003,8715
6005,8715
6006,8715
7616,8715
8708,8715
8482,8715
5603,8715
5811,8715
5903,8715
8477,8715
4107,8715
4112,8715
4113,8715
4115,8715
4205,8715
7320,8715
3506,8715
3909,8715
3901,8715
3903,8715
3910,8715
4004,8715
4007,8715
4013,8715
4014,8715
4017,8715
5604,8715
6004,8715
4011,8715
3923,8715
3925,8715
3926,8715
7318,8715
7326,8715
7216,8715
7219,8715
7209,8715
7220,8715
4407,8715
4412,8715
8714,8715
4405,8715
4409,8715
4411,8715
4413,8715
7206,8716
7207,8716
7208,8716
7209,8716
7210,8716
7211,8716
7212,8716
7214,8716
7215,8716
7216,8716
7218,8716
7219,8716
7220,8716
7221,8716
7222,8716
7224,8716
7225,8716
7226,8716
7227,8716
7304,8716
7312,8716
7326,8716
7305,8716
7306,8716
7308,8716
7318,8716
7610,8716
7601,8716
7604,8716
7605,8716
7606,8716
7608,8716
7616,8716
8708,8716
3920,8716
3926,8716
3925,8716
4007,8716
3904,8716
7315,8716
7213,8716
7217,8716
7229,8716
4011,8716
8482,8716
7325,8716
7609,8716
7223,8716
7320,8716
8479,8716
4012,8716
4013,8716
8408,8716
8704,8716
8707,8716
7403,8716
7419,8716
7502,8716
7602,8716
7407,8716
7614,8716
7404,8716
8714,8716
6813,8716
8108,8716
4001,8801
4002,8801
4007,8801
5407,8801
5501,8801
5903,8801
9014,8801
4013,8801
8804,8801
7019,8801
2804,8801
8807,8801
5604,8801
3901,8801
8407,8802
8409,8802
8411,8802
8412,8802
8807,8802
7007,8802
8482,8802
8484,8802
7210,8802
7225,8802
7409,8802
7601,8802
7602,8802
7603,8802
7604,8802
7605,8802
7606,8802
7608,8802
7610,8802
7616,8802
9014,8802
7019,8802
8544,8802
8526,8802
7318,8802
8483,8802
4011,8802
8501,8802
7209,8802
7212,8802
7219,8802
7226,8802
8535,8802
8536,8802
7609,8802
8457,8802
8461,8802
8468,8802
8479,8802
8456,8802
8459,8802
8462,8802
7506,8802
7905,8802
8805,8802
3208,8802
8515,8802
8458,8802
8460,8802
7228,8802
7308,8802
9104,8802
7415,8802
3917,8802
7304,8802
7306,8802
7411,8802
7507,8802
7613,8802
4007,8802
8541,8802
8502,8802
4001,8802
4002,8802
4005,8802
4009,8802
4016,8802
9032,8802
2606,8802
7224,8802
7403,8802
7502,8802
7614,8802
7901,8802
8542,8802
9033,8802
8431,8802
8455,8802
2614,8802
7202,8802
8101,8802
8103,8802
8108,8802
8112,8802
8487,8802
7405,8802
7407,8802
7207,8802
7218,8802
7220,8802
7221,8802
7222,8802
7223,8802
8543,8802
8506,8802
5501,8802
7312,8802
7413,8802
7005,8802
3907,8802
8109,8802
7408,8802
2823,8802
8102,8802
9001,8802
9002,8802
7229,8802
7505,8802
7904,8802
3506,8802
8546,8802
8311,8802
8534,8802
5402,8804
5403,8804
5404,8804
5407,8804
5408,8804
5501,8804
5509,8804
5902,8804
5512,8804
5515,8804
5516,8804
4007,8804
5604,8804
5607,8804
5903,8804
6004,8804
6005,8804
5911,8804
7019,8804
5603,8804
3908,8804
4001,8804
6002,8804
5906,8804
8412,8805
7206,8805
7207,8805
7214,8805
7216,8805
7217,8805
7218,8805
7219,8805
7220,8805
7221,8805
7222,8805
7223,8805
7224,8805
7225,8805
7226,8805
7227,8805
7228,8805
7229,8805
7306,8805
7326,8805
7601,8805
7210,8805
7409,8805
7506,8805
7604,8805
7605,8805
7606,8805
7608,8805
7610,8805
7616,8805
8501,8805
8505,8805
7318,8805
8482,8805
7320,8805
8484,8805
8468,8805
8431,8805
8457,8805
8462,8805
8479,8805
7213,8805
7215,8805
7325,8805
7407,8805
7505,8805
8807,8805
8483,8805
7403,8805
7502,8805
7609,8805
7614,8805
7209,8805
7212,8805
7308,8805
7315,8805
7405,8805
7208,8805
7211,8805
7305,8805
7411,8805
7408,8805
7312,8805
7019,8805
8542,8805
8503,8805
8473,8805
9033,8805
8407,8805
8411,8805
8409,8805
7606,8806
8407,8806
8409,8806
8411,8806
8412,8806
9014,8806
8526,8806
8807,8806
8708,8806
7007,8806
4011,8806
7219,8806
7225,8806
7226,8806
7601,8806
7610,8806
7604,8806
8542,8806
9104,8806
7224,8806
7228,8806
7304,8806
8544,8806
8507,8806
8501,8806
8543,8806
8408,8806
8503,8806
8506,8806
8525,8806
9006,8806
3907,8806
3916,8806
3917,8806
3919,8806
3920,8806
3921,8806
3926,8806
7223,8806
7229,8806
7326,8806
7403,8806
7405,8806
7407,8806
7408,8806
7502,8806
7505,8806
7602,8806
7605,8806
7608,8806
7609,8806
7613,8806
7614,8806
7616,8806
7904,8806
8001,8806
8529,8806
8534,8806
3506,8806
3925,8806
9001,8806
9002,8806
7318,8806
8505,8806
8536,8806
7222,8806
7312,8806
8456,8806
3901,8806
3902,8806
8468,8806
3903,8806
3906,8806
3908,8806
3909,8806
8532,8806
8533,8806
7603,8806
7410,8806
4002,8806
4007,8806
4017,8806
8531,8806
8538,8806
8546,8806
8541,8806
8483,8806
7905,8806
7019,8806
7209,8806
7210,8806
7212,8806
7409,8806
7506,8806
8535,8806
8504,8806
8482,8806
8502,8806
2606,8806
2818,8806
7419,8806
7801,8806
7901,8806
8108,8806
8112,8806
8805,8806
7413,8806
7214,8806
7215,8806
7227,8806
8457,8806
8459,8806
8485,8806
8511,8806
7306,8806
7308,8806
8431,8806
8473,8806
8414,8806
8477,8806
5501,8806
8467,8806
8458,8806
9032,8806
9031,8806
3910,8806
8479,8806
7411,8806
9030,8806
7005,8806
2614,8806
2716,8806
2606,8807
7224,8807
7502,8807
7601,8807
7602,8807
7604,8807
7605,8807
7606,8807
7608,8807
7609,8807
7610,8807
7616,8807
7901,8807
8001,8807
8112,8807
5501,8807
6815,8807
7019,8807
2614,8807
7202,8807
8101,8807
8103,8807
8108,8807
8455,8807
8482,8807
8483,8807
7318,8807
7415,8807
8412,8807
8479,8807
8501,8807
8543,8807
4001,8807
4002,8807
4005,8807
4007,8807
4009,8807
4016,8807
3506,8807
8456,8807
8457,8807
8458,8807
8459,8807
8460,8807
8461,8807
8462,8807
8463,8807
9031,8807
8480,8807
8207,8807
8467,8807
8419,8807
9024,8807
2818,8807
7228,8807
7229,8807
7304,8807
7403,8807
7405,8807
7407,8807
7408,8807
7505,8807
7603,8807
7614,8807
7904,8807
7206,8807
7207,8807
7214,8807
7215,8807
7216,8807
7217,8807
7218,8807
7219,8807
7220,8807
7221,8807
7222,8807
7223,8807
7225,8807
7226,8807
7227,8807
7306,8807
7326,8807
3907,8807
3909,8807
3910,8807
8411,8807
8805,8807
8544,8807
3208,8807
2823,8807
8109,8807
8209,8807
3921,8807
7209,8807
7210,8807
7212,8807
7409,8807
7506,8807
7905,8807
8504,8807
8468,8807
8515,8807
7110,8807
7325,8807
7507,8807
2710,8807
8102,8807
7312,8807
7404,8807
7410,8807
7411,8807
7413,8807
7419,8807
3801,8807
7504,8807
9032,8807
8484,8807
7903,8807
8104,8807
7213,8807
7315,8807
3908,8807
7320,8807
7607,8807
7613,8807
7208,8807
7211,8807
4010,8807
7308,8807
8409,8807
8485,8807
8514,8807
3919,8807
3917,8807
4011,8807
4013,8807
8113,8807
5402,8807
8542,8807
8473,8807
7406,8807
7412,8807
7801,8807
3920,8807
3812,8807
8534,8807
8311,8807
8526,8807
9014,8807
5903,8807
8407,8807
7005,8807
9001,8807
8307,8807
8546,8807
7007,8807
8105,8807
8487,8807
9033,8807
8507,8807
8204,8807
8541,8807
3906,8807
3810,8807
7305,8807
9104,8807
8414,8807
7003,8807
8536,8807
8532,8807
7002,8807
7206,8901
7207,8901
7208,8901
7209,8901
7210,8901
7211,8901
7212,8901
7213,8901
7214,8901
7215,8901
7216,8901
7217,8901
7218,8901
7219,8901
7220,8901
7221,8901
7222,8901
7224,8901
7225,8901
7226,8901
7227,8901
7228,8901
7229,8901
7301,8901
7304,8901
7306,8901
7326,8901
7606,8901
7409,8901
7601,8901
7602,8901
7604,8901
7605,8901
7608,8901
7610,8901
7616,8901
8406,8901
8407,8901
8408,8901
8526,8901
9014,8901
7003,8901
7005,8901
7007,8901
3917,8901
7303,8901
7305,8901
7307,8901
7325,8901
7411,8901
7507,8901
8307,8901
8415,8901
7315,8901
7316,8901
7318,8901
4009,8901
8512,8901
8409,8901
8411,8901
8412,8901
4407,8901
4412,8901
4418,8901
7204,8901
7308,8901
8544,8901
8413,8901
8487,8901
9104,8901
8906,8901
8468,8901
8502,8901
7324,8901
7205,8901
7415,8901
8414,8901
8404,8901
5607,8901
7312,8901
7502,8901
8425,8901
8483,8901
4403,8901
7223,8901
7320,8901
7413,8901
8003,8901
8481,8901
4002,8901
4016,8901
8311,8901
8457,8901
8515,8901
8455,8901
9026,8901
3920,8901
8501,8901
8704,8901
7609,8901
8708,8901
7506,8901
7905,8901
7201,8901
7901,8901
7309,8901
7611,8901
7412,8901
7405,8901
7407,8901
7505,8901
7008,8901
8484,8901
7904,8901
2606,8901
7403,8901
7614,8901
7408,8901
5608,8901
7206,8902
7207,8902
7208,8902
7209,8902
7210,8902
7211,8902
7212,8902
7216,8902
7218,8902
7219,8902
7220,8902
7221,8902
7222,8902
7225,8902
7227,8902
7304,8902
8407,8902
8408,8902
8412,8902
8487,8902
9014,8902
7316,8902
7309,8902
5608,8902
7308,8902
7601,8902
7604,8902
7606,8902
7610,8902
7616,8902
5607,8902
7306,8902
7307,8902
8501,8902
7215,8902
7217,8902
7223,8902
7305,8902
7312,8902
7314,8902
7315,8902
7325,8902
7326,8902
4006,8903
4007,8903
4008,8903
4009,8903
4013,8903
4016,8903
8907,8903
5903,8903
5906,8903
5907,8903
6306,8903
8407,8903
8501,8903
8413,8903
3209,8903
3506,8903
3901,8903
3902,8903
3909,8903
4412,8903
3208,8903
7316,8903
5607,8903
5608,8903
8526,8903
9014,8903
7610,8903
7616,8903
3921,8903
4001,8903
4002,8903
4003,8903
4005,8903
5407,8903
5604,8903
6006,8903
7019,8903
8477,8903
8503,8903
3920,8903
4011,8903
3210,8903
3906,8903
3907,8903
3908,8903
2606,8903
7214,8903
7222,8903
7224,8903
7227,8903
7304,8903
7601,8903
7602,8903
7604,8903
7605,8903
7606,8903
7608,8903
7609,8903
7614,8903
3925,8903
3926,8903
7209,8903
7210,8903
7219,8903
7225,8903
7409,8903
7607,8903
8408,8903
8412,8903
8502,8903
7308,8903
5609,8903
7312,8903
9104,8903
7213,8903
7215,8903
7218,8903
7220,8903
7221,8903
7007,8903
3917,8903
8307,8903
7207,8903
7216,8903
7223,8903
7229,8903
7306,8903
7326,8903
7003,8903
4403,8903
4407,8903
4408,8903
4409,8903
4413,8903
4418,8903
7318,8903
7415,8903
8507,8903
3903,8903
3904,8903
3916,8903
7206,8903
7211,8903
7307,8903
7411,8903
7403,8903
7408,8903
7413,8903
7419,8903
5909,8903
7217,8903
7005,8903
4504,8903
7315,8903
5902,8903
5402,8903
8481,8903
8484,8903
7613,8903
9032,8903
7603,8903
7226,8903
8425,8903
7325,8903
7905,8903
7904,8903
8479,8903
7208,8903
8483,8903
7407,8903
7212,8903
4411,8903
7004,8903
7506,8903
7320,8903
7505,8903
7305,8903
7507,8903
7611,8903
8001,8903
7404,8903
7405,8903
7412,8903
8455,8903
4420,8903
7210,8904
7218,8904
7219,8904
7220,8904
7222,8904
7223,8904
7224,8904
7225,8904
8408,8904
8487,8904
8412,8904
9014,8904
8483,8904
8501,8904
8502,8904
7316,8904
7207,8904
7208,8904
7209,8904
7211,8904
7212,8904
7221,8904
7227,8904
8406,8904
8407,8904
8409,8904
8411,8904
7303,8904
7304,8904
7305,8904
7306,8904
7307,8904
8503,8904
8482,8904
7308,8904
7206,8904
7213,8904
7214,8904
7215,8904
7216,8904
7217,8904
7229,8904
7312,8904
7326,8904
7301,8904
7318,8904
7325,8904
7604,8904
7403,8904
7407,8904
7408,8904
7411,8904
7413,8904
7614,8904
7315,8904
7608,8904
7610,8904
8708,8904
7206,8905
7207,8905
7208,8905
7209,8905
7210,8905
7211,8905
7212,8905
7216,8905
7217,8905
7218,8905
7219,8905
7220,8905
7222,8905
7223,8905
7224,8905
7225,8905
7226,8905
7227,8905
7228,8905
7304,8905
7306,8905
7307,8905
7326,8905
7409,8905
7601,8905
7606,8905
7905,8905
8407,8905
8408,8905
8409,8905
8412,8905
8502,8905
8487,8905
8481,8905
8425,8905
8426,8905
7305,8905
8413,8905
8501,8905
8503,8905
7316,8905
7301,8905
7308,8905
7315,8905
7318,8905
7325,8905
7610,8905
8455,8905
8411,8905
7213,8905
7214,8905
7215,8905
7221,8905
7312,8905
7616,8905
7411,8905
7608,8905
7609,8905
8430,8905
8479,8905
2709,8905
5607,8905
7614,8905
3917,8905
7407,8905
7604,8905
4011,8905
8482,8905
8526,8905
9015,8905
7204,8905
7507,8905
7403,8905
8907,8905
6810,8905
9014,8905
7007,8905
7206,8906
7207,8906
7208,8906
7209,8906
7210,8906
7211,8906
7212,8906
7218,8906
7219,8906
7220,8906
7222,8906
7224,8906
7225,8906
7226,8906
7228,8906
7229,8906
7301,8906
7325,8906
7326,8906
7409,8906
7606,8906
7905,8906
8407,8906
8408,8906
8409,8906
8412,8906
8487,8906
8526,8906
9014,8906
9301,8906
7318,8906
3208,8906
8501,8906
7007,8906
7213,8906
7214,8906
7215,8906
7216,8906
7217,8906
7221,8906
7227,8906
7304,8906
7306,8906
8455,8906
7223,8906
8311,8906
8515,8906
8503,8906
7019,8906
6901,6914
6902,6914
6904,6914
2512,6914
8456,6914
2818,6914
2819,6914
6912,6914
8420,6914
2513,6914
6815,6914
6905,6914
2526,6914
2510,6914
2815,7001
2839,7001
2840,7001
8417,7001
8419,7001
8514,7001
2505,7001
2506,7001
2811,7001
2810,7001
2529,7001
2507,7001
2505,7002
2506,7002
2811,7002
2839,7002
2815,7002
2840,7002
8419,7002
8456,7002
8464,7002
2529,7002
2528,7002
2810,7002
7001,7002
2823,7002
2826,7002
2507,7002
2508,7002
2842,7002
8417,7002
8514,7002
2804,7002
2618,7002
2512,7002
2824,7002
2505,7003
2506,7003
2811,7003
2839,7003
3207,7003
2815,7003
2840,7003
2529,7003
2508,7003
2810,7003
7001,7003
3206,7003
2716,7003
8464,7003
8417,7003
8419,7003
8514,7003
2511,7003
2816,7003
2824,7003
2812,7003
2819,7003
2820,7003
2823,7003
2842,7003
2826,7003
8456,7003
7020,7003
2528,7003
2507,7003
8110,7003
2618,7003
2530,7003
6901,7003
2505,7004
2506,7004
2811,7004
2815,7004
2839,7004
2840,7004
3207,7004
7001,7004
2529,7004
3206,7004
8514,7004
8464,7004
8417,7004
2823,7004
2810,7004
2508,7004
2824,7004
8419,7004
2820,7004
2819,7004
2826,7004
2507,7004
2618,7004
8456,7004
2528,7004
7020,7004
2842,7004
2716,7004
2505,7005
2506,7005
2811,7005
2815,7005
2839,7005
2840,7005
7001,7005
2529,7005
8464,7005
3206,7005
2507,7005
7020,7005
2823,7005
8417,7005
8419,7005
8514,7005
2618,7005
8456,7005
2716,7005
7004,7005
2819,7005
2508,7005
2826,7005
2810,7005
2528,7005
2842,7005
2824,7005
7003,7006
7004,7006
7005,7006
3207,7006
7001,7006
8456,7006
8464,7006
8475,7006
8205,7006
7002,7006
7020,7006
2505,7006
2506,7006
2811,7006
2815,7006
2839,7006
2840,7006
2522,7006
2508,7006
2518,7006
2529,7006
8417,7006
8419,7006
8514,7006
2819,7006
3206,7006
2823,7006
2821,7006
2824,7006
2513,7006
2846,7006
2810,7006
6805,7006
2826,7006
7003,7007
7004,7007
7005,7007
7019,7007
7001,7007
8475,7007
8464,7007
7002,7007
7020,7007
8514,7007
7006,7007
2505,7008
2506,7008
2811,7008
3207,7008
7002,7008
2805,7008
2815,7008
2839,7008
2840,7008
2529,7008
7001,7008
7003,7008
7020,7008
8475,7008
8464,7008
2804,7008
2823,7008
7019,7008
7004,7008
7005,7008
7006,7008
8419,7008
8417,7008
8514,7008
8546,7008
8205,7008
7016,7008
3207,7009
7002,7009
7003,7009
7004,7009
7005,7009
7006,7009
7007,7009
7020,7009
7001,7009
8456,7009
8464,7009
8475,7009
9001,7009
7019,7009
8514,7009
8417,7009
2811,7009
2839,7009
2840,7009
4414,7009
2505,7009
2506,7009
2525,7009
8205,7009
3405,7009
7002,7010
7003,7010
7004,7010
7005,7010
7017,7010
7001,7010
8475,7010
7020,7010
8422,7010
7006,7010
3923,7010
8309,7010
7002,7011
7003,7011
7004,7011
7005,7011
7020,7011
2805,7011
2815,7011
2839,7011
2840,7011
2505,7011
2506,7011
2811,7011
2529,7011
7014,7011
8419,7011
8464,7011
8475,7011
7001,7011
7019,7011
8110,7011
8417,7011
8514,7011
2846,7011
2804,7011
2810,7011
2519,7011
3206,7011
8546,7011
7006,7011
2511,7011
2817,7011
2824,7011
2528,7011
2842,7011
8456,7011
2826,7011
3204,7011
2820,7011
8540,7011
2823,7011
7001,7013
7002,7013
7003,7013
7004,7013
7005,7013
7020,7013
3207,7013
2505,7013
2506,7013
2811,7013
2805,7013
2815,7013
2839,7013
2840,7013
2522,7013
8464,7013
8475,7013
2529,7013
2810,7013
8456,7013
2507,7013
2508,7013
8417,7013
8419,7013
8514,7013
3206,7013
7006,7013
7018,7013
2823,7013
2528,7013
2511,7013
2824,7013
2846,7013
2530,7013
2842,7013
2519,7013
2819,7013
8205,7013
7016,7013
3207,7014
7001,7014
7002,7014
7003,7014
7004,7014
7005,7014
7006,7014
7020,7014
2506,7014
8475,7014
2810,7014
7015,7014
3206,7014
2529,7014
7002,7015
9001,7015
8475,7015
7020,7015
9004,7015
7003,7015
7004,7015
7005,7015
7006,7015
7008,7015
7001,7015
2505,7016
2506,7016
2811,7016
2805,7016
2815,7016
2839,7016
2840,7016
2529,7016
3207,7016
7001,7016
7003,7016
3206,7016
8417,7016
8514,7016
8464,7016
8475,7016
8480,7016
2810,7016
7004,7016
7005,7016
7006,7016
7020,7016
7002,7016
8419,7016
8456,7016
2823,7016
2842,7016
2506,7017
2839,7017
8475,7017
3207,7017
7001,7017
2810,7017
7003,7017
7020,7017
8514,7017
7002,7017
7010,7017
7006,7017
2528,7017
7004,7017
7005,7017
2529,7017
8417,7018
8475,7018
8514,7018
7001,7018
7006,7018
7020,7018
3206,7018
8464,7018
2505,7018
2506,7018
2839,7018
2840,7018
2810,7018
7016,7018
2529,7018
2823,7018
2528,7018
7004,7018
7005,7018
8456,7018
7001,7019
7020,7019
2839,7019
2840,7019
2810,7019
8417,7019
8514,7019
2823,7019
8419,7019
8464,7019
2528,7019
2529,7019
2505,7019
2716,7019
8456,7019
2512,7019
7002,7020
7003,7020
7004,7020
7005,7020
7006,7020
7007,7020
3207,7020
7019,7020
2506,7020
7014,7020
7018,7020
7001,7020
7010,7020
7011,7020
7013,7020
7016,7020
8475,7020
7008,7020
2804,7020
2811,7020
2839,7020
2815,7020
2840,7020
8464,7020
8419,7020
2810,7020
2823,7020
2826,7020
2827,7020
8417,7020
8514,7020
2505,7020
2805,7020
2529,7020
2824,7020
2528,7020
2846,7020
2507,7020
2508,7020
2841,7020
2513,7020
2618,7020
2821,7020
2806,7020
7116,7101
8456,7102
8464,7103
8456,7103
8474,7103
7105,7103
8464,7104
7105,7104
7104,7105
8464,7105
7103,7105
2616,7106
2843,7106
8514,7106
8454,7106
7112,7106
8549,7106
7106,7107
2603,7107
8454,7107
8455,7107
3810,7107
2616,7108
8456,7108
8417,7108
8454,7108
8514,7108
2837,7108
2843,7108
7112,7108
7106,7109
2616,7109
2607,7109
8455,7109
8514,7109
8454,7109
2616,7110
7112,7110
8514,7110
2843,7110
7106,7111
7108,7111
7110,7111
2616,7111
8454,7111
2616,7112
8549,7112
7106,7112
2616,7113
7106,7113
7107,7113
7109,7113
7111,7113
7114,7113
2843,7113
7112,7113
7103,7113
8457,7113
8462,7113
8455,7113
8515,7113
8203,7113
7115,7113
7116,7113
7108,7113
7110,7113
8454,7113
8514,7113
7106,7114
7107,7114
7109,7114
7111,7114
7113,7114
8203,7114
2616,7114
2843,7114
7112,7114
7115,7114
8454,7114
8456,7114
8468,7114
8515,7114
8514,7114
8549,7114
7108,7114
8460,7114
9111,7114
2616,7115
7110,7115
7111,7115
7112,7115
2843,7115
7106,7115
7107,7115
7108,7115
7109,7115
8455,7115
8456,7115
8454,7115
8514,7115
7114,7115
7113,7115
7101,7116
7103,7116
7104,7116
7105,7116
7107,7117
7109,7117
7111,7117
7403,7117
7901,7117
8308,7117
7408,7117
7407,7117
7903,7117
7905,7117
7904,7117
7902,7117
7907,7117
7806,7117
8007,7117
8001,7117
7018,7117
7504,7117
7603,7117
3204,7117
7801,7117
7503,7117
7508,7117
7104,7117
2843,7117
5605,7117
2616,7118
2843,7118
7106,7118
7107,7118
7108,7118
7109,7118
7110,7118
7111,7118
7112,7118
7114,7118
7224,7118
7502,7118
7504,7118
7601,7118
7901,7118
8001,7118
2603,7118
7401,7118
7402,7118
7403,7118
7404,7118
7405,7118
7406,7118
7407,7118
7408,7118
7409,7118
7411,7118
7413,7118
7419,7118
8003,7118
8105,7118
2604,7118
7205,7118
7218,7118
7501,7118
7503,7118
7505,7118
7506,7118
7508,7118
2608,7118
7902,7118
7903,7118
7904,7118
7905,7118
7907,7118
7204,7118
7604,7118
2606,7118
7602,7118
7605,7118
7606,7118
7616,7118
8207,7118
8454,7118
8457,7118
8458,7118
8462,7118
8463,7118
8455,7118
8460,7118
7410,7118
7801,7118
7210,7118
7212,7118
7217,7118
7225,7118
7201,7118
7206,7118
7207,7118
7214,7118
7219,7118
7220,7118
7221,7118
7222,7118
7223,7118
7226,7118
7228,7118
7326,7118
7603,7118
7607,7118
8480,7118
8002,7118
7325,7118
2609,7118
8007,7118
7115,7118
2601,7118
7203,7118
7208,7118
7209,7118
7211,7118
7215,7118
7216,7118
7306,7118
8111,7118
7804,7118
7806,7118
7213,7118
7227,7118
8108,7118
8104,7118
2614,7118
2824,7118
7802,7118
7218,8434
7219,8434
7220,8434
7222,8434
7223,8434
7304,8434
7326,8434
4007,8434
4009,8434
4010,8434
4014,8434
8501,8434
8503,8434
8543,8434
8413,8434
3917,8434
4017,8434
8307,8434
8482,8434
8481,8434
3926,8434
7315,8434
7318,8434
9026,8434
9031,8434
9032,8434
8421,8434
8424,8434
8431,8434
8466,8434
8473,8434
8479,8434
8509,8434
7411,8434
8484,8434
7309,8434
8420,8434
8487,8434
8419,8434
8208,8434
8467,8434
9033,8434
7408,8434
7206,8435
7207,8435
7208,8435
7209,8435
7211,8435
7213,8435
7214,8435
7215,8435
7216,8435
7217,8435
7218,8435
7219,8435
7221,8435
7222,8435
7225,8435
7226,8435
7227,8435
7229,8435
7312,8435
8501,8435
8482,8435
7220,8435
7223,8435
7224,8435
7305,8435
7306,8435
8413,8435
7325,8435
7326,8435
7419,8435
3926,8435
7210,8435
7212,8435
7409,8435
7604,8435
7606,8435
8438,8435
8462,8435
7315,8435
8466,8435
8484,8435
7309,8435
7611,8435
8207,8435
8431,8435
8479,8435
8419,8435
8473,8435
9032,8435
7320,8435
8420,8435
7403,8435
8208,8435
7608,8435
7616,8435
8487,8435
9033,8435
8467,8435
8307,8435
7207,8436
7208,8436
7211,8436
7213,8436
7214,8436
7215,8436
7216,8436
7218,8436
7227,8436
8431,8436
8466,8436
8473,8436
8479,8436
8501,8436
8413,8436
7306,8436
7314,8436
7315,8436
7318,8436
7325,8436
7326,8436
8208,8436
8419,8436
8477,8436
9032,8436
8487,8436
7219,8436
7220,8436
7222,8436
8414,8436
8503,8436
8543,8436
4007,8436
4016,8436
7210,8436
7320,8436
3926,8436
7223,8436
8482,8436
8412,8436
8424,8436
7206,8436
7209,8436
7212,8436
7217,8436
7604,8436
7616,8436
4009,8436
4010,8436
4011,8436
8407,8436
8408,8436
8701,8436
8211,8436
8467,8436
5910,8436
8502,8436
8511,8436
3917,8436
7312,8436
8432,8436
3925,8436
7407,8436
7408,8436
7411,8436
7419,8436
8307,8436
8433,8436
7206,8437
7207,8437
7208,8437
7209,8437
7211,8437
7215,8437
7216,8437
7218,8437
7219,8437
7220,8437
7224,8437
7306,8437
7325,8437
7326,8437
8473,8437
8479,8437
8501,8437
8503,8437
8543,8437
8482,8437
8483,8437
5910,8437
8466,8437
7210,8437
7212,8437
7223,8437
7318,8437
8413,8437
7213,8437
7217,8437
7320,8437
7315,8437
8484,8437
8431,8437
8487,8437
9033,8437
8208,8437
8421,8437
9032,8437
8419,8437
7403,8437
3403,8437
7221,8437
7222,8437
4010,8437
7616,8437
8209,8437
6804,8437
8433,8437
7407,8437
8438,8437
2716,8437
7419,8437
7206,8438
7207,8438
7214,8438
7216,8438
7217,8438
7218,8438
7219,8438
7220,8438
7221,8438
7222,8438
7223,8438
7224,8438
7225,8438
7226,8438
7227,8438
7228,8438
7229,8438
7304,8438
7306,8438
7307,8438
7326,8438
7601,8438
8414,8438
8501,8438
8503,8438
8483,8438
8482,8438
4010,8438
5910,8438
8413,8438
8417,8438
8419,8438
8479,8438
8208,8438
8412,8438
8422,8438
8431,8438
8466,8438
8532,8438
3921,8438
7215,8438
7308,8438
7315,8438
7318,8438
7320,8438
7616,8438
3910,8438
7210,8438
7325,8438
7419,8438
7604,8438
9031,8438
8467,8438
9032,8438
8428,8438
8502,8438
8420,8438
8437,8438
8207,8438
8209,8438
7415,8438
9026,8438
7208,8438
7209,8438
7211,8438
7213,8438
8416,8438
7409,8438
7606,8438
7605,8438
7608,8438
7212,8438
3926,8438
4008,8438
8534,8438
4009,8438
4016,8438
7312,8438
7408,8438
7413,8438
8544,8438
3917,8438
8473,8438
8484,8438
7403,8438
8481,8438
9033,8438
7901,8438
7602,8438
7405,8438
7502,8438
7407,8438
7201,8438
7404,8438
8421,8438
8402,8438
6903,8438
7309,8438
7305,8438
7411,8438
7412,8438
7507,8438
8307,8438
7904,8438
7406,8438
8311,8438
8211,8438
8418,8438
7614,8438
8436,8438
8424,8438
8203,8438
6804,8438
7905,8438
8542,8438
7506,8438
9025,8438
7505,8438
7508,8438
8204,8438
8434,8438
7609,8438
3920,8438
8108,8438
7218,8439
7222,8439
7306,8439
7325,8439
8482,8439
8208,8439
8420,8439
8441,8439
7318,8439
8431,8439
8479,8439
3912,8439
4401,8439
4703,8439
4823,8439
8419,8439
4403,8439
8473,8439
9032,8439
8487,8439
8466,8439
9024,8439
7207,8439
7215,8439
7219,8439
7220,8439
7227,8439
7326,8439
7206,8439
7210,8439
8501,8439
8483,8439
7315,8439
4802,8439
4805,8439
4822,8439
8484,8439
9033,8439
4806,8439
4812,8439
8209,8439
9031,8439
7407,8439
8420,8440
8448,8440
8465,8440
8466,8440
8479,8440
3506,8440
8431,8440
8439,8440
8473,8440
8441,8440
2716,8440
4820,8440
9033,8440
8419,8440
8208,8440
7325,8441
8482,8441
8208,8441
8466,8441
8431,8441
8473,8441
8479,8441
8487,8441
9032,8441
8439,8441
9033,8441
8419,8441
4805,8441
4808,8441
4811,8441
4823,8441
8420,8441
4706,8441
4812,8441
4822,8441
7207,8442
7208,8442
7209,8442
7211,8442
7213,8442
7215,8442
7217,8442
7218,8442
7219,8442
7220,8442
7222,8442
7225,8442
7226,8442
7227,8442
7229,8442
7326,8442
8501,8442
8420,8442
8431,8442
8456,8442
8473,8442
8479,8442
8485,8442
9031,8442
8482,8442
7206,8442
7216,8442
7224,8442
7306,8442
7318,8442
7325,8442
7419,8442
7601,8442
8534,8442
8546,8442
8208,8442
8209,8442
9032,8442
7616,8442
3921,8442
3926,8442
3403,8442
7210,8442
7212,8442
7606,8442
7403,8442
7502,8442
7602,8442
7604,8442
7605,8442
7608,8442
7901,8442
7404,8442
7405,8442
7407,8442
7408,8442
7409,8442
7410,8442
3906,8442
7223,8442
4008,8442
4017,8442
8532,8442
7506,8442
7905,8442
3907,8442
3506,8442
8443,8442
3215,8442
3903,8442
3909,8442
3910,8442
7505,8442
8108,8442
8113,8442
3919,8442
8467,8442
3920,8442
7603,8442
8307,8442
6804,8442
4809,8442
6803,8442
6815,8442
3204,8442
4810,8442
4811,8442
8420,8443
8431,8443
8448,8443
8466,8443
8479,8443
8442,8443
3215,8443
4802,8443
4809,8443
4811,8443
8473,8443
9032,8443
3204,8443
4822,8443
9033,8443
8482,8443
7409,8443
8487,8443
7403,8443
7410,8443
2716,8443
8485,8443
8501,8444
8503,8444
8420,8444
8431,8444
8445,8444
8466,8444
8473,8444
8479,8444
8482,8444
5910,8444
5402,8444
5404,8444
5501,8444
5502,8444
5503,8444
5504,8444
5902,8444
5906,8444
8412,8444
9031,8444
9032,8444
8419,8444
3403,8444
8208,8444
7604,8444
3908,8444
3910,8444
3916,8444
3926,8444
5911,8444
5909,8444
5403,8444
5405,8444
8207,8444
5910,8445
5911,8445
8420,8445
8431,8445
8444,8445
8448,8445
8466,8445
8473,8445
8479,8445
3403,8445
9031,8445
8208,8445
9033,8445
9024,8445
9032,8445
8419,8445
8501,8445
8482,8445
8421,8445
7326,8445
5502,8445
7019,8445
7315,8445
5909,8445
2601,7216
7202,7216
7203,7216
7204,7216
7205,7216
7325,7216
2701,7216
2704,7216
2619,7216
7206,7216
8416,7216
8417,7216
8514,7216
8455,7216
8454,7216
8480,7216
7201,7216
7207,7216
7214,7216
7215,7216
8462,7216
8461,7216
7208,7216
7217,7216
7301,7216
7306,7216
7326,7216
8111,7216
2716,7216
8458,7216
8459,7216
8515,7216
2705,7216
8311,7216
2618,7216
7209,7216
7211,7216
7213,7216
8207,7216
8468,7216
2502,7216
8456,7216
7315,7216
9024,7216
2821,7216
8460,7216
8474,7216
8205,7216
3824,7216
2601,7217
7202,7217
7203,7217
7204,7217
7205,7217
8455,7217
8454,7217
8462,7217
2619,7217
7201,7217
7206,7217
7207,7217
7211,7217
7214,7217
7215,7217
7326,7217
8514,7217
7213,7217
2618,7217
7212,7217
7208,7217
7216,7217
7306,7217
3810,7217
7209,7217
7325,7217
7313,7217
2601,7218
2602,7218
2604,7218
2610,7218
2613,7218
2617,7218
7202,7218
7203,7218
7204,7218
7205,7218
2819,7218
7501,7218
7502,7218
7503,7218
7504,7218
7505,7218
7508,7218
2820,7218
8111,7218
2701,7218
8417,7218
8514,7218
8454,7218
8480,7218
8455,7218
2849,7218
2618,7218
2619,7218
7326,7218
7901,7218
8102,7218
7201,7218
2605,7218
2513,7218
2716,7218
8456,7218
8460,7218
2502,7218
7903,7218
2519,7218
2601,7219
2602,7219
2604,7219
2610,7219
2613,7219
2617,7219
7202,7219
7203,7219
7204,7219
7205,7219
2615,7219
2819,7219
7501,7219
7502,7219
7503,7219
7504,7219
7505,7219
7508,7219
2820,7219
8111,7219
7224,7219
8417,7219
8514,7219
8455,7219
8462,7219
2701,7219
7201,7219
7206,7219
7218,7219
7326,7219
8454,7219
2716,7219
8456,7219
8515,7219
8460,7219
8102,7219
8468,7219
8105,7219
8419,7219
3810,7219
2608,7219
8457,7219
2821,7219
8480,7219
2822,7219
8458,7219
7506,7219
2519,7219
2601,7220
2602,7220
2604,7220
2610,7220
2613,7220
2615,7220
2617,7220
7203,7220
7204,7220
7205,7220
2819,7220
7202,7220
7501,7220
7502,7220
7503,7220
7504,7220
7505,7220
7508,7220
2701,7220
8455,7220
8417,7220
8514,7220
8454,7220
8462,7220
2820,7220
8111,7220
7218,7220
8102,7220
7201,7220
7326,7220
8460,7220
2822,7220
2618,7220
8515,7220
8105,7220
2716,7220
8456,7220
8468,7220
7506,7220
7206,7220
8458,7220
8459,7220
2513,7220
3810,7220
2519,7220
2601,7221
2602,7221
2604,7221
2605,7221
2608,7221
2610,7221
2613,7221
2615,7221
2617,7221
7202,7221
7203,7221
7204,7221
7205,7221
7206,7221
2819,7221
2701,7221
7224,7221
7501,7221
7502,7221
7503,7221
7504,7221
7505,7221
7508,7221
8417,7221
8514,7221
8455,7221
2820,7221
8111,7221
8102,7221
7201,7221
7218,7221
7222,7221
2618,7221
2619,7221
7326,7221
8480,7221
2849,7221
8454,7221
7223,7221
2519,7221
8456,7221
8458,7221
8460,7221
8105,7221
2601,7222
2602,7222
2604,7222
2610,7222
2613,7222
2617,7222
7202,7222
7203,7222
7204,7222
7205,7222
7224,7222
7218,7222
7326,7222
7503,7222
8111,7222
2701,7222
8417,7222
8419,7222
8514,7222
8455,7222
7201,7222
7502,7222
7501,7222
7504,7222
7508,7222
8105,7222
2820,7222
2819,7222
2849,7222
8462,7222
8454,7222
8480,7222
7223,7222
8102,7222
2618,7222
8311,7222
8461,7222
8515,7222
3810,7222
8458,7222
8460,7222
8456,7222
8207,7222
7221,7222
7903,7222
2513,7222
7505,7222
7901,7222
7206,7222
8459,7222
2716,7222
8468,7222
2502,7222
2605,7222
2608,7222
2619,7222
8457,7222
2822,7222
7207,7222
7306,7222
2601,7223
2602,7223
2604,7223
2605,7223
2608,7223
2610,7223
2613,7223
2617,7223
7202,7223
7203,7223
7204,7223
7205,7223
7501,7223
7502,7223
7503,7223
7504,7223
7508,7223
2819,7223
7224,7223
8417,7223
8514,7223
8455,7223
8462,7223
8311,7223
7218,7223
7220,7223
2820,7223
8111,7223
7206,7223
7221,7223
7222,7223
7326,7223
7901,7223
2822,7223
8102,7223
8454,7223
8456,7223
8460,7223
2619,7223
7201,7223
8515,7223
8207,7223
9024,7223
2618,7223
8480,7223
8105,7223
2502,7224
2601,7224
2602,7224
2604,7224
2605,7224
2608,7224
2610,7224
2613,7224
2617,7224
7202,7224
7203,7224
7204,7224
7205,7224
2820,7224
8111,7224
8112,7224
2619,7224
7503,7224
8102,7224
8105,7224
8417,7224
8514,7224
8454,7224
8455,7224
8480,7224
2615,7224
7901,7224
2618,7224
7201,7224
7501,7224
7502,7224
7504,7224
7505,7224
7508,7224
2805,7224
8104,7224
8462,7224
2819,7224
2849,7224
8101,7224
7903,7224
2821,7224
7326,7224
2611,7224
2614,7224
8460,7224
7907,7224
8110,7224
2504,7224
2601,7225
2602,7225
2604,7225
2605,7225
2608,7225
2610,7225
2613,7225
2617,7225
7202,7225
7203,7225
7204,7225
7205,7225
2849,7225
8454,7225
8455,7225
8462,7225
8417,7225
8514,7225
8463,7225
7224,7225
8112,7225
2820,7225
8111,7225
2618,7225
2716,7225
7206,7225
7306,7225
7326,7225
7503,7225
8102,7225
8105,7225
2615,7225
7501,7225
7502,7225
7504,7225
7508,7225
7903,7225
7201,7225
8480,7225
7901,7225
2819,7225
7207,7225
7505,7225
8456,7225
8515,7225
8311,7225
8460,7225
8461,7225
7325,7225
8101,7225
8104,7225
7506,7225
8457,7225
9024,7225
3810,7225
7902,7225
7904,7225
7905,7225
7907,7225
7229,7225
2805,7225
8468,7225
8458,7225
2822,7225
8207,7225
2601,7226
2602,7226
2604,7226
2610,7226
2611,7226
2613,7226
2617,7226
7202,7226
7203,7226
7204,7226
7205,7226
2849,7226
8514,7226
8455,7226
7206,7226
7224,7226
7326,7226
7503,7226
8102,7226
8105,7226
8111,7226
8112,7226
2615,7226
2820,7226
7501,7226
7502,7226
7504,7226
7505,7226
7506,7226
7508,7226
7903,7226
2716,7226
8462,7226
8454,7226
7201,7226
8417,7226
8104,7226
8460,7226
8515,7226
7207,7226
7901,7226
2819,7226
2618,7226
2605,7226
8101,7226
8110,7226
8461,7226
8456,7226
2822,7226
2504,7226
2803,7226
8463,7226
2608,7226
3810,7226
8458,7226
7907,7226
5203,5804
5003,5804
5301,5804
5305,5804
5308,5804
5004,5805
5005,5805
5006,5805
5106,5805
5107,5805
5108,5805
5109,5805
5110,5805
5201,5805
5202,5805
5203,5805
5204,5805
5205,5805
5206,5805
5207,5805
5306,5805
5307,5805
5308,5805
5401,5805
5403,5805
5507,5805
5508,5805
5509,5805
5510,5805
5511,5805
5516,5805
5609,5805
5101,5805
5103,5805
5104,5805
5105,5805
5111,5805
5112,5805
5408,5805
5605,5805
5606,5805
6006,5805
5001,5805
5002,5805
5003,5805
5007,5805
7319,5805
8448,5805
3203,5805
3204,5805
3809,5805
8213,5805
5301,5805
5309,5805
8445,5805
8451,5805
5102,5805
5113,5805
5801,5805
6001,5805
6003,5805
5208,5805
5209,5805
5211,5805
5212,5805
5311,5805
5810,5805
3206,5805
5310,5805
5902,5805
6308,5805
5303,5805
6304,5805
2927,5805
6307,5805
3205,5805
5201,5806
5202,5806
5203,5806
5205,5806
5206,5806
5004,5806
5005,5806
5006,5806
5106,5806
5107,5806
5108,5806
5109,5806
5207,5806
5402,5806
5403,5806
5406,5806
5501,5806
5502,5806
5503,5806
5504,5806
5505,5806
5506,5806
5507,5806
5508,5806
5509,5806
5510,5806
5511,5806
5102,5806
5104,5806
8446,5806
8448,5806
5515,5806
5308,5806
5902,5806
3204,5806
8444,5806
8445,5806
8451,5806
8420,5806
3403,5806
5601,5806
5301,5806
5609,5806
7019,5806
5110,5806
5307,5806
5604,5806
5605,5806
5606,5806
3809,5806
5404,5806
5003,5806
5302,5806
5303,5806
5305,5806
5306,5806
3203,5806
3206,5806
3908,5806
5002,5806
3205,5806
4002,5806
3909,5806
3506,5806
4007,5806
8447,5806
5906,5806
5911,5806
6006,5806
5210,5806
6003,5806
5208,5806
5513,5806
5516,5806
5212,5806
3905,5806
5405,5806
5407,5806
5408,5806
5512,5806
6005,5806
5211,5806
3505,5806
5007,5806
3901,5806
3902,5806
3906,5806
3912,5806
3919,5806
3913,5806
3903,5806
5007,5807
5111,5807
5112,5807
5113,5807
5204,5807
5208,5807
5209,5807
5210,5807
5211,5807
5212,5807
5308,5807
5309,5807
5310,5807
5311,5807
5401,5807
5407,5807
5408,5807
5509,5807
5510,5807
5511,5807
5512,5807
5513,5807
5514,5807
5515,5807
5516,5807
5801,5807
5806,5807
5809,5807
5902,5807
5903,5807
5906,5807
5911,5807
6001,5807
6003,5807
6005,5807
6006,5807
5004,5807
5006,5807
5205,5807
5206,5807
5207,5807
5307,5807
5406,5807
5508,5807
8444,5807
3809,5807
5202,5807
5404,5807
5605,5807
5804,5807
5201,5807
5203,5807
5606,5807
3203,5807
6209,5807
5303,5807
5602,5807
6307,5807
5901,5807
5905,5807
5002,5807
6217,5807
5501,5807
5601,5807
5603,5807
5405,5807
6114,5807
5301,5807
5101,5808
5105,5808
5106,5808
5108,5808
5111,5808
5201,5808
5402,5808
5403,5808
5407,5808
5501,5808
5502,5808
5503,5808
5504,5808
5506,5808
5509,5808
5510,5808
5511,5808
5512,5808
5515,5808
5516,5808
5107,5808
5202,5808
5205,5808
5206,5808
5308,5808
5004,5808
5005,5808
5006,5808
5103,5808
5109,5808
5110,5808
5207,5808
5307,5808
5406,5808
5408,5808
5609,5808
8444,5808
8445,5808
8446,5808
8447,5808
8451,5808
8477,5808
5911,5808
6603,5808
5301,5808
5302,5808
5303,5808
5305,5808
5309,5808
5310,5808
5311,5808
5902,5808
5306,5808
5604,5808
5605,5808
6003,5808
6005,5808
5606,5808
5003,5808
5102,5808
5104,5808
6006,5808
5804,5808
5007,5808
5404,5808
5405,5808
5806,5808
6307,5808
5113,5808
4007,5808
5607,5808
5001,5808
5002,5808
0501,5808
6703,5808
4601,5808
5112,5808
5401,5808
5508,5808
5601,5808
5801,5808
5203,5808
5204,5808
5212,5808
5809,5808
5906,5808
3203,5808
5807,5808
6217,5808
4304,5808
7018,5808
3905,5808
5401,5809
5605,5809
5403,5809
5606,5809
5609,5809
5406,5809
5911,5809
8444,5809
8445,5809
8446,5809
8447,5809
3204,5809
3809,5809
7106,5809
5007,5810
5111,5810
5112,5810
5208,5810
5209,5810
5210,5810
5211,5810
5212,5810
5309,5810
5311,5810
5402,5810
5407,5810
5408,5810
5501,5810
5503,5810
5506,5810
5509,5810
5510,5810
5512,5810
5513,5810
5514,5810
5515,5810
5516,5810
5801,5810
5806,5810
5809,5810
5902,5810
6001,5810
6005,5810
6006,5810
5004,5810
5006,5810
5106,5810
5107,5810
5108,5810
5109,5810
5110,5810
5204,5810
5205,5810
5206,5810
5207,5810
5307,5810
5308,5810
5401,5810
5403,5810
5404,5810
5405,5810
5406,5810
5502,5810
5504,5810
5505,5810
5507,5810
5508,5810
5511,5810
5604,5810
5605,5810
5606,5810
5609,5810
6003,5810
5202,5810
8444,5810
8445,5810
8446,5810
8447,5810
8448,5810
8451,5810
8452,5810
7319,5810
3203,5810
3204,5810
3205,5810
3809,5810
5601,5810
5804,5810
5911,5810
5005,5810
5001,5810
5002,5810
5003,5810
5203,5810
6002,5810
6308,5810
5301,5810
5306,5810
6105,5810
6114,5810
6209,5810
6213,5810
5103,5810
6205,5810
6206,5810
6307,5810
4822,5810
5201,5810
3906,5810
5105,5810
5101,5810
5102,5810
5104,5810
6106,5810
8479,5810
6109,5810
5007,5811
5106,5811
5107,5811
5111,5811
5112,5811
5202,5811
5203,5811
5204,5811
5205,5811
5206,5811
5207,5811
5208,5811
5209,5811
5210,5811
5211,5811
5212,5811
5309,5811
5310,5811
5311,5811
5407,5811
5408,5811
5512,5811
5513,5811
5514,5811
5515,5811
5516,5811
5601,5811
5801,5811
5802,5811
5806,5811
5902,5811
5911,5811
6001,5811
6003,5811
6005,5811
6006,5811
6304,5811
5113,5811
5308,5811
5402,5811
5501,5811
5502,5811
5503,5811
5504,5811
5505,5811
5506,5811
5507,5811
5508,5811
5509,5811
5510,5811
5511,5811
5602,5811
5603,5811
5604,5811
5903,5811
5906,5811
6002,5811
6004,5811
6308,5811
5101,5811
5103,5811
5104,5811
5105,5811
5108,5811
5109,5811
5110,5811
6301,5811
6210,5811
5004,5811
5006,5811
5401,5811
5403,5811
5406,5811
5609,5811
8445,5811
8447,5811
8451,5811
8452,5811
8420,5811
8444,5811
8446,5811
8449,5811
7319,5811
3203,5811
3204,5811
3809,5811
3506,5811
5201,5811
5005,5811
5804,5811
5303,5811
5307,5811
5301,5811
5306,5811
5606,5811
6307,5811
5605,5811
5803,5811
3403,5811
5102,5811
4304,5811
5201,5901
5203,5901
5205,5901
5206,5901
5208,5901
5209,5901
5210,5901
5211,5901
5212,5901
5309,5901
5311,5901
5407,5901
5408,5901
5512,5901
5513,5901
5514,5901
5515,5901
5516,5901
5806,5901
6005,5901
6006,5901
5308,5901
5402,5901
5403,5901
5501,5901
5502,5901
5503,5901
5504,5901
5506,5901
5507,5901
5509,5901
5510,5901
5601,5901
6001,5901
3505,5901
1301,5901
3913,5901
5911,5901
6003,5901
8420,5901
8444,5901
8445,5901
8446,5901
8451,5901
3506,5901
4806,5901
4811,5901
3203,5901
3204,5901
3205,5901
3206,5901
3809,5901
8440,5901
3901,5901
3905,5901
3912,5901
5301,5901
5303,5901
5307,5901
5604,5901
5609,5901
5801,5901
5902,5901
3910,5901
4007,5901
5406,5901
5603,5901
5906,5901
6002,5901
5803,5901
5602,5901
5905,5901
5306,5901
6004,5901
6307,5901
5302,5901
5305,5901
5202,5901
3906,5901
4702,5901
2927,5901
3403,5901
3208,5901
3209,5901
3908,5901
5004,5901
5404,5901
5405,5901
5511,5901
7019,5901
8449,5901
5101,5901
5104,5901
5105,5901
5207,5901
5005,5901
5006,5901
5102,5901
6507,5901
6501,5901
5606,5901
6502,5901
6504,5901
6505,5901
6506,5901
5001,5901
3908,5902
5401,5902
5402,5902
5403,5902
5407,5902
5501,5902
5503,5902
5506,5902
5509,5902
5511,5902
5911,5902
8420,5902
8444,5902
8445,5902
8446,5902
8447,5902
8451,5902
3204,5902
3403,5902
3809,5902
5609,5902
5502,5902
5515,5902
2927,5902
5406,5902
5504,5902
5507,5902
5408,5902
3203,5902
3904,5903
3905,5903
3920,5903
3921,5903
5402,5903
5403,5903
5407,5903
5408,5903
5501,5903
5509,5903
5512,5903
5515,5903
5516,5903
5603,5903
5902,5903
5911,5903
6003,5903
6005,5903
5404,5903
8420,5903
8444,5903
8445,5903
8446,5903
8451,5903
5905,5903
7019,5903
5406,5903
3926,5903
3919,5903
3206,5903
3809,5903
3901,5903
3907,5903
3909,5903
3911,5903
4002,5903
5906,5903
6006,5903
5502,5903
6001,5903
3208,5903
3209,5903
3906,5903
3902,5903
3910,5903
3903,5903
3908,5903
5405,5903
6306,5903
3925,5903
8421,5903
4501,5904
4504,5904
5301,5904
5504,5904
4405,5904
3204,5904
3903,5904
3909,5904
3911,5904
8420,5904
8451,5904
5602,5904
5603,5904
5903,5904
5503,5904
8477,5904
3505,5904
3506,5904
3812,5904
4002,5904
4008,5904
3806,5904
3807,5904
3913,5904
2815,5904
4005,5904
4006,5904
4001,5904
4003,5904
3904,5904
3926,5904
3902,5904
3901,5904
3905,5904
3912,5904
3915,5904
5604,5904
3925,5904
4702,5904
3803,5904
4004,5904
4007,5904
4016,5904
4704,5904
5509,5904
5510,5904
5512,5904
5515,5904
5516,5904
5601,5904
5801,5904
6005,5904
6006,5904
5311,5904
5802,5904
5806,5904
5906,5904
5907,5904
5911,5904
3203,5904
3809,5904
8444,5904
5309,5904
5606,5904
5902,5904
6002,5904
6003,5904
6004,5904
5303,5904
3906,5904
5306,5904
3208,5904
3209,5904
5007,5905
5111,5905
5112,5905
5113,5905
5208,5905
5209,5905
5210,5905
5211,5905
5212,5905
5308,5905
5309,5905
5310,5905
5311,5905
5402,5905
5403,5905
5407,5905
5408,5905
5501,5905
5502,5905
5503,5905
5504,5905
5505,5905
5506,5905
5507,5905
5509,5905
5510,5905
5511,5905
5512,5905
5513,5905
5514,5905
5515,5905
5516,5905
5601,5905
5604,5905
5605,5905
5606,5905
5609,5905
5801,5905
5802,5905
5806,5905
5809,5905
5902,5905
5903,5905
5906,5905
5911,5905
6001,5905
6002,5905
6003,5905
6004,5905
6005,5905
6006,5905
6304,5905
6307,5905
6308,5905
7019,5905
3901,5905
3902,5905
3904,5905
3905,5905
3909,5905
3912,5905
3505,5905
3506,5905
3919,5905
4811,5905
8420,5905
8444,5905
8445,5905
8446,5905
8448,5905
8449,5905
8451,5905
3204,5905
3206,5905
3908,5905
3903,5905
3910,5905
3911,5905
3203,5905
5004,5905
5202,5905
5404,5905
5603,5905
6303,5905
5201,5905
5203,5905
5205,5905
5206,5905
3906,5905
3809,5905
5602,5905
5803,5905
5901,5905
5907,5905
6210,5905
5005,5905
5006,5905
5103,5905
5110,5905
5207,5905
5307,5905
5406,5905
3403,5905
5810,5905
3205,5905
3208,5905
3209,5905
5001,5905
5002,5905
5003,5905
3913,5905
4007,5905
5101,5905
5105,5905
5301,5905
5306,5905
5102,5905
5104,5905
5303,5905
3909,5906
3910,5906
3911,5906
4001,5906
4002,5906
4003,5906
4004,5906
4005,5906
4006,5906
4007,5906
4008,5906
4013,5906
4016,5906
5402,5906
5404,5906
5405,5906
5501,5906
5502,5906
5503,5906
5504,5906
5506,5906
5507,5906
5601,5906
5603,5906
5604,5906
5911,5906
6002,5906
7019,5906
8444,5906
8445,5906
3506,5906
5301,5906
5302,5906
5406,5906
3812,5906
8420,5906
3204,5906
3809,5906
8451,5906
3901,5906
3902,5906
3904,5906
3905,5906
3908,5906
5602,5906
3203,5906
3206,5906
2803,5906
9024,5906
3906,5906
3913,5906
3205,5906
2926,5906
3403,5906
5509,5906
5510,5906
6005,5906
6006,5906
6004,5906
8447,5906
5403,5906
3912,5906
3404,5906
5902,5906
8446,5906
5201,5906
5511,5906
5609,5906
5401,5906
6306,5906
5004,5907
5005,5907
5006,5907
5107,5907
5109,5907
5110,5907
5205,5907
5206,5907
5207,5907
5307,5907
5308,5907
5311,5907
5401,5907
5402,5907
5403,5907
5404,5907
5405,5907
5406,5907
5407,5907
5408,5907
5501,5907
5502,5907
5503,5907
5504,5907
5505,5907
5506,5907
5507,5907
5508,5907
5509,5907
5510,5907
5511,5907
5512,5907
5513,5907
5515,5907
5516,5907
5601,5907
5604,5907
5605,5907
5606,5907
5609,5907
5801,5907
5902,5907
6001,5907
6003,5907
6005,5907
6006,5907
6308,5907
7019,5907
8444,5907
5201,5907
5202,5907
5203,5907
5208,5907
5209,5907
5210,5907
5211,5907
5212,5907
5301,5907
5309,5907
5514,5907
8445,5907
8448,5907
5911,5907
8420,5907
8446,5907
8447,5907
8451,5907
3204,5907
3206,5907
2823,5907
3212,5907
3901,5907
3905,5907
3909,5907
3912,5907
3506,5907
3809,5907
3208,5907
3209,5907
3906,5907
5806,5907
3908,5907
3203,5907
3903,5907
3910,5907
3911,5907
3913,5907
5603,5907
6004,5907
3806,5907
5602,5907
5901,5907
5906,5907
5802,5907
6002,5907
6306,5907
6307,5907
3921,5907
4002,5907
3213,5907
3205,5907
5001,5907
5002,5907
5007,5907
4007,5907
3215,5907
5303,5907
5306,5907
3403,5907
5302,5907
5305,5907
2927,5907
5004,5908
5101,5908
5111,5908
5112,5908
5201,5908
5202,5908
5203,5908
5205,5908
5207,5908
5208,5908
5301,5908
5306,5908
5307,5908
5308,5908
5311,5908
5407,5908
5503,5908
5504,5908
5506,5908
5507,5908
5509,5908
5510,5908
5511,5908
5513,5908
5516,5908
5609,5908
5801,5908
6001,5908
6006,5908
7019,5908
8445,5908
3908,5908
5402,5908
5403,5908
5404,5908
5405,5908
5406,5908
5408,5908
5501,5908
5502,5908
5512,5908
5515,5908
5902,5908
5911,5908
8420,5908
8444,5908
8446,5908
8447,5908
3809,5908
5903,5908
5302,5908
5303,5908
5601,5908
5209,5908
5005,5908
5604,5908
5605,5908
5606,5908
6003,5908
6005,5908
5007,5908
5210,5908
5211,5908
5212,5908
5309,5908
5310,5908
5514,5908
5802,5908
5803,5908
5806,5908
5906,5908
6002,5908
6004,5908
1521,5908
2712,5908
3404,5908
5602,5908
5305,5908
3910,5908
5603,5908
4601,5908
1401,5908
5004,5909
5005,5909
5006,5909
5108,5909
5109,5909
5110,5909
5111,5909
5112,5909
5202,5909
5205,5909
5206,5909
5307,5909
5308,5909
5402,5909
5403,5909
5406,5909
5407,5909
5408,5909
5501,5909
5502,5909
5503,5909
5504,5909
5506,5909
5507,5909
5509,5909
5510,5909
5511,5909
5512,5909
5515,5909
5516,5909
5604,5909
5605,5909
5606,5909
5609,5909
5801,5909
6001,5909
6005,5909
6006,5909
7019,5909
5007,5909
5208,5909
5209,5909
5210,5909
5211,5909
5212,5909
5311,5909
5404,5909
5405,5909
5513,5909
5514,5909
5601,5909
5603,5909
5802,5909
5806,5909
5902,5909
5903,5909
5906,5909
5911,5909
6003,5909
6004,5909
4005,5909
4007,5909
3908,5909
8420,5909
8444,5909
8445,5909
8451,5909
5113,5909
5309,5909
3809,5909
3403,5909
5104,5909
5105,5909
5201,5909
5203,5909
5303,5909
5602,5909
5310,5909
6002,5909
6307,5909
5306,5909
5803,5909
4001,5910
4003,5910
4008,5910
5211,5910
5311,5910
5407,5910
5408,5910
5512,5910
5513,5910
5514,5910
5515,5910
5516,5910
5602,5910
5603,5910
5604,5910
5801,5910
5802,5910
5806,5910
5901,5910
5903,5910
5906,5910
5907,5910
5911,5910
6001,5910
6002,5910
6003,5910
6004,5910
6005,5910
6006,5910
5402,5910
5403,5910
5501,5910
5502,5910
5503,5910
5504,5910
5506,5910
5507,5910
5509,5910
5510,5910
5609,5910
5902,5910
3902,5910
3905,5910
3909,5910
3912,5910
3920,5910
3921,5910
3925,5910
3926,5910
4007,5910
8420,5910
8444,5910
8451,5910
8477,5910
3906,5910
3908,5910
3910,5910
5601,5910
7019,5910
3204,5910
3809,5910
3403,5910
5605,5910
5606,5910
5210,5910
5212,5910
5309,5910
8479,5910
5209,5910
5113,5910
5404,5910
5405,5910
5607,5910
5909,5910
5303,5910
3203,5910
9024,5910
5301,5910
5302,5910
5305,5910
5308,5910
5103,5911
5111,5911
5402,5911
5403,5911
5406,5911
5407,5911
5408,5911
5501,5911
5502,5911
5503,5911
5504,5911
5505,5911
5506,5911
5507,5911
5509,5911
5510,5911
5512,5911
5515,5911
5516,5911
5601,5911
5604,5911
5606,5911
5801,5911
5902,5911
6005,5911
7019,5911
4007,5911
5113,5911
5211,5911
5603,5911
5802,5911
5806,5911
5906,5911
6001,5911
6002,5911
6003,5911
6006,5911
8420,5911
8444,5911
8445,5911
8446,5911
8448,5911
8449,5911
8451,5911
3506,5911
3204,5911
3206,5911
5602,5911
3908,5911
3909,5911
5903,5911
5905,5911
3402,5911
3809,5911
5105,5911
5301,5911
6004,5911
4102,5911
5404,5911
3203,5911
9024,5911
3910,5911
3201,5911
3403,5911
5004,5911
5006,5911
5106,5911
5107,5911
5108,5911
5109,5911
5204,5911
5205,5911
5206,5911
5308,5911
5401,5911
5405,5911
5508,5911
5511,5911
5609,5911
5007,5911
5112,5911
5208,5911
5209,5911
5210,5911
5212,5911
5309,5911
5310,5911
5311,5911
5513,5911
5514,5911
5605,5911
5809,5911
8447,5911
8452,5911
5005,5911
5201,5911
5202,5911
5203,5911
5307,5911
5101,5911
5110,5911
5306,5911
5302,5911
5303,5911
5901,5911
5907,5911
6307,5911
5104,5911
6815,5911
5003,5911
5305,5911
3912,5911
5910,5911
4822,5911
5102,5911
8421,5911
5909,5911
6310,5911
5804,5911
6306,5911
2803,5911
3205,5911
4601,5911
5101,6001
5105,6001
5106,6001
5107,6001
5108,6001
5201,6001
5202,6001
5203,6001
5205,6001
5206,6001
5207,6001
5308,6001
5503,6001
5504,6001
5505,6001
5506,6001
5507,6001
5509,6001
5510,6001
5003,6001
5004,6001
5103,6001
5104,6001
5301,6001
5402,6001
5403,6001
5501,6001
5502,6001
5508,6001
5511,6001
5601,6001
5605,6001
5606,6001
5902,6001
6006,6001
8444,6001
8445,6001
8448,6001
5102,6001
5109,6001
5306,6001
5406,6001
8420,6001
8447,6001
8451,6001
3203,6001
3204,6001
3206,6001
3809,6001
3403,6001
5005,6001
5006,6001
5110,6001
3908,6001
6002,6001
6004,6001
4304,6001
3401,6001
5401,6001
5609,6001
5604,6001
5911,6001
3902,6001
5302,6001
8446,6001
3205,6001
5001,6001
5305,6001
5402,6002
5403,6002
5404,6002
5501,6002
5503,6002
5505,6002
5506,6002
5507,6002
5509,6002
5510,6002
5511,6002
5604,6002
5609,6002
6003,6002
8444,6002
8445,6002
8447,6002
8448,6002
8451,6002
3204,6002
8420,6002
5502,6002
5504,6002
5508,6002
5601,6002
6006,6002
5401,6002
5406,6002
3809,6002
3403,6002
5911,6002
3203,6002
9024,6002
5606,6002
5906,6002
7319,6002
3908,6002
8477,6002
2716,6002
4007,6002
4001,6002
4002,6002
4003,6002
4004,6002
4005,6002
4006,6002
4008,6002
4013,6002
4016,6002
4017,6002
5101,6003
5102,6003
5103,6003
5104,6003
5105,6003
5106,6003
5107,6003
5108,6003
5109,6003
5509,6003
5510,6003
5110,6003
8445,6003
8447,6003
8448,6003
3204,6003
8420,6003
8451,6003
3403,6003
3809,6003
6001,6003
6006,6003
3203,6003
3206,6003
7319,6003
5606,6003
5201,6003
5202,6003
5203,6003
5205,6003
5206,6003
5207,6003
5601,6003
5406,6003
8444,6003
3205,6003
6005,6003
2927,6003
5401,6003
5402,6003
5403,6003
5404,6003
5405,6003
5501,6003
5502,6003
5503,6003
5504,6003
5505,6003
5506,6003
5507,6003
5508,6003
5511,6003
5911,6003
3901,6003
3902,6003
3903,6003
3906,6003
3908,6003
3912,6003
5004,6003
5006,6003
5308,6003
5605,6003
5005,6003
5307,6003
5301,6003
5306,6003
5303,6003
5305,6003
5001,6003
5002,6003
5003,6003
5302,6003
5402,6004
5108,6004
5401,6004
5403,6004
5406,6004
5508,6004
5509,6004
5510,6004
5511,6004
5503,6004
5506,6004
8420,6004
8444,6004
8445,6004
8447,6004
8451,6004
3204,6004
3809,6004
5504,6004
5507,6004
5501,6004
5502,6004
5505,6004
5604,6004
3403,6004
6001,6004
6005,6004
6006,6004
5606,6004
5911,6004
3203,6004
5906,6004
0809,2208
0808,2208
2915,2209
2918,2209
0205,2301
0206,2301
0208,2301
0210,2301
1602,2301
0103,2301
0410,2301
1603,2301
0304,2301
0504,2301
0511,2301
0301,2301
0302,2301
0303,2301
0305,2301
0306,2301
0308,2301
1605,2301
0309,2301
1005,2302
8437,2302
8438,2302
6305,2302
1001,2302
1101,2302
1002,2302
1003,2302
1004,2302
1007,2302
1008,2302
1104,2302
1201,2304
1207,2304
1202,2305
1207,2305
1508,2305
6305,2305
2306,2305
1207,2306
1512,2306
6305,2306
1204,2306
1206,2306
1205,2306
8437,2306
1203,2306
1201,2306
1202,2306
2305,2306
0806,2307
2204,2307
8435,2307
1201,2308
1204,2308
1205,2308
1206,2308
1207,2308
2304,2308
2306,2308
1003,2308
1004,2308
1005,2308
1007,2308
1008,2308
1213,2308
2302,2308
0704,2308
0709,2308
0713,2308
0706,2308
2303,2308
1214,2308
0703,2308
0705,2308
1404,2308
0714,2308
2305,2308
1802,2308
1203,2308
2309,2308
8433,2308
0504,2309
2301,2309
0305,2309
0309,2309
1001,2309
1002,2309
1003,2309
1004,2309
1005,2309
1007,2309
1008,2309
1101,2309
1102,2309
1103,2309
1104,2309
1109,2309
1213,2309
2302,2309
1208,2309
1504,2309
1506,2309
1507,2309
1511,2309
1512,2309
1513,2309
1514,2309
1515,2309
1516,2309
1518,2309
1201,2309
2936,2309
0209,2309
1501,2309
1502,2309
0410,2309
1108,2309
1503,2309
0306,2309
0308,2309
0708,2309
0713,2309
1106,2309
1202,2309
1212,2309
2303,2309
0404,2309
3502,2309
2304,2309
0511,2309
1105,2309
1901,2309
2305,2309
2306,2309
1703,2309
3505,2309
1204,2309
1206,2309
1207,2309
1205,2309
0712,2309
0714,2309
2510,2309
2923,2309
1214,2309
1404,2309
2308,2309
2835,2309
3105,2309
2922,2309
2930,2309
1702,2309
1903,2309
0506,2309
1107,2309
3507,2309
2501,2309
0701,2309
3102,2309
3102,2401
6305,2401
8478,2401
2401,2402
2403,2402
4813,2402
8478,2402
2404,2402
4811,2402
8476,2402
2401,2403
8478,2403
4813,2403
2404,2403
2401,2404
2402,2404
2403,2404
4813,2404
8478,2404
4821,2404
8309,2404
2502,2503
8474,2506
8464,2506
8202,2506
8474,2507
8474,2508
8417,2508
8514,2508
8430,2508
2507,2508
8474,2509
2505,2512
8474,2512
8202,4408
8208,4408
8465,4408
8467,4408
4403,4408
4409,4408
4413,4408
8420,4408
3506,4408
4405,4408
4412,4408
3208,4408
8456,4408
4418,4408
6805,4408
8427,4408
9024,4408
3909,4408
4403,4409
4407,4409
8208,4409
8420,4409
8465,4409
3506,4409
8202,4409
8467,4409
4413,4409
8456,4409
6805,4409
4401,4410
4403,4410
4405,4410
4407,4410
4409,4410
4413,4410
3806,4410
3903,4410
3905,4410
3907,4410
3909,4410
3911,4410
8202,4410
8208,4410
8465,4410
8467,4410
8479,4410
3505,4410
3506,4410
8420,4410
8419,4410
3208,4410
3807,4410
4411,4410
6808,4410
3404,4410
4701,4410
4703,4410
4704,4410
9024,4410
4705,4410
8417,4410
8514,4410
4421,4410
3209,4410
4401,4411
4405,4411
3909,4411
3404,4411
8465,4411
8419,4411
8441,4411
4403,4411
4407,4411
4409,4411
4413,4411
4703,4411
4704,4411
3506,4411
4701,4411
4705,4411
6808,4411
8420,4411
8439,4411
3911,4411
3807,4411
3803,4411
3806,4411
2716,4411
3912,4411
3804,4411
4421,4412
8420,4412
9024,4412
4411,4412
3807,4412
1214,0101
2308,0101
1213,0101
1214,0102
2308,0102
1003,0102
1007,0102
1214,0103
2305,0103
1201,0103
1005,0103
2308,0103
1003,0103
1004,0103
1007,0103
2304,0103
3102,0103
3103,0103
3105,0103
1214,0104
2308,0104
2309,0104
8436,0105
1003,0105
1005,0105
1008,0105
1201,0105
2941,0105
3102,0105
3105,0105
1214,0105
1007,0105
2304,0105
2308,0105
3101,0105
3103,0105
3104,0105
1214,0106
2309,0106
2308,0106
1008,0106
0102,0201
1214,0201
8418,0201
3102,0201
3105,0201
8208,0201
1007,0201
1201,0201
8211,0201
1003,0201
0102,0202
0201,0202
8418,0202
1214,0202
3102,0202
6305,0202
0103,0203
8418,0203
2941,0203
3102,0203
3105,0203
2501,0203
8211,0203
1214,0203
1201,0203
6305,0203
0104,0204
8418,0204
1214,0204
8211,0204
6305,0204
3102,0204
3105,0204
0101,0205
8418,0205
8211,0205
1214,0205
0102,0206
0208,0206
0504,0206
2604,8505
2605,8505
7203,8505
7205,8505
7502,8505
7503,8505
7504,8505
7505,8505
7508,8505
2822,8505
8105,8505
7403,8505
2805,8505
2846,8505
7326,8505
8112,8505
7907,8505
8543,8505
7409,8505
7419,8505
8544,8505
7206,8505
9033,8505
7408,8505
7506,8505
2820,8506
7903,8506
8545,8506
2602,8506
8111,8506
2817,8506
3801,8506
7403,8506
2805,8506
2852,8506
2825,8506
2822,8506
2843,8506
2608,8506
7901,8506
7902,8506
7904,8506
7905,8506
7907,8506
7504,8506
7508,8506
7801,8506
7804,8506
7806,8506
7408,8506
7502,8506
7505,8506
2801,8506
2803,8506
2504,8506
7402,8506
7404,8506
7405,8506
7407,8506
7409,8506
7419,8506
2827,8506
7501,8506
7503,8506
7506,8506
2605,8506
2819,8506
8105,8506
7410,8506
8507,8506
2607,8506
2824,8506
8007,8506
7110,8506
8112,8506
7406,8506
2829,8506
2804,8506
2604,8506
2846,8506
2603,8506
7603,8506
7601,8506
8104,8506
7802,8506
4016,8506
2609,8506
8103,8506
8110,8506
7616,8506
2607,8507
2824,8507
7801,8507
7802,8507
7804,8507
7806,8507
8545,8507
8543,8507
8548,8507
4016,8507
8544,8507
2820,8507
2604,8507
7501,8507
7504,8507
7502,8507
7503,8507
7505,8507
7506,8507
7508,8507
8534,8507
2822,8507
2846,8507
2605,8507
8105,8507
2805,8507
3801,8507
3914,8507
3926,8507
7403,8507
7405,8507
7601,8507
2504,8507
7407,8507
7408,8507
7404,8507
7410,8507
2608,8507
7901,8507
7902,8507
7903,8507
7904,8507
7905,8507
7907,8507
2803,8507
2603,8507
7402,8507
7406,8507
7419,8507
3907,8507
3910,8507
8546,8507
7605,8507
7616,8507
8110,8507
2602,8507
8111,8507
8501,8508
8503,8508
7403,8508
7408,8508
8544,8508
8504,8508
8482,8508
7219,8508
8509,8508
8538,8508
7222,8508
8545,8508
7318,8508
7223,8508
7229,8508
7604,8508
7419,8508
8547,8508
8543,8508
8479,8508
9033,8508
8541,8508
7206,8508
7221,8508
7404,8508
7217,8508
8501,8509
8503,8509
8479,8509
8543,8509
7218,8509
7219,8509
7220,8509
7222,8509
7226,8509
8534,8509
8535,8509
8536,8509
8544,8509
8483,8509
8482,8509
8537,8509
8538,8509
8484,8509
3919,8509
7409,8509
7601,8509
7604,8509
7605,8509
7606,8509
7616,8509
7318,8509
7320,8509
8546,8509
3926,8509
8541,8509
8542,8509
3920,8509
8507,8509
7223,8509
8547,8509
3901,8509
3903,8509
3907,8509
3909,8509
8504,8509
8532,8509
8412,8509
7408,8509
8533,8509
9032,8509
8473,8509
3910,8509
7403,8509
3925,8509
7206,8509
7224,8509
7326,8509
7404,8509
7405,8509
7407,8509
7413,8509
8506,8509
7209,8509
7210,8509
7211,8509
7212,8509
7217,8509
7225,8509
7419,8509
9033,8509
8510,8509
7208,8509
8467,8509
7229,8509
7406,8509
7502,8509
3908,8509
8501,8510
8503,8510
8509,8510
8536,8510
8538,8510
7218,8510
7219,8510
7220,8510
7223,8510
8506,8510
8534,8510
8542,8510
8467,8510
7408,8510
8541,8510
8479,8510
8504,8510
8532,8510
3926,8510
8543,8510
8214,8510
8208,8510
9033,8510
8508,8510
7403,8511
7405,8511
7408,8511
7409,8511
7419,8511
7410,8511
8407,8511
8409,8511
8545,8511
8534,8511
8543,8511
2716,8511
7413,8511
8504,8511
8501,8511
8503,8511
7407,8511
8538,8511
7219,8511
3926,8511
7406,8511
8532,8511
8408,8511
8479,8511
8502,8511
9033,8511
8539,8512
8541,8512
8536,8512
8534,8512
8506,8512
7326,8512
8544,8512
7604,8512
7608,8512
3907,8512
3920,8512
3926,8512
7413,8512
2716,8512
8546,8512
8504,8512
8714,8512
8538,8512
8507,8512
7003,8512
7004,8512
7005,8512
7020,8512
8542,8512
7409,8512
7601,8512
7605,8512
7606,8512
7616,8512
8532,8512
8533,8512
8543,8512
7403,8512
7408,8512
7614,8512
8475,8512
8501,8512
7407,8512
7602,8512
3901,8512
8535,8512
9001,8512
8547,8512
7210,8512
7603,8512
7905,8512
4002,8512
4016,8512
9033,8512
7229,8512
3925,8512
8502,8512
7223,8512
7404,8512
7405,8512
7411,8512
7014,8512
8007,8512
8503,8512
7219,8512
7218,8512
7220,8512
7222,8512
7904,8512
4005,8512
4008,8512
4017,8512
8537,8512
3903,8512
2603,8512
7406,8512
7410,8512
7419,8512
7801,8512
7217,8512
4007,8512
8708,8512
8707,8512
8703,8512
8704,8512
8545,8512
9032,8512
7007,8512
7609,8512
7224,8512
7009,8512
3909,8512
8706,8512
7206,8512
7207,8512
7901,8512
8003,8512
2606,8512
3910,8512
7505,8512
8506,8513
8507,8513
7011,8513
8539,8513
3903,8513
3925,8513
3926,8513
7616,8513
7002,8513
7003,8513
7004,8513
7006,8513
7020,8513
8534,8513
8532,8513
8544,8513
7403,8513
7408,8513
8546,8513
7107,8513
7409,8513
7419,8513
4016,8513
4017,8513
7601,8513
7602,8513
7603,8513
7604,8513
7605,8513
7606,8513
7608,8513
8003,8513
8538,8513
8541,8513
8543,8513
8542,8513
3906,8513
3907,8513
3909,8513
7404,8513
7407,8513
7410,8513
7904,8513
7008,8513
7223,8513
8475,8513
7801,8513
7902,8513
7905,8513
2603,8513
7405,8513
3910,8513
8516,8514
8546,8514
8547,8514
9032,8514
6902,8514
6903,8514
8416,8514
8501,8514
8503,8514
8479,8514
8504,8514
8545,8514
6806,8514
7219,8514
7220,8514
7326,8514
3816,8514
8419,8514
2849,8514
3801,8514
8544,8514
8502,8514
8543,8514
7306,8514
2504,8514
8537,8514
8538,8514
6815,8514
7019,8514
7403,8514
7503,8514
7506,8514
7508,8514
8534,8514
8535,8514
8536,8514
8103,8514
8431,8514
8473,8514
9033,8514
7616,8514
2716,8514
8532,8514
7409,8514
7002,8514
8454,8514
7408,8514
7411,8514
7419,8514
9028,8514
2519,8514
8104,8514
7218,8514
8311,8514
8112,8514
7413,8514
7223,8514
8101,8514
8102,8514
7407,8514
7412,8514
8484,8514
8481,8514
7001,8514
8534,8515
8503,8515
7901,8515
8003,8515
8102,8515
8514,8515
7904,8515
7801,8515
9032,8515
2849,8515
8007,8515
7907,8515
7309,0302
0302,0304
8902,0304
8418,0304
6305,0304
8211,0304
8609,0304
2501,0304
8438,0304
3923,0304
0301,0304
2832,0304
7310,0304
8210,0304
1504,0305
8407,8704
8408,8704
8409,8704
8412,8704
8706,8704
4011,8704
4012,8704
8477,8704
7201,8704
7204,8704
7206,8704
7207,8704
7208,8704
7210,8704
7211,8704
7214,8704
7215,8704
7216,8704
7217,8704
7218,8704
7219,8704
7222,8704
7224,8704
7225,8704
7226,8704
7227,8704
7228,8704
7229,8704
7301,8704
7304,8704
7306,8704
7325,8704
7326,8704
7502,8704
7601,8704
7604,8704
7901,8704
8001,8704
8708,8704
8483,8704
7320,8704
8507,8704
8511,8704
8709,8704
8544,8704
8707,8704
8512,8704
7007,8704
7009,8704
4013,8704
4016,8704
8484,8704
9104,8704
7209,8704
7212,8704
7213,8704
7220,8704
7221,8704
7312,8704
7904,8704
8716,8704
8482,8704
8468,8704
8503,8704
7302,8704
7305,8704
7307,8704
7308,8704
7315,8704
7318,8704
7610,8704
3917,8704
4009,8704
8457,8704
7606,8704
8455,8704
8479,8704
8462,8704
8501,8704
4007,8704
4010,8704
4001,8704
4003,8704
4004,8704
4006,8704
4008,8704
8542,8704
4002,8704
4005,8704
6813,8704
8541,8704
9014,8704
7415,8704
2606,8704
7403,8704
7602,8704
7605,8704
7608,8704
7609,8704
7614,8704
7616,8704
7223,8704
7408,8704
7413,8704
7505,8704
9029,8704
8543,8704
7407,8704
3926,8704
3819,8704
3812,8704
8602,8704
7409,8704
7506,8704
7905,8704
8506,8704
8607,8704
7303,8704
7603,8704
7405,8704
8108,8704
3907,8704
8534,8704
3925,8704
7404,8704
7411,8704
7419,8704
3920,8704
2603,8704
7402,8704
7507,8704
8307,8704
5910,8704
8407,8705
8408,8705
8409,8705
8412,8705
8706,8705
8708,8705
7204,8705
7206,8705
7207,8705
7208,8705
7209,8705
7210,8705
7211,8705
7212,8705
7213,8705
7214,8705
7215,8705
7216,8705
7217,8705
7218,8705
7219,8705
7220,8705
7221,8705
7222,8705
7224,8705
7225,8705
7226,8705
7227,8705
7228,8705
7229,8705
7304,8705
7306,8705
7308,8705
7318,8705
7325,8705
7326,8705
4011,8705
4012,8705
4013,8705
8483,8705
8501,8705
8512,8705
8482,8705
7616,8705
4016,8705
4009,8705
8707,8705
8431,8705
7223,8705
7305,8705
7307,8705
7604,8705
7904,8705
8507,8705
8511,8705
7320,8705
7407,8705
7505,8705
7601,8705
7605,8705
7608,8705
7901,8705
3819,8705
8503,8705
7606,8705
8479,8705
7610,8705
7409,8705
7905,8705
7315,8705
7408,8705
7614,8705
7411,8705
7507,8705
4002,8705
4003,8705
4007,8705
7609,8705
7403,8705
7404,8705
7419,8705
8534,8705
8473,8705
7201,8705
8424,8705
3208,8705
2710,8705
7602,8705
6813,8705
3925,8705
3926,8705
7412,8705
8543,8705
7202,8705
7502,8705
4010,8705
7009,8705
3209,8705
2601,8705
8506,8705
9022,8705
9104,8705
8407,8706
8408,8706
8409,8706
8412,8706
8703,8706
8705,8706
8707,8706
8708,8706
7204,8706
7206,8706
7207,8706
7208,8706
7209,8706
7210,8706
7211,8706
7212,8706
7213,8706
7216,8706
7217,8706
7218,8706
7219,8706
7220,8706
7221,8706
7222,8706
7223,8706
7224,8706
7225,8706
7226,8706
7227,8706
7228,8706
7229,8706
7301,8706
7304,8706
7326,8706
7905,8706
2606,8706
7601,8706
7602,8706
7603,8706
7604,8706
7605,8706
7606,8706
7608,8706
7609,8706
7610,8706
7616,8706
8483,8706
4011,8706
8507,8706
8511,8706
8479,8706
8457,8706
8468,8706
8515,8706
7214,8706
7215,8706
7305,8706
7306,8706
8455,8706
7407,8706
7505,8706
7614,8706
7901,8706
7904,8706
8102,8706
8482,8706
4016,8706
7205,8706
7307,8706
7308,8706
7320,8706
7325,8706
8456,8706
8458,8706
8459,8706
8461,8706
8462,8706
8463,8706
4003,8706
4005,8706
4007,8706
4008,8706
4009,8706
8477,8706
8512,8706
8503,8706
7318,8706
7415,8706
8207,8706
4002,8706
4010,8706
7204,8707
7206,8707
7207,8707
7208,8707
7209,8707
7210,8707
7211,8707
7212,8707
7213,8707
7214,8707
7215,8707
7216,8707
7217,8707
7218,8707
7219,8707
7220,8707
7221,8707
7222,8707
7224,8707
7225,8707
7226,8707
7227,8707
7228,8707
7229,8707
7301,8707
7304,8707
7305,8707
7306,8707
7326,8707
7606,8707
8455,8707
2606,8707
7407,8707
7505,8707
7601,8707
7602,8707
7604,8707
7605,8707
7608,8707
7609,8707
7610,8707
7614,8707
7616,8707
7901,8707
7904,8707
7003,8707
7007,8707
3920,8707
3921,8707
4008,8707
3208,8707
3209,8707
3906,8707
4001,8707
4003,8707
4004,8707
4006,8707
4007,8707
4009,8707
4016,8707
8708,8707
5407,8707
5903,8707
5906,8707
7019,8707
8457,8707
8468,8707
8479,8707
8515,8707
8207,8707
8462,8707
8454,8707
8480,8707
8485,8707
7317,8707
7318,8707
7415,8707
3506,8707
6806,8707
8477,8707
4104,8707
4107,8707
4112,8707
4113,8707
7312,8707
7403,8707
7404,8707
7405,8707
7408,8707
7409,8707
7411,8707
7412,8707
7419,8707
7506,8707
7603,8707
7804,8707
7905,8707
7009,8707
4002,8707
4005,8707
4017,8707
3812,8707
7308,8707
7325,8707
8311,8707
8456,8707
8458,8707
8460,8707
8484,8707
7902,8707
7903,8707
7907,8707
3917,8707
3926,8707
7223,8707
7320,8707
3902,8707
7205,8707
7315,8707
3915,8707
3925,8707
3903,8707
3907,8707
3909,8707
3911,8707
8487,8707
3901,8707
3904,8707
3908,8707
3916,8707
3910,8707
7202,8707
7502,8707
8407,8707
8408,8707
8703,8707
8706,8707
3405,8707
3905,8707
8420,8707
4410,8707
4411,8707
4412,8707
4413,8707
8512,8707
7508,8707
2601,8707
7201,8707
7203,8707
5603,8707
7107,8708
7202,8708
7204,8708
7205,8708
7206,8708
7207,8708
7210,8708
7214,8708
7215,8708
7216,8708
7217,8708
7218,8708
7219,8708
7220,8708
7221,8708
7222,8708
7223,8708
7224,8708
7225,8708
7226,8708
7227,8708
7228,8708
7229,8708
7303,8708
7304,8708
7306,8708
7307,8708
7325,8708
7326,8708
7405,8708
7407,8708
7502,8708
7505,8708
7507,8708
7601,8708
7604,8708
7605,8708
7608,8708
7901,8708
7904,8708
8001,8708
8003,8708
8455,8708
2901,8708
3812,8708
3901,8708
3902,8708
3903,8708
3904,8708
3906,8708
3907,8708
3908,8708
3909,8708
3917,8708
3920,8708
3921,8708
3925,8708
3926,8708
4001,8708
4002,8708
4003,8708
4004,8708
4005,8708
4006,8708
4007,8708
4008,8708
4009,8708
4010,8708
4016,8708
4017,8708
2606,8708
2818,8708
7403,8708
7602,8708
7603,8708
7606,8708
7609,8708
7610,8708
7614,8708
7616,8708
3208,8708
3209,8708
3210,8708
7318,8708
7415,8708
8462,8708
8477,8708
8480,8708
8485,8708
3506,8708
2608,8708
7212,8708
7408,8708
7902,8708
7903,8708
7905,8708
7907,8708
8104,8708
8454,8708
7019,8708
3910,8708
3911,8708
5903,8708
8412,8708
8703,8708
8705,8708
8709,8708
8468,8708
8479,8708
2603,8708
7402,8708
7404,8708
7409,8708
7410,8708
7411,8708
7412,8708
7413,8708
7419,8708
2803,8708
3801,8708
2601,8708
7201,8708
7203,8708
7208,8708
7209,8708
7211,8708
7213,8708
7305,8708
7308,8708
7312,8708
7315,8708
7320,8708
8456,8708
8457,8708
8460,8708
8461,8708
8463,8708
8515,8708
3919,8708
8203,8708
8204,8708
9024,8708
7506,8708
8207,8708
3810,8708
8311,8708
2910,8708
3405,8708
7804,8708
8487,8708
8484,8708
7005,8708
7007,8708
5604,8708
3403,8708
8112,8708
7003,8708
8512,8708
4012,8708
4013,8708
8544,8708
8482,8708
8483,8708
4011,8708
8307,8708
7801,8708
7503,8708
8108,8708
8507,8708
8511,8708
7009,8708
8505,8708
4107,8708
4113,8708
6813,8708
8714,8708
2710,8708
3819,8708
2504,8708
8458,8708
8459,8708
8102,8708
2849,8708
7406,8708
8209,8708
3811,8708
9032,8708
8501,8708
8113,8708
8105,8708
8111,8708
2604,8708
7501,8708
7504,8708
7508,8708
8007,8708
8514,8708
7806,8708
8002,8708
8542,8708
8534,8708
7613,8708
8543,8708
8536,8708
8407,8708
8408,8708
8409,8708
8706,8708
8707,8708
8546,8708
8541,8708
8412,8709
8501,8709
8503,8709
8507,8709
8708,8709
4011,8709
4012,8709
7206,8709
7207,8709
7208,8709
7209,8709
7210,8709
7211,8709
7212,8709
7213,8709
7214,8709
7215,8709
7216,8709
7218,8709
7219,8709
7220,8709
7221,8709
7222,8709
7224,8709
7225,8709
7226,8709
7227,8709
7326,8709
8483,8709
4010,8709
8479,8709
7305,8709
7306,8709
7606,8709
3926,8709
7302,8709
7308,8709
7318,8709
7320,8709
7325,8709
7610,8709
7407,8709
7601,8709
7604,8709
7608,8709
7616,8709
8473,8709
8511,8709
8482,8709
7403,8709
7408,8709
3901,8709
8407,8709
8408,8709
8607,8709
8714,8709
8603,8709
8487,8709
7315,8709
8407,8710
8408,8710
8409,8710
8412,8710
7208,8710
7209,8710
7210,8710
7212,8710
7219,8710
7225,8710
7226,8710
8483,8710
8708,8710
8482,8710
9301,8710
8512,8710
7318,8710
7616,8710
7204,8710
7206,8710
7207,8710
7211,8710
7213,8710
7214,8710
7215,8710
7216,8710
7217,8710
7218,8710
7220,8710
7221,8710
7222,8710
7224,8710
7227,8710
7228,8710
7229,8710
7301,8710
7304,8710
7305,8710
7306,8710
7314,8710
7326,8710
7606,8710
8455,8710
8706,8710
8707,8710
4011,8710
7007,8710
9305,8710
7407,8710
7505,8710
7604,8710
7904,8710
8462,8710
8468,8710
7409,8710
7506,8710
7601,8710
7608,8710
7610,8710
7804,8710
7905,8710
8501,8710
8503,8710
7223,8710
7312,8710
7403,8710
7408,8710
7413,8710
7205,8710
7325,8710
7901,8710
7201,8710
7502,8710
7308,8710
7419,8710
7507,8710
8407,8711
8409,8711
8412,8711
8714,8711
4011,8711
8708,8711
4012,8711
4013,8711
8511,8711
8483,8711
7315,8711
8507,8711
8512,8711
8457,8711
8468,8711
3811,8711
7206,8711
7207,8711
7213,8711
7214,8711
7215,8711
7216,8711
7217,8711
7218,8711
7221,8711
7222,8711
7224,8711
7225,8711
7226,8711
7227,8711
7228,8711
7229,8711
7304,8711
7306,8711
7326,8711
7407,8711
7505,8711
7601,8711
7604,8711
4001,8711
4002,8711
4003,8711
4005,8711
4007,8711
4008,8711
4009,8711
4016,8711
4017,8711
8408,8711
8484,8711
7608,8711
7616,8711
4006,8711
8482,8711
6813,8711
7223,8711
7208,8711
7209,8711
7219,8711
7210,8711
7409,8711
7606,8711
7905,8711
8544,8711
7318,8711
7211,8711
7325,8711
7502,8711
7904,8711
2606,8711
7403,8711
7602,8711
7605,8711
7609,8711
7901,8711
8204,8711
8501,8711
8503,8711
8506,8711
8543,8711
7220,8711
7204,8711
7212,8711
7305,8711
7411,8711
3819,8711
9029,8711
3926,8711
8307,8711
7206,8712
7207,8712
7213,8712
7214,8712
7215,8712
7216,8712
7218,8712
7222,8712
7224,8712
7225,8712
7227,8712
7304,8712
7306,8712
7326,8712
7608,8712
7609,8712
8307,8712
4007,8712
4008,8712
4009,8712
4011,8712
4012,8712
4013,8712
4016,8712
7209,8712
7210,8712
7212,8712
7219,8712
7226,8712
7601,8712
7602,8712
7604,8712
7605,8712
7606,8712
7610,8712
7616,8712
7905,8712
8483,8712
7315,8712
8482,8712
4001,8712
3926,8712
7318,8712
7415,8712
7407,8712
7614,8712
7904,8712
7223,8712
7220,8712
7208,8712
7211,8712
7217,8712
7221,8712
7229,8712
7314,8712
7312,8712
7317,8712
7320,8712
7325,8712
4005,8712
8420,8712
8455,8712
4002,8712
7218,8713
7222,8713
7223,8713
7224,8713
7304,8713
7305,8713
7306,8713
7608,8713
7606,8713
4013,8713
3926,8713
5906,8713
8482,8713
8714,8713
8708,8713
8477,8713
8485,8713
7601,8713
7604,8713
7214,8713
7221,8713
7225,8713
7226,8713
7227,8713
7326,8713
7318,8713
7219,8713
7220,8713
7605,8713
3925,8713
4009,8713
7206,8713
7208,8713
7210,8713
7211,8713
7216,8713
7217,8713
7308,8713
7315,8713
7320,8713
7325,8713
3920,8713
4205,8713
4001,8713
4005,8713
4007,8713
4016,8713
8707,8713
4017,8713
7007,8713
8407,8713
8412,8713
8501,8713
8503,8713
8543,8713
8507,8713
4011,8713
4012,8713
8483,8713
8607,8713
8703,8713
9032,8713
8408,8713
8706,8713
8507,8714
8407,8714
8408,8714
8409,8714
8412,8714
8709,8714
8544,8714
9029,8714
8711,8714
8511,8714
7009,8714
8458,8714
7801,8714
8503,8714
5501,8714
5603,8714
3906,8714
3910,8714
7007,8714
8506,8714
8543,8714
7019,8714
8713,8714
7804,8714
4412,8714
2917,3808
2829,3808
2847,3808
1108,3809
3505,3809
3204,3809
2907,3809
2923,3809
3402,3809
2942,3809
3815,3809
3203,3809
3206,3809
2905,3809
2831,3809
2839,3809
2815,3809
2912,3809
3910,3809
1520,3809
1302,3809
3507,3809
5911,3809
2927,3809
3205,3809
3912,3809
3201,3809
2921,3809
2922,3809
2924,3809
2930,3809
2909,3809
2918,3809
2914,3809
2707,3809
2929,3809
4805,3809
2833,3809
3909,3809
2806,3809
2808,3809
2809,3809
2915,3809
2916,3809
2917,3809
2911,3809
2913,3809
2827,3809
2841,3809
2926,3809
2840,3809
2908,3809
2919,3809
2920,3809
2207,3809
2906,3809
2810,3809
2902,3809
2904,3809
3911,3809
3905,3809
3906,3809
3803,3809
3202,3809
2910,3809
2932,3809
3817,3809
2832,3809
2847,3809
2823,3809
2931,3809
3805,3809
3914,3809
3802,3809
2819,3809
3403,3809
2835,3809
3404,3809
3913,3809
3704,3809
4823,3809
1301,3809
3301,3809
3806,3809
3807,3809
4703,3809
4704,3809
4802,3809
4811,3809
4812,3809
1505,3809
2814,3809
7106,3810
7205,3810
8311,3810
7406,3810
7504,3810
7903,3810
2810,3810
2806,3810
2807,3810
2811,3810
7603,3810
2827,3810
7218,3810
7326,3810
7804,3810
8105,3810
8108,3810
7401,3810
7403,3810
7404,3810
7407,3810
7419,3810
2843,3810
7901,3810
8001,3810
2841,3810
7107,3810
8007,3810
8101,3810
2805,3810
2815,3810
8110,3810
7508,3810
7223,3810
8112,3810
2608,3810
7902,3810
7904,3810
7905,3810
7907,3810
2609,3810
8002,3810
8003,3810
2825,3810
2819,3810
7801,3810
7806,3810
2614,3810
2504,3810
2817,3810
2823,3810
7405,3810
2849,3810
2842,3810
2528,3810
2824,3811
2931,3811
2904,3811
2903,3811
2902,3811
2707,3811
2905,3811
2909,3811
2808,3811
2809,3811
2811,3811
2907,3811
2915,3811
2916,3811
2917,3811
2918,3811
2919,3811
2920,3811
2942,3811
2901,3811
2906,3811
2910,3811
2911,3811
2912,3811
2913,3811
2914,3811
2835,3811
3815,3811
2709,3811
2710,3811
2711,3811
2713,3811
3803,3811
3817,3811
2908,3811
2207,3811
2921,3811
2815,3811
2834,3811
2926,3811
2929,3811
2930,3811
3911,3811
3301,3811
2827,3811
2706,3811
2708,3811
3827,3811
2817,3811
2825,3811
7903,3811
2831,3811
3910,3811
1520,3811
2928,3811
2924,3811
2810,3811
2932,3811
2803,3811
2833,3811
3826,3811
2503,3811
2802,3811
2830,3811
2841,3811
1506,3811
1518,3811
2530,3811
2712,3811
3404,3811
3805,3811
4002,3812
4004,3812
2904,3812
2926,3812
2503,3812
2802,3812
2807,3812
2830,3812
2930,3812
2817,3812
2808,3812
2916,3812
2917,3812
3911,3812
2833,3812
2707,3812
3815,3812
2920,3812
2929,3812
2921,3812
2914,3812
2902,3812
2903,3812
2905,3812
2709,3812
2713,3812
3404,3812
3901,3812
3902,3812
3905,3812
3906,3812
3904,3812
2919,3812
1520,3812
3806,3812
3903,3812
8477,3812
7903,3812
2907,3812
3910,3812
3913,3812
3926,3812
2942,3812
2910,3812
2823,3812
2928,3812
3803,3812
2803,3812
2908,3812
2913,3812
3805,3812
3909,3812
2815,3812
2847,3812
7311,3813
7613,3813
8424,3813
2711,3813
2811,3813
2903,3813
3827,3813
2829,3813
3904,3813
3926,3813
2707,3814
2902,3814
2914,3814
2915,3814
2901,3814
2905,3814
2909,3814
1520,3814
2906,3814
2710,3814
2904,3814
2916,3814
3805,3814
2903,3814
8424,3814
2911,3814
2942,3814
3817,3814
3911,3814
2907,3814
2908,3814
2825,3815
2843,3815
7110,3815
2846,3815
2810,3815
8102,3815
2921,3815
2804,3815
2931,3815
2808,3815
2942,3815
2805,3815
2801,3815
2930,3815
2909,3815
2926,3815
2929,3815
2932,3815
2831,3815
2507,3816
2508,3816
6901,3816
6902,3816
6903,3816
2818,3816
2849,3816
2505,3816
2506,3816
2811,3816
2519,3816
6815,3816
8104,3816
2518,3816
2602,3816
2610,3816
2614,3816
2819,3816
8112,3816
2713,3816
8109,3816
2521,3816
2523,3816
3824,3816
6810,3816
2504,3816
3801,3816
2821,3816
2823,3816
2530,3816
6806,3816
8474,3816
8417,3816
2803,3816
2522,3816
7603,3816
2816,3816
8419,3816
8514,3816
2839,3816
2511,3816
8480,3816
2820,3816
2529,3816
2707,3817
2902,3817
2901,3817
2711,3817
2709,3817
2713,3817
2710,3817
2849,3818
3910,3818
8486,3818
2804,3818
2811,3818
8514,3818
7406,3818
8103,3818
2810,3818
2845,3818
3811,3819
2905,3819
2909,3819
8413,3819
2919,3819
2902,3819
1520,3819
2907,3819
2906,3819
3817,3819
9026,3819
2905,3820
2827,3820
2501,3820
1520,3820
7310,3820
2814,3820
2921,3820
2917,3820
3504,3821
1302,3821
2922,3821
2102,3821
2832,3821
2835,3821
1520,3821
2921,3821
3507,3821
2936,3821
2941,3821
2847,3821
3822,3821
2923,3821
2919,3821
2933,3822
2942,3822
7017,3822
3507,3822
2922,3822
3002,3822
2921,3822
2934,3822
3821,3822
2927,3822
2930,3822
2925,3822
2905,3822
3006,3822
2932,3822
2825,3822
2845,3822
2909,3822
2917,3822
2926,3822
2928,3822
2929,3822
2806,3822
2808,3822
2827,3822
2847,3822
2801,3822
2806,3823
2915,3823
2815,3823
2916,3823
2918,3823
3803,3823
1520,3823
2942,3823
2709,3823
2912,3823
2710,3823
3910,3824
3906,3824
8480,3824
2507,3824
3913,3824
2706,3824
2708,3824
3807,3824
2817,3824
3505,3824
3806,3824
2823,3824
2821,3824
2701,7321
4402,7321
7201,7322
7204,7322
7205,7322
7206,7322
7207,7322
7214,7322
7215,7322
7216,7322
7301,7322
7303,7322
7307,7322
7308,7322
7318,7322
7321,7322
7323,7322
7324,7322
7325,7322
7326,7322
2601,7322
7203,7322
8454,7322
8416,7322
8417,7322
8419,7322
8481,7322
8403,7322
8402,7322
7211,7322
7312,7322
2619,7322
7202,7322
7208,7322
7209,7322
7210,7322
7212,7322
7213,7322
7217,7322
7218,7322
7219,7322
7220,7322
7221,7322
7222,7322
7224,7322
7225,7322
7226,7322
7227,7322
7228,7322
7229,7322
7304,7322
7306,7322
7314,7322
7315,7322
7320,7322
8455,7322
7305,7322
8307,7322
8479,7322
8484,7322
8420,7322
8404,7322
7223,7322
8414,7322
8501,7322
2601,7323
7204,7323
7205,7323
7206,7323
7207,7323
7208,7323
7209,7323
7211,7323
7212,7323
7217,7323
7218,7323
7223,7323
7224,7323
7226,7323
7326,7323
7219,7323
7220,7323
7222,7323
8455,7323
7201,7323
7203,7323
3405,7323
8514,7323
2513,7323
7325,7323
2821,7323
7225,7323
7221,7323
7227,7323
7228,7323
8460,7323
7306,7323
2617,7323
7210,7323
7315,7323
7213,7323
7214,7323
7215,7323
7216,7323
7317,7323
7201,7324
7204,7324
7205,7324
7206,7324
7207,7324
7218,7324
7219,7324
7220,7324
7221,7324
7222,7324
7223,7324
7224,7324
7225,7324
7226,7324
7227,7324
7228,7324
7304,7324
7306,7324
7323,7324
7326,7324
7202,7324
2601,7324
7203,7324
8454,7324
8455,7324
8462,7324
7318,7324
7210,7324
7211,7324
7308,7324
7325,7324
2619,7324
2821,7324
2618,7324
7208,7324
7209,7324
7212,7324
7213,7324
7214,7324
7215,7324
7216,7324
7229,7324
7305,7324
7217,7324
7315,7324
8457,7324
2601,7325
2619,7325
7201,7325
7203,7325
7204,7325
7205,7325
7206,7325
7207,7325
7202,7325
2701,7325
8454,7325
8462,7325
8480,7325
8416,7325
8417,7325
8514,7325
3824,7325
8515,7325
7215,7325
7216,7325
7326,7325
7217,7325
2821,7325
7218,7325
7224,7325
8458,7325
9024,7325
3810,7325
2601,7326
7201,7326
7203,7326
7204,7326
7205,7326
7206,7326
7207,7326
7218,7326
7224,7326
7208,7326
7211,7326
7213,7326
7214,7326
7215,7326
7216,7326
7217,7326
7220,7326
7221,7326
7222,7326
7223,7326
7225,7326
7226,7326
7227,7326
7228,7326
7229,7326
7306,7326
7307,7326
7314,7326
7315,7326
7318,7326
7325,7326
8455,7326
8462,7326
7202,7326
7323,7326
8454,7326
8480,7326
8456,7326
8460,7326
8417,7326
8514,7326
2821,7326
7209,7326
7210,7326
7212,7326
7219,7326
8207,7326
7301,7326
7312,7326
8416,7326
7305,7326
8457,7326
8459,7326
8461,7326
8515,7326
2701,7326
2704,7326
8311,7326
8468,7326
7320,7326
2502,7326
7502,7326
7316,7326
2618,7326
7313,7326
2619,7326
2716,7326
3810,7326
7317,7326
8458,7326
3824,7326
2603,7401
7402,7401
7404,7401
7405,7401
7406,7401
2807,7401
8474,7401
8514,7401
8549,7401
2603,7402
7404,7402
7405,7402
7406,7402
7419,7402
2807,7402
8454,7402
8514,7402
7401,7402
2603,7403
7402,7403
7404,7403
2807,7403
8514,7403
7401,7403
8454,7403
7405,7403
7406,7403
8549,7404
2603,7405
7402,7405
7403,7405
7404,7405
7406,7405
7407,7405
7419,7405
7401,7405
8514,7405
8454,7405
2603,7406
7402,7406
7404,7406
8514,7406
7401,7406
7403,7406
7405,7406
2603,7407
7402,7407
7403,7407
7404,7407
7405,7407
7419,7407
8455,7407
8462,7407
8417,7407
8514,7407
8454,7407
8207,7407
2807,7407
8480,7407
7401,7407
8515,7407
8456,7407
2603,7408
7402,7408
7403,7408
7404,7408
7405,7408
7407,7408
7419,7408
8455,7408
8454,7408
2807,7408
8514,7408
7401,7408
7406,7408
8462,7408
8456,7408
8468,7408
8515,7408
2603,7409
7402,7409
7403,7409
7404,7409
7405,7409
7419,7409
8455,7409
8462,7409
8514,7409
8456,7409
8454,7409
7401,7409
8515,7409
8460,7409
2807,7409
8468,7409
8549,7409
2603,7410
7402,7410
7403,7410
7404,7410
7405,7410
7419,7410
7406,7410
8455,7410
8514,7410
7401,7410
2807,7410
7407,7410
7408,7410
2603,7411
7402,7411
7403,7411
7404,7411
7405,7411
7407,7411
7412,7411
7419,7411
8455,7411
8203,7411
8514,7411
8454,7411
7401,7411
8515,7411
3810,7411
8468,7411
8456,7411
2716,7411
8207,7411
7406,7411
2807,7411
2603,7412
7402,7412
7403,7412
7404,7412
7405,7412
7406,7412
7407,7412
7411,7412
7419,7412
7401,7412
8455,7412
8515,7412
2603,7413
7402,7413
7403,7413
7404,7413
7405,7413
7406,7413
7407,7413
7408,7413
7409,7413
7410,7413
7419,7413
7401,7413
8514,7413
2603,7415
7402,7415
7403,7415
7404,7415
7405,7415
7406,7415
7407,7415
7408,7415
7409,7415
7410,7415
7411,7415
7413,7415
7419,7415
7217,7415
7326,7415
8462,7415
8514,7415
7401,7415
8454,7415
8455,7415
8457,7415
2601,7227
2602,7227
2604,7227
2605,7227
2608,7227
2610,7227
2613,7227
7201,7227
7202,7227
7203,7227
7204,7227
7205,7227
7206,7227
7207,7227
7224,7227
7326,7227
2701,7227
2819,7227
7218,7227
7501,7227
7502,7227
8112,7227
2820,7227
7229,7227
8111,7227
7228,7227
7503,7227
8102,7227
8454,7227
8455,7227
8462,7227
2849,7227
8480,7227
2708,7227
8416,7227
8417,7227
8514,7227
2618,7227
2615,7227
7225,7227
7901,7227
7504,7227
7508,7227
8458,7227
8460,7227
8456,7227
8515,7227
2617,7227
2704,7227
6902,7227
2619,7227
2716,7227
2614,7227
3816,7227
2518,7227
7505,7227
7903,7227
8105,7227
2821,7227
2822,7227
2601,7228
2602,7228
2604,7228
2605,7228
2610,7228
2611,7228
2613,7228
2615,7228
2617,7228
7202,7228
7203,7228
7204,7228
7205,7228
2820,7228
8111,7228
8112,7228
7224,7228
8102,7228
2849,7228
8101,7228
7201,7228
7206,7228
7218,7228
7326,7228
7503,7228
8417,7228
8514,7228
8455,7228
8462,7228
8463,7228
8454,7228
7501,7228
7502,7228
7504,7228
7508,7228
7901,7228
8105,7228
2819,7228
8457,7228
8456,7228
8459,7228
8461,7228
8480,7228
2618,7228
7227,7228
8460,7228
8515,7228
9024,7228
2502,7228
2608,7228
7325,7228
8110,7228
7229,7228
3810,7228
8311,7228
8468,7228
2716,7228
7207,7228
7505,7228
7903,7228
8104,7228
8458,7228
2614,7228
7216,7228
7306,7228
7506,7228
2822,7228
8207,7228
2504,7228
7217,7228
7214,7228
7215,7228
7213,7228
2601,7229
2602,7229
7202,7229
7203,7229
7204,7229
7205,7229
8111,7229
8514,7229
8455,7229
7224,7229
7228,7229
8454,7229
7227,7229
2849,7229
3810,7229
8462,7229
7206,7229
7326,7229
7201,7229
7207,7229
2618,7229
7215,7229
7225,7229
7226,7229
8468,7229
7213,7229
2502,7301
2601,7301
7202,7301
7203,7301
7204,7301
7205,7301
7325,7301
7224,7301
7201,7301
7206,7301
7218,7301
2618,7301
7207,7301
7214,7301
7216,7301
7326,7301
8455,7301
8454,7301
8462,7301
8417,7301
8514,7301
7215,7301
7222,7301
7225,7301
7226,7301
7227,7301
7228,7301
7229,7301
7304,7301
7306,7301
7208,7301
7209,7301
7210,7301
7211,7301
7212,7301
7217,7301
7219,7301
7220,7301
7305,7301
7308,7301
7315,7301
8459,7301
8515,7301
8456,7301
8207,7301
2716,7301
7213,7301
7221,7301
8468,7301
8311,7301
3810,7301
8457,7301
8458,7301
2701,7301
2502,7302
2601,7302
7202,7302
7203,7302
7204,7302
7205,7302
7325,7302
7224,7302
2618,7302
2619,7302
7206,7302
7207,7302
7217,7302
7326,7302
8454,7302
8514,7302
8455,7302
8462,7302
7201,7302
7214,7302
7215,7302
7216,7302
7225,7302
7226,7302
7227,7302
7228,7302
7229,7302
7304,7302
7208,7302
7209,7302
7210,7302
7211,7302
7212,7302
7213,7302
7301,7302
7308,7302
8515,7302
7306,7302
7318,7302
7312,7302
7305,7302
7315,7302
7320,7302
8430,7302
7218,7302
7219,7302
7220,7302
7221,7302
7222,7302
8457,7302
8479,7302
7223,7302
8207,7302
8458,7302
8608,7302
3816,7302
8460,7302
8463,7302
8468,7302
8111,7302
3810,7302
8311,7302
2523,7302
2601,7303
2619,7303
7203,7303
7205,7303
7325,7303
2618,7303
7201,7303
7204,7303
8454,7303
8480,7303
7307,7303
7326,7303
2821,7303
7204,7304
7218,7304
7219,7304
7220,7304
7221,7304
7222,7304
7224,7304
7228,7304
7307,7304
7206,7304
8455,7304
8462,7304
8514,7304
8468,7304
8515,7304
7201,7304
7205,7304
7223,7304
7229,7304
7326,7304
2601,7304
7202,7304
7203,7304
8454,7304
8456,7304
3810,7304
8207,7304
7207,7304
7227,7304
7208,7304
7209,7304
7211,7304
7216,7304
7217,7304
7225,7304
7226,7304
7308,7304
7210,7304
7213,7304
7214,7304
7215,7304
2618,7304
7315,7304
8459,7304
8458,7304
2617,7304
7212,7304
7204,7305
7206,7305
7207,7305
7208,7305
7209,7305
7210,7305
7211,7305
7212,7305
7213,7305
7214,7305
7215,7305
7216,7305
7217,7305
7218,7305
7219,7305
7221,7305
7222,7305
7224,7305
7225,7305
7227,7305
7228,7305
7229,7305
7304,7305
7306,7305
7326,7305
8455,7305
7308,7305
7325,7305
8468,7305
8515,7305
3810,7305
8311,7305
7315,7305
8456,7305
8457,7305
8459,7305
8462,7305
7205,7305
7202,7305
7201,7305
2601,7305
8458,7305
8454,7305
8480,7305
7203,7305
2618,7305
8416,7305
8417,7305
8514,7305
2701,7305
2704,7305
8463,7305
7502,7305
7223,7305
2705,7305
7201,7306
7204,7306
7205,7306
7206,7306
7207,7306
7214,7306
7216,7306
7218,7306
7219,7306
7220,7306
7221,7306
7222,7306
7223,7306
7224,7306
7225,7306
7227,7306
7228,7306
7229,7306
7326,7306
8311,7306
8456,7306
8468,7306
8515,7306
8455,7306
8462,7306
7208,7306
7210,7306
7215,7306
7217,7306
7308,7306
7315,7306
8459,7306
3810,7306
7213,7306
9024,7306
8416,7306
8417,7306
8514,7306
8460,7306
7305,7306
8454,7306
2601,7306
7203,7306
2701,7306
2704,7306
7202,7306
2618,7306
7209,7306
7211,7306
7212,7306
7226,7306
7325,7306
8458,7306
8480,7306
2716,7306
4007,6004
4001,6004
4002,6004
4004,6004
4005,6004
4006,6004
4008,6004
4016,6004
2927,6004
4003,6004
8213,6004
5201,6005
5202,6005
5203,6005
5205,6005
5206,6005
5509,6005
5510,6005
5601,6005
6006,6005
8420,6005
8444,6005
8445,6005
8446,6005
8447,6005
8448,6005
8451,6005
3403,6005
3204,6005
3809,6005
3203,6005
3206,6005
5401,6005
5508,6005
3205,6005
3909,6005
5406,6005
5609,6005
2927,6005
5403,6005
5511,6005
5606,6005
5402,6005
5404,6005
5405,6005
5501,6005
5502,6005
5503,6005
5504,6005
5505,6005
5506,6005
5507,6005
5605,6005
5902,6005
3902,6005
3908,6005
5604,6005
5911,6005
3904,6005
3901,6005
3903,6005
3905,6005
3906,6005
3912,6005
4304,6005
5603,6005
6004,6005
5004,6005
5005,6005
5006,6005
5102,6005
5104,6005
5108,6005
5109,6005
5110,6005
5308,6005
5001,6005
5002,6005
5003,6005
5301,6005
5306,6005
5303,6005
5302,6005
5305,6005
5101,6006
5102,6006
5103,6006
5104,6006
5105,6006
5106,6006
5107,6006
5108,6006
5109,6006
5509,6006
5510,6006
5601,6006
8420,6006
8445,6006
8447,6006
8448,6006
8451,6006
3203,6006
3204,6006
3206,6006
3809,6006
3403,6006
6001,6006
2927,6006
5201,6006
5202,6006
5203,6006
5205,6006
5206,6006
5207,6006
5204,6006
5401,6006
5406,6006
5508,6006
8444,6006
5609,6006
5504,6006
5402,6006
5403,6006
5511,6006
3205,6006
5606,6006
5501,6006
5502,6006
5503,6006
5505,6006
5506,6006
5507,6006
3908,6006
3901,6006
3905,6006
6004,6006
3902,6006
3903,6006
3906,6006
5605,6006
5604,6006
5405,6006
3912,6006
4304,6006
5004,6006
5306,6006
5307,6006
5308,6006
5302,6006
5303,6006
5305,6006
5005,6006
5006,6006
5201,6101
5202,6101
5203,6101
5204,6101
5205,6101
5206,6101
5207,6101
5401,6101
5508,6101
5509,6101
5510,6101
6001,6101
6005,6101
6006,6101
6113,6101
6117,6101
8420,6101
8444,6101
8447,6101
8451,6101
5601,6101
6002,6101
6003,6101
6004,6101
6105,6101
6111,6101
6114,6101
6116,6101
3203,6101
3204,6101
3206,6101
3809,6101
8308,6101
5807,6101
5808,6101
8213,6101
3506,6101
6307,6101
7319,6101
3205,6101
5402,6101
5403,6101
5406,6101
5501,6101
5502,6101
5503,6101
5504,6101
5505,6101
5506,6101
5507,6101
5511,6101
5606,6101
5906,6101
5902,6101
5603,6101
5903,6101
5911,6101
5602,6101
6603,6101
3926,6101
3901,6101
3902,6101
3908,6101
3909,6101
5103,6101
5108,6101
5307,6101
5101,6101
5102,6101
5104,6101
5105,6101
5604,6101
2927,6101
5101,6102
5103,6102
5104,6102
5105,6102
5106,6102
5107,6102
5108,6102
5109,6102
5509,6102
5510,6102
5602,6102
5102,6102
5609,6102
6003,6102
6006,6102
6001,6102
6104,6102
6116,6102
6117,6102
8420,6102
8447,6102
8451,6102
8452,6102
7319,6102
3203,6102
3204,6102
3206,6102
3809,6102
5807,6102
3506,6102
8213,6102
5606,6102
8308,6102
3403,6102
5201,6102
5202,6102
5203,6102
5204,6102
5205,6102
5206,6102
5207,6102
5401,6102
5508,6102
6005,6102
6113,6102
8444,6102
8446,6102
6002,6102
6004,6102
5911,6102
5601,6102
6106,6102
6111,6102
6114,6102
6307,6102
5810,6102
3208,6102
3209,6102
5402,6102
5403,6102
5406,6102
5501,6102
5502,6102
5503,6102
5504,6102
5505,6102
5506,6102
5507,6102
5511,6102
5902,6102
5903,6102
5906,6102
3205,6102
5603,6102
2927,6102
3901,6102
3905,6102
3907,6102
4304,6102
3906,6102
3926,6102
5005,6102
5006,6102
5307,6102
5604,6102
5308,6102
5306,6102
5003,6102
5202,6103
5401,6103
5402,6103
5403,6103
5501,6103
5502,6103
5503,6103
5509,6103
5510,6103
5511,6103
5609,6103
5902,6103
6001,6103
6003,6103
6005,6103
6006,6103
5004,6103
5103,6103
5104,6103
5105,6103
5106,6103
5107,6103
5108,6103
5201,6103
5203,6103
5508,6103
6002,6103
6004,6103
6110,6103
6113,6103
6114,6103
6117,6103
5204,6103
8452,6103
5206,6103
5207,6103
8444,6103
8445,6103
8447,6103
8451,6103
3204,6103
3809,6103
7319,6103
5606,6103
6307,6103
5101,6103
5109,6103
5110,6103
5205,6103
5006,6103
5406,6103
5005,6103
8213,6103
5306,6103
5102,6103
8446,6103
3203,6103
5807,6103
5504,6103
5505,6103
5506,6103
5507,6103
5810,6103
3906,6103
3908,6103
5003,6103
5001,6103
5002,6103
5303,6103
5302,6103
8308,6103
4304,6103
5402,6104
5501,6104
5502,6104
5503,6104
5504,6104
5505,6104
5506,6104
5507,6104
5508,6104
5509,6104
5510,6104
5601,6104
6003,6104
5406,6104
5605,6104
5609,6104
5902,6104
8446,6104
5903,6104
5810,6104
6110,6104
6111,6104
3506,6104
3908,6104
3202,6104
6212,6104
3906,6104
5101,6104
5103,6104
5104,6104
5105,6104
5106,6104
5107,6104
5108,6104
5109,6104
5202,6104
5203,6104
5204,6104
5205,6104
5206,6104
5207,6104
5201,6104
5003,6104
5005,6104
5102,6104
5110,6104
8213,6104
5002,6104
5807,6104
6102,6104
5803,6104
6103,6104
8308,6104
3905,6104
4304,6104
3912,6104
3908,5402
5501,5402
5503,5402
8444,5402
8445,5402
8451,5402
8446,5402
8477,5402
3909,5402
3809,5402
5505,5402
5609,5402
2921,5402
5507,5402
3901,5402
3903,5402
3911,5402
3902,5402
3907,5402
5504,5402
3915,5402
5502,5402
2901,5402
8420,5402
2716,5402
3906,5402
3905,5402
5501,5403
5502,5403
5504,5403
5505,5403
5507,5403
5902,5403
8444,5403
8445,5403
8451,5403
3809,5403
4702,5403
3912,5403
4822,5403
8420,5403
8446,5403
5406,5403
3905,5403
3902,5403
5503,5403
3901,5403
3903,5403
3906,5403
3907,5403
3908,5403
2716,5403
3926,5403
3902,5404
3908,5404
5501,5404
5503,5404
8420,5404
8444,5404
8477,5404
2901,5404
3901,5404
3903,5404
3905,5404
3904,5404
5405,5404
5502,5404
8445,5404
5504,5404
3906,5404
2716,5404
5505,5404
5911,5404
3926,5404
3901,5405
3902,5405
3903,5405
3905,5405
3906,5405
3908,5405
3915,5405
5501,5405
5503,5405
8444,5405
8445,5405
8477,5405
5404,5405
5502,5405
5505,5405
5402,5406
5501,5406
5502,5406
5503,5406
5504,5406
5507,5406
8420,5406
8444,5406
8445,5406
8446,5406
8447,5406
8451,5406
3901,5406
3902,5406
3903,5406
3906,5406
3912,5406
3908,5406
5403,5406
3809,5406
5404,5406
3908,5407
5402,5407
5403,5407
5501,5407
5502,5407
5503,5407
5506,5407
5510,5407
5511,5407
5609,5407
5902,5407
5401,5407
3204,5407
3809,5407
8420,5407
8444,5407
8445,5407
8446,5407
8448,5407
8451,5407
5406,5407
5505,5407
5911,5407
5404,5407
5405,5407
5408,5407
5504,5407
5507,5407
5604,5407
5605,5407
5606,5407
3901,5407
3902,5407
3903,5407
3904,5407
3906,5407
8477,5407
2716,5407
5403,5408
5502,5408
5504,5408
5507,5408
5510,5408
5516,5408
5902,5408
3204,5408
3809,5408
8451,5408
5911,5408
8444,5408
8445,5408
8446,5408
8448,5408
8420,5408
5401,5408
5406,5408
5505,5408
5508,5408
5511,5408
5609,5408
3403,5408
5606,5408
5402,5408
5404,5408
5405,5408
5501,5408
5503,5408
5506,5408
5509,5408
3901,5408
3906,5408
3912,5408
4304,5408
5605,5408
5604,5408
2709,2712
2710,2712
2713,2712
2711,2712
2901,2712
3404,2712
2902,2712
2714,2713
2709,2713
2710,2713
2711,2713
2706,2714
2707,2714
2710,2714
2713,2714
2715,2714
6807,2714
2708,2714
2711,2714
2901,2714
3911,2714
2713,2715
2714,2715
6807,2715
2707,2715
2709,2715
2710,2715
2711,2715
3911,2715
2706,2715
2708,2715
8413,2715
7309,2715
8402,2716
8404,2716
8406,2716
8410,2716
8411,2716
8502,2716
8501,2716
8541,2716
2844,2716
8401,2716
8504,2716
8535,2716
2701,2716
2702,2716
2704,2716
2711,2716
2709,2716
2713,2716
2612,2716
4401,2716
8544,2716
8405,2716
8503,2716
8511,2716
8506,2716
8507,2716
2705,2716
8408,2716
7408,2716
7311,2801
2713,2803
2701,2803
2704,2803
2708,2803
2504,2803
3802,2803
7311,2804
7613,2804
2801,2806
2804,2806
2812,2806
2811,2806
2827,2806
2503,2807
2802,2807
2813,2807
2830,2807
8413,2807
2930,2807
7309,2807
7310,2807
2814,2808
2807,2808
2811,2808
3815,2808
2834,2808
2835,2809
3103,2809
2510,2809
2813,2809
2528,2810
2840,2810
2801,2811
7310,2811
2809,2811
2812,2811
2801,2812
2804,2812
2806,2812
2827,2812
2503,2813
2711,2814
7311,2814
2705,2814
7309,2814
7310,2814
2805,2815
8104,2816
2805,2816
2511,2816
2608,2817
7901,2817
7902,2817
7903,2817
7904,2817
7905,2817
7907,2817
2807,2817
2811,2817
8514,2817
2606,2818
8514,2818
2807,2818
2811,2818
2716,2818
8417,2818
7601,2818
7602,2818
2610,2819
8112,2819
2841,2819
2617,2819
2602,2820
2617,2820
2841,2820
8111,2820
8417,2820
8514,2820
8474,2820
2530,2820
5201,5206
5202,5206
5203,5206
5507,5206
8445,5206
8420,5206
8451,5206
3809,5206
5504,5206
5506,5206
5201,5207
5203,5207
5205,5207
8420,5207
8445,5207
8451,5207
3809,5207
5201,5208
5202,5208
5203,5208
5204,5208
5205,5208
5207,5208
5510,5208
5212,5208
5401,5208
5508,5208
8420,5208
8445,5208
8446,5208
8448,5208
8451,5208
3203,5208
3204,5208
3809,5208
3403,5208
2927,5208
5609,5208
5406,5208
5606,5208
5201,5209
5202,5209
5203,5209
5204,5209
5205,5209
5207,5209
5212,5209
8420,5209
8445,5209
8446,5209
8448,5209
8451,5209
3809,5209
3204,5209
3203,5209
5401,5209
5508,5209
5609,5209
2927,5209
5406,5209
5201,5210
5202,5210
5203,5210
5204,5210
5206,5210
5207,5210
5503,5210
5504,5210
5506,5210
5507,5210
5509,5210
5510,5210
5516,5210
5402,5210
5403,5210
5502,5210
5511,5210
8420,5210
8444,5210
8445,5210
8446,5210
8448,5210
8451,5210
3403,5210
5401,5210
5406,5210
5508,5210
3204,5210
3809,5210
3203,5210
5606,5210
5609,5210
2927,5210
3912,5210
5201,5211
5202,5211
5203,5211
5204,5211
5206,5211
5207,5211
5503,5211
5504,5211
5506,5211
5507,5211
5509,5211
5510,5211
5516,5211
5402,5211
5403,5211
5502,5211
5511,5211
5515,5211
8420,5211
8444,5211
8445,5211
8446,5211
8448,5211
8451,5211
5401,5211
5406,5211
5508,5211
3204,5211
3809,5211
5606,5211
3203,5211
3912,5211
5201,6207
5202,6207
5203,6207
5204,6207
5205,6207
5206,6207
5207,6207
5208,6207
5209,6207
5509,6207
5510,6207
5513,6207
5516,6207
5601,6207
5801,6207
5212,6207
5514,6207
5802,6207
5806,6207
5810,6207
6001,6207
5401,6207
8452,6207
8444,6207
8445,6207
8446,6207
8448,6207
8451,6207
6307,6207
3204,6207
3809,6207
6107,6207
5004,6207
5007,6207
5111,6207
5112,6207
5210,6207
5211,6207
5308,6207
5309,6207
5310,6207
5402,6207
5403,6207
5407,6207
5408,6207
5501,6207
5502,6207
5503,6207
5504,6207
5505,6207
5506,6207
5507,6207
5508,6207
5511,6207
5512,6207
5515,6207
5603,6207
5604,6207
5606,6207
5609,6207
5902,6207
5903,6207
6005,6207
5006,6207
5106,6207
5107,6207
5109,6207
5406,6207
5807,6207
3908,6207
5101,6207
5103,6207
5104,6207
5105,6207
5108,6207
5005,6207
5001,6207
5002,6207
5003,6207
5301,6207
5303,6207
5307,6207
5110,6207
5803,6207
8420,6207
5306,6207
3203,6207
6217,6207
6006,6207
5605,6207
5809,6207
5906,6207
8447,6207
7319,6207
5111,6208
5112,6208
5401,6208
5402,6208
5403,6208
5406,6208
5407,6208
5408,6208
5501,6208
5502,6208
5503,6208
5504,6208
5505,6208
5506,6208
5507,6208
5508,6208
5509,6208
5510,6208
5511,6208
5512,6208
5515,6208
5516,6208
5601,6208
5604,6208
5605,6208
5606,6208
5609,6208
5801,6208
5902,6208
6001,6208
6005,6208
6006,6208
5210,6208
5211,6208
5513,6208
5603,6208
5802,6208
5806,6208
5809,6208
3908,6208
3204,6208
3205,6208
3809,6208
8420,6208
8444,6208
8445,6208
8446,6208
8451,6208
8452,6208
5810,6208
5903,6208
7319,6208
5804,6208
3926,6208
3901,6208
3905,6208
3906,6208
6307,6208
8213,6208
6108,6208
5007,6208
5201,6208
5202,6208
5203,6208
5204,6208
5205,6208
5206,6208
5208,6208
5209,6208
5212,6208
5309,6208
5311,6208
5514,6208
5101,6208
5103,6208
5104,6208
5105,6208
5106,6208
5107,6208
5108,6208
5109,6208
5001,6208
5002,6208
5003,6208
5004,6208
5005,6208
5006,6208
5207,6208
5308,6208
5807,6208
3203,6208
5301,6208
5306,6208
5307,6208
5803,6208
5302,6208
5303,6208
3902,6208
5305,6208
8447,6208
8308,6208
5906,6208
3202,6208
5201,6209
5202,6209
5203,6209
5204,6209
5205,6209
5206,6209
5207,6209
5208,6209
5209,6209
5210,6209
5211,6209
5212,6209
5401,6209
5407,6209
5508,6209
5509,6209
5510,6209
5513,6209
5514,6209
5516,6209
5609,6209
5601,6209
5801,6209
5802,6209
5806,6209
6001,6209
6005,6209
6006,6209
8445,6209
8447,6209
8451,6209
8452,6209
5807,6209
5810,6209
8213,6209
8444,6209
8446,6209
3203,6209
3204,6209
3809,6209
7319,6209
6307,6209
6110,6209
6111,6209
6213,6209
8308,6209
5606,6209
5803,6209
5808,6209
5811,6209
6217,6209
5804,6209
5111,6209
5112,6209
5402,6209
5403,6209
5404,6209
5408,6209
5501,6209
5502,6209
5503,6209
5504,6209
5505,6209
5506,6209
5507,6209
5511,6209
5512,6209
5515,6209
5602,6209
5603,6209
5902,6209
5903,6209
5406,6209
5604,6209
5605,6209
5906,6209
5405,6209
3926,6209
5007,6209
5101,6209
5103,6209
5104,6209
5105,6209
5106,6209
5107,6209
5108,6209
5109,6209
5110,6209
5113,6209
5309,6209
5310,6209
5311,6209
5809,6209
6210,6209
6214,6209
5001,6209
5002,6209
5003,6209
5004,6209
5005,6209
5301,6209
5306,6209
5006,6209
3202,6209
5102,6209
5308,6209
5302,6209
5303,6209
5305,6209
5307,6209
5601,6210
5602,6210
5603,6210
5101,6210
5103,6210
5104,6210
5105,6210
5303,6210
5503,6210
5504,6210
5509,6210
8445,6210
3204,6210
3809,6210
8451,6210
8452,6210
3403,6210
8420,6210
3506,6210
5807,6210
5808,6210
5606,6210
5301,6210
5305,6210
5208,6210
5309,6210
5512,6210
5513,6210
5514,6210
5515,6210
5516,6210
5802,6210
5806,6210
5809,6210
5110,6210
5308,6210
5402,6210
5403,6210
5501,6210
5605,6210
5810,6210
8308,6210
5004,6210
5006,6210
5106,6210
5107,6210
5202,6210
5204,6210
5205,6210
5206,6210
5207,6210
5401,6210
5406,6210
5506,6210
5507,6210
5508,6210
5510,6210
5511,6210
3901,6210
3906,6210
8444,6210
8446,6210
8447,6210
8448,6210
5502,6210
5404,6210
5505,6210
7319,6210
5902,6210
4007,6210
6307,6210
5209,6210
5003,6210
5108,6210
5201,6210
5203,6210
5113,6210
6217,6210
4908,6210
3203,6210
5604,6210
8213,6210
5306,6210
5005,6210
5109,6210
6209,6210
4304,6210
5001,6210
5002,6210
3205,6210
6204,6210
5004,6211
5111,6211
5112,6211
5208,6211
5209,6211
5210,6211
5211,6211
5212,6211
5309,6211
5401,6211
5402,6211
5403,6211
5404,6211
5406,6211
5407,6211
5408,6211
5501,6211
5502,6211
5503,6211
5504,6211
5505,6211
5506,6211
5507,6211
5508,6211
5509,6211
5510,6211
5511,6211
5512,6211
5513,6211
5514,6211
5515,6211
5516,6211
5601,6211
5603,6211
5604,6211
5605,6211
5606,6211
5609,6211
5801,6211
5802,6211
5806,6211
5810,6211
5902,6211
5906,6211
6001,6211
5106,6211
5107,6211
5109,6211
5204,6211
5205,6211
5206,6211
5207,6211
4007,6211
3204,6211
5903,6211
5808,6211
8445,6211
8451,6211
8452,6211
8444,6211
8446,6211
3809,6211
5005,6211
5108,6211
6307,6211
5201,6211
5203,6211
3926,6211
3908,6211
3901,6211
3902,6211
3906,6211
3909,6211
4002,6211
5001,6211
5002,6211
3920,6211
3904,6211
5405,6211
6209,6211
5006,6211
8308,6211
5807,6211
3905,6211
5909,6211
5007,6211
5809,6211
6210,6211
5101,6211
5105,6211
5811,6211
5907,6211
3203,6211
8213,6211
6112,6211
3206,6211
7319,6211
5310,6211
5311,6211
5104,6211
5303,6211
6217,6211
5111,6212
5112,6212
5208,6212
5209,6212
5210,6212
5211,6212
5212,6212
5309,6212
5401,6212
5402,6212
5407,6212
5408,6212
5501,6212
5503,6212
5504,6212
5506,6212
5507,6212
5508,6212
5509,6212
5510,6212
5511,6212
5512,6212
5513,6212
5514,6212
5515,6212
5516,6212
5601,6212
5801,6212
5802,6212
5804,6212
5806,6212
5809,6212
5810,6212
5902,6212
5906,6212
6001,6212
6002,6212
6003,6212
6004,6212
6005,6212
6006,6212
6113,6212
6114,6212
6117,6212
5201,6212
5203,6212
5204,6212
5205,6212
5206,6212
5207,6212
4007,6212
5604,6212
8308,6212
8445,6212
8447,6212
8451,6212
8452,6212
5403,6212
5406,6212
5807,6212
8444,6212
3809,6212
5007,6212
5603,6212
5605,6212
5606,6212
5811,6212
5903,6212
6307,6212
5106,6212
5107,6212
7319,6212
5108,6212
5803,6212
3908,6212
6210,6212
5004,6212
5104,6212
5202,6212
5505,6212
8420,6212
3901,6212
3902,6212
6217,6212
4304,6212
5005,6212
8446,6212
4706,6213
5201,6213
5202,6213
5203,6213
5204,6213
5205,6213
5206,6213
5207,6213
5208,6213
5209,6213
5509,6213
5510,6213
5513,6213
5516,6213
5601,6213
5801,6213
5212,6213
5508,6213
5514,6213
8444,6213
8445,6213
8446,6213
8451,6213
3204,6213
3809,6213
8443,6213
5802,6213
5806,6213
5810,6213
6307,6213
5007,6213
5111,6213
5112,6213
5210,6213
5211,6213
5308,6213
5309,6213
5310,6213
5311,6213
5401,6213
5402,6213
5403,6213
5404,6213
5407,6213
5408,6213
5501,6213
5502,6213
5503,6213
5504,6213
5505,6213
5506,6213
5507,6213
5511,6213
5512,6213
5515,6213
5603,6213
5605,6213
5606,6213
5609,6213
5804,6213
5809,6213
5902,6213
5906,6213
6001,6213
6308,6213
5004,6213
5006,6213
5106,6213
5107,6213
5108,6213
5109,6213
5110,6213
5307,6213
5406,6213
3203,6213
5005,6213
8449,6213
5113,6213
5101,6213
5103,6213
5104,6213
5105,6213
5602,6213
5803,6213
5003,6213
5301,6213
5303,6213
5306,6213
5102,6213
5001,6214
5002,6214
5003,6214
5004,6214
5005,6214
5006,6214
5007,6214
8444,6214
8445,6214
8446,6214
8447,6214
8451,6214
8420,6214
8452,6214
3204,6214
3809,6214
3203,6214
8213,6214
5806,6214
5101,6214
5102,6214
5103,6214
5104,6214
5105,6214
5106,6214
5107,6214
5108,6214
5109,6214
5111,6214
5112,6214
5509,6214
5510,6214
5515,6214
5516,6214
5602,6214
5801,6214
5802,6214
8449,6214
5609,6214
1505,6214
4102,6214
6308,6214
6603,6214
5402,6214
5403,6214
5407,6214
5501,6214
5502,6214
5503,6214
5504,6214
5505,6214
5506,6214
5507,6214
5511,6214
5512,6214
5513,6214
5902,6214
5401,6214
5406,6214
5408,6214
5508,6214
5604,6214
5606,6214
5210,6214
5211,6214
5603,6214
5810,6214
5405,6214
6307,6214
5804,6214
4304,6214
3908,6214
5208,6214
5209,6214
5212,6214
5308,6214
5309,6214
5310,6214
5311,6214
5514,6214
5809,6214
5906,6214
5113,6214
6210,6214
5202,6214
5110,6214
5205,6214
5206,6214
5207,6214
5307,6214
5605,6214
5201,6214
5203,6214
5204,6214
5306,6214
5807,6214
5808,6214
5301,6214
5303,6214
6217,6214
5302,6214
5305,6214
5803,6214
5001,6215
5002,6215
5003,6215
5004,6215
5005,6215
5006,6215
5007,6215
8445,6215
8446,6215
8451,6215
3809,6215
5808,6215
5401,6215
5402,6215
5403,6215
5404,6215
5406,6215
5407,6215
5408,6215
5501,6215
5503,6215
5506,6215
5508,6215
5509,6215
5510,6215
5511,6215
5512,6215
5902,6215
5111,6215
5112,6215
5210,6215
5211,6215
5513,6215
5514,6215
5515,6215
5516,6215
5603,6215
5801,6215
5806,6215
6001,6215
6005,6215
6006,6215
8444,6215
8447,6215
5504,6215
5507,6215
5809,6215
5903,6215
5502,6215
5802,6215
5609,6215
5606,6215
5804,6215
6217,6215
5405,6215
5604,6215
5605,6215
5911,6215
5810,6215
5901,6215
6307,6215
3908,6215
5204,6215
5205,6215
5206,6215
5208,6215
5209,6215
5212,6215
5309,6215
5310,6215
5311,6215
5101,6215
5104,6215
5105,6215
5106,6215
5107,6215
5108,6215
5109,6215
5110,6215
5113,6215
5207,6215
5308,6215
5906,6215
5203,6215
5301,6215
5306,6215
5201,6215
5307,6215
6308,6215
5303,6215
5305,6215
4101,6216
4102,6216
4103,6216
4104,6216
4105,6216
4106,6216
4107,6216
4112,6216
4113,6216
4115,6216
4205,6216
5007,6216
5111,6216
5112,6216
5205,6216
5206,6216
5208,6216
5209,6216
5210,6216
5211,6216
5212,6216
5308,6216
5309,6216
5401,6216
5402,6216
5403,6216
5404,6216
5405,6216
5407,6216
5408,6216
5501,6216
5502,6216
5503,6216
5504,6216
5505,6216
5506,6216
5507,6216
5508,6216
5509,6216
5510,6216
5511,6216
5512,6216
5513,6216
5514,6216
5515,6216
5516,6216
5601,6216
5603,6216
5604,6216
5605,6216
5606,6216
5609,6216
5801,6216
5802,6216
5806,6216
5809,6216
5902,6216
5203,6216
5204,6216
5310,6216
5911,6216
8444,6216
8445,6216
5004,6216
5106,6216
5107,6216
5201,6216
5207,6216
5406,6216
5005,6216
5108,6216
5109,6216
5602,6216
5811,6216
5903,6216
5906,6216
6307,6216
5006,6216
8453,6216
5113,6216
4001,6216
4002,6216
4003,6216
4004,6216
4005,6216
4006,6216
4007,6216
4008,6216
4014,6216
4015,6216
4016,6216
4017,6216
5306,6216
4114,6216
4203,6216
5002,6216
5101,6216
5105,6216
5104,6216
5303,6216
5307,6216
8308,6216
3921,6216
5110,6216
5102,6216
3908,6216
5803,6216
5804,6216
6210,6216
6217,6216
3812,6216
3901,6216
3904,6216
3920,6216
4301,6216
4302,6216
4303,6216
4304,6216
6701,6216
5301,6216
8477,6216
3905,6216
3202,6216
3909,6216
3910,6216
3911,6216
3926,6216
3902,6216
3903,6216
3906,6216
3925,6216
5007,6217
5111,6217
5112,6217
5113,6217
5208,6217
5209,6217
5210,6217
5211,6217
5212,6217
5308,6217
5309,6217
5310,6217
5311,6217
5401,6217
5402,6217
5403,6217
5407,6217
5408,6217
5501,6217
5502,6217
5503,6217
5504,6217
5505,6217
5506,6217
5507,6217
5509,6217
5510,6217
5511,6217
5512,6217
5513,6217
5514,6217
5515,6217
5516,6217
5601,6217
5604,6217
5605,6217
5606,6217
5609,6217
5801,6217
5802,6217
5804,6217
5806,6217
5809,6217
5902,6217
5903,6217
5906,6217
6005,6217
6006,6217
6307,6217
5203,6217
5204,6217
5205,6217
5206,6217
5603,6217
5004,6217
5005,6217
5006,6217
5106,6217
5107,6217
5108,6217
5109,6217
5110,6217
5202,6217
5207,6217
5307,6217
5404,6217
5406,6217
5508,6217
8447,6217
8451,6217
8452,6217
5810,6217
8444,6217
4007,6217
4601,6217
5807,6217
5808,6217
6209,6217
6210,6217
6213,6217
6603,6217
7319,6217
5602,6217
5811,6217
3809,6217
5301,6217
5303,6217
5306,6217
5201,6217
5103,6217
4002,6217
5803,6217
4304,6217
6211,6217
6214,6217
4203,6217
8308,6217
5101,6217
5102,6217
5104,6217
5105,6217
6204,6217
5405,6217
5001,6217
5002,6217
5003,6217
6215,6217
3901,6217
6501,6217
6206,6217
6203,6217
4015,6217
4114,6217
4102,6217
4103,6217
4104,6217
4106,6217
4107,6217
4112,6217
4113,6217
4115,6217
4205,6217
3926,6217
5802,6301
7019,6301
4002,6301
4008,6301
1505,6301
4102,6301
5101,6301
5103,6301
5104,6301
5105,6301
5106,6301
5107,6301
5111,6301
5112,6301
5516,6301
5602,6301
5801,6301
5102,6301
5108,6301
5109,6301
5509,6301
5510,6301
5515,6301
6003,6301
6006,6301
8445,6301
8446,6301
8447,6301
8449,6301
8451,6301
3809,6301
5806,6301
6001,6301
6308,6301
5811,6301
0104,6301
5201,6301
5202,6301
5203,6301
5204,6301
5205,6301
5206,6301
5207,6301
5208,6301
5209,6301
5407,6301
5513,6301
5601,6301
5212,6301
5406,6301
5514,6301
5609,6301
8452,6301
6005,6301
6304,6301
5810,6301
5603,6301
6307,6301
5402,6301
5408,6301
5501,6301
5503,6301
5504,6301
5505,6301
5506,6301
5507,6301
5511,6301
5512,6301
8444,6301
5401,6301
5403,6301
5508,6301
5911,6301
3908,6301
5604,6301
5902,6301
5606,6301
5210,6301
5211,6301
5903,6301
5906,6301
6002,6301
6004,6301
4304,6301
3901,6301
3902,6301
3905,6301
3906,6301
3915,6301
3903,6301
3909,6301
5004,6301
5005,6301
5110,6301
5307,6301
5308,6301
5007,6301
5113,6301
5309,6301
5310,6301
5311,6301
8420,6301
6210,6301
5301,6301
5302,6301
5303,6301
5306,6301
5305,6301
5001,6301
5002,6301
5006,6301
5605,6301
6113,6301
5803,6301
7319,6302
5906,6302
6002,6302
3203,6302
8420,6302
3402,6302
2502,2821
2601,2821
8474,2821
8417,2821
8514,2821
2617,2821
2605,2822
8105,2822
2614,2823
8108,2823
2807,2823
8417,2823
8514,2823
2607,2824
2617,2824
7801,2824
7802,2824
7804,2824
7806,2824
8417,2824
8514,2824
2928,2825
2815,2825
2817,2825
2822,2825
2801,2826
2903,2826
2801,2827
2501,2827
2903,2827
2812,2827
2805,2828
2827,2828
2801,2828
2815,2828
7310,2828
2814,2828
2829,2828
2812,2828
2801,2829
2812,2829
2811,2829
2827,2829
2807,2830
2503,2830
2813,2830
2930,2830
2815,2831
2802,2831
2807,2831
2813,2831
2832,2831
2806,2831
2830,2831
2503,2831
2930,2831
2807,2832
2503,2832
2930,2832
2831,2832
2806,2833
2807,2833
2842,2833
2811,2833
2511,2833
2808,2833
2503,2833
2502,2833
2608,2833
2847,2833
2814,2834
2808,2834
3102,2834
8207,7209
2601,7210
7202,7210
7203,7210
7204,7210
7205,7210
2701,7210
2704,7210
2619,7210
7206,7210
7207,7210
7208,7210
7201,7210
8455,7210
8462,7210
8416,7210
8417,7210
8454,7210
8514,7210
2618,7210
3810,7210
2716,7210
8468,7210
8515,7210
7326,7210
8460,7210
2502,7210
2821,7210
8456,7210
3208,7210
8311,7210
2502,7211
2601,7211
7202,7211
7203,7211
7204,7211
7205,7211
2701,7211
2704,7211
2619,7211
7206,7211
7207,7211
7326,7211
8111,7211
2705,7211
8416,7211
8417,7211
8514,7211
8455,7211
7201,7211
8462,7211
8454,7211
2716,7211
8456,7211
8460,7211
8461,7211
8515,7211
8480,7211
8468,7211
3810,7211
8457,7211
2601,7212
7202,7212
7203,7212
7204,7212
7205,7212
2701,7212
8416,7212
8454,7212
8455,7212
8462,7212
3810,7212
2618,7212
2619,7212
7206,7212
7207,7212
7201,7212
7326,7212
8417,7212
8514,7212
2716,7212
7905,7212
2705,7212
8460,7212
2821,7212
2704,7212
8515,7212
3208,7212
8456,7212
8480,7212
8468,7212
2502,7213
2601,7213
7202,7213
7203,7213
7204,7213
7205,7213
2701,7213
2704,7213
2619,7213
7201,7213
7206,7213
7207,7213
7326,7213
8455,7213
8462,7213
7214,7213
7215,7213
8416,7213
8417,7213
8514,7213
8454,7213
8480,7213
2618,7213
2705,7213
8456,7213
8458,7213
2716,7213
8460,7213
8474,7213
2601,7214
7202,7214
7203,7214
7204,7214
7205,7214
2701,7214
2704,7214
8416,7214
8417,7214
8514,7214
8455,7214
8462,7214
2619,7214
7206,7214
7207,7214
7326,7214
7217,7214
8454,7214
8480,7214
7201,7214
2716,7214
8207,7214
2618,7214
7216,7214
8515,7214
8311,7214
7215,7214
7213,7214
8419,7214
2705,7214
8456,7214
8458,7214
8459,7214
8460,7214
2502,7214
8468,7214
2502,7215
2601,7215
7202,7215
7203,7215
7204,7215
7205,7215
2701,7215
2704,7215
7201,7215
7206,7215
7207,7215
8416,7215
8417,7215
8454,7215
8514,7215
8455,7215
8462,7215
8463,7215
2716,7215
7217,7215
8458,7215
8460,7215
8480,7215
3824,7215
7325,7215
2619,7215
7213,7215
2618,7215
8474,7215
7214,7215
6902,7215
2705,7215
3810,7216
2922,2933
2934,2933
3006,2933
2921,2933
2929,2933
2933,2934
2932,2934
2904,2935
2807,2935
2813,2935
2806,2935
2808,2935
2930,2935
2942,2935
2921,2935
2922,2935
2802,2935
2814,2935
2933,2935
2830,2935
2942,2936
2922,2936
2921,2936
2932,2936
2922,2937
3507,2937
3004,2937
2933,2937
2942,2937
2930,2937
2934,2937
2902,2937
2916,2937
2901,2937
2918,2937
2931,2937
3006,2937
2921,2937
2929,2937
3815,2937
2932,2937
2938,2937
2939,2937
2924,2937
2942,2938
0502,5102
5104,5102
5102,5103
0104,5103
4102,5104
5101,5104
5102,5104
0104,5104
0104,5105
4102,5105
5103,5105
5104,5105
8445,5105
5107,5105
5102,5105
1505,5106
4102,5106
5101,5106
5103,5106
5104,5106
5105,5106
8445,5106
8451,5106
3809,5106
5109,5106
5111,5106
1505,5107
4102,5107
5101,5107
5103,5107
5104,5107
5105,5107
5109,5107
8445,5107
8451,5107
3809,5107
0104,5107
5609,5107
5112,5107
0502,5108
5102,5108
5103,5108
5104,5108
5105,5108
8445,5108
3809,5108
3403,5108
6110,5108
1505,5108
1505,5109
4102,5109
5101,5109
5103,5109
5104,5109
5105,5109
5107,5109
5108,5109
5102,5109
8445,5109
3809,5109
5102,5110
5103,5110
5104,5110
5105,5110
5113,5110
8445,5110
5101,5111
5102,5111
5103,5111
5104,5111
5105,5111
5106,5111
5108,5111
5109,5111
8420,5111
8445,5111
8446,5111
8448,5111
8451,5111
3203,5111
3809,5111
5107,5111
1505,5111
4102,5111
5606,5111
5507,5111
5110,5111
5101,5112
5103,5112
5104,5112
5105,5112
5106,5112
5107,5112
5108,5112
5109,5112
5102,5112
8420,5112
8445,5112
8446,5112
8448,5112
8451,5112
3809,5112
4102,5112
5609,5112
3203,5112
1505,5112
5606,5112
5507,5112
0502,5113
5101,5113
5102,5113
5103,5113
5104,5113
5105,5113
5110,5113
8445,5113
8446,5113
8448,5113
8451,5113
3809,5113
5609,5113
5606,5113
1209,5201
3101,5201
3102,5201
3103,5201
3104,5201
3808,5201
5202,5203
5201,5204
5202,5204
5203,5204
8445,5204
8451,5204
3809,5204
7319,5204
5201,5205
5202,5205
5203,5205
5207,5205
8445,5205
8451,5205
3204,5205
3809,5205
3203,5205
8420,5205
5503,5206
5201,5212
5202,5212
5203,5212
5205,5212
5206,5212
5204,5212
5207,5212
5208,5212
5508,5212
5510,5212
5513,5212
8446,5212
8448,5212
8420,5212
8444,5212
8445,5212
8451,5212
3809,5212
3403,5212
5406,5212
3203,5212
5209,5212
5514,5212
8445,5301
1204,5301
3101,5302
3102,5302
3104,5302
3105,5302
8445,5302
8451,5302
8445,5303
8446,5303
3403,5303
5308,5305
8445,5305
8446,5305
5301,5306
8445,5306
8446,5306
3809,5306
8451,5306
1204,5306
5303,5307
5310,5307
8445,5307
8451,5307
3809,5307
3403,5307
6305,5307
8420,5307
2716,5307
5305,5308
8445,5308
5302,5308
4822,5308
3403,5308
3809,5308
3203,5308
1404,5308
5202,5308
5301,5308
5303,5308
5307,5308
5310,5308
1401,5308
5301,5309
5306,5309
8445,5309
8446,5309
8448,5309
8451,5309
3809,5309
8420,5309
3203,5309
1204,5309
5308,5309
5303,5310
5307,5310
5308,5310
8445,5310
8448,5310
8451,5310
8420,5310
8446,5310
3809,5310
3403,5310
3203,5310
5303,5311
5305,5311
5308,5311
4706,5311
5306,5311
5307,5311
5609,5311
8445,5311
8446,5311
8451,5311
8441,5311
3809,5311
1401,5311
4601,5311
5301,5311
5310,5311
3203,5311
4822,5311
4701,5311
4802,5311
4805,5311
4806,5311
4823,5311
4703,5311
4704,5311
4705,5311
4707,5311
5404,5401
5407,5401
5408,5401
5501,5401
5502,5401
5503,5401
5504,5401
5505,5401
5506,5401
5507,5401
5512,5401
5515,5401
5516,5401
5605,5401
5609,5401
5902,5401
3908,5401
8444,5401
8445,5401
5405,5401
3906,5401
5911,5401
3809,5401
3902,5401
3903,5401
4822,5401
6307,5401
5606,5401
5902,5402
3926,5402
3910,5402
3102,1404
3104,1404
3105,1404
1206,1404
1209,1404
8432,1404
6305,1404
3808,1404
0701,1404
1204,1404
0103,1501
0203,1501
1506,1501
0105,1501
0201,1502
0511,1502
1503,1502
1506,1502
0202,1502
0208,1502
0102,1502
0103,1503
0203,1503
0209,1503
1501,1503
1502,1503
1506,1503
1516,1503
1518,1503
0511,1503
0301,1504
0302,1504
0303,1504
0304,1504
0511,1504
8902,1504
4102,1505
1506,1505
1207,1506
0102,1506
1502,1506
1503,1506
0209,1506
1501,1506
0511,1506
1522,1506
1201,1507
1207,1507
7309,1507
7310,1507
0802,1508
1202,1508
8421,1508
1207,1508
7309,1508
8421,1509
7309,1509
7310,1509
1510,1509
8413,1509
9026,1509
1207,1509
8421,1510
7310,1510
1509,1510
7309,1510
7612,1510
8413,1510
1207,1511
8421,1511
8413,1511
7310,1511
7309,1511
1206,1512
1207,1512
1209,1512
3102,1512
1404,1512
0801,1513
1203,1513
1207,1513
1205,1514
1207,1514
7309,1514
7310,1514
7612,1514
1404,1514
1204,1515
1207,1515
7310,1515
8413,1515
1201,1515
1205,1515
1206,1515
1507,1515
1508,1515
1511,1515
1512,1515
1513,1515
1514,1515
1203,1515
1510,1515
1516,1515
1518,1515
1212,1515
0209,1516
1501,1516
1502,1516
1503,1516
1504,1516
1506,1516
1518,1516
1207,1516
1203,1516
1201,1516
1204,1516
1205,1516
1206,1516
1513,1516
1207,1517
1504,1517
1506,1517
1507,1517
1508,1517
1509,1517
1510,1517
1511,1517
1512,1517
1513,1517
1514,1517
1515,1517
1516,1517
1518,1517
2306,1517
1206,1517
1208,1517
1201,1517
2304,1517
1205,1517
2501,1517
2923,1517
8438,1517
1502,1517
1804,1517
1503,1517
8420,1517
0209,1517
1501,1517
1203,1517
1520,1517
2305,1517
1204,1517
0209,1518
1501,1518
1502,1518
1516,1518
3803,1518
1207,1518
1206,1518
1205,1518
1203,1518
1201,1518
1505,1518
1204,1518
1207,1520
1506,1520
1511,1520
1518,1520
1502,1520
8413,1520
1201,1520
1203,1520
1205,1520
7404,7418
7405,7418
7409,7418
7410,7418
2603,7418
7403,7418
7407,7418
7402,7418
7419,7418
3405,7418
7406,7418
7408,7418
7411,7418
7412,7418
7413,7418
7401,7418
2603,7419
7402,7419
7403,7419
7404,7419
7405,7419
8417,7419
8514,7419
8454,7419
7401,7419
7407,7419
7408,7419
7409,7419
7411,7419
7413,7419
7410,7419
7412,7419
7418,7419
7406,7419
8455,7419
8549,7419
8456,7419
8468,7419
8515,7419
8474,7419
2604,7501
7502,7501
7503,7501
7504,7501
8474,7501
8417,7501
7505,7501
7506,7501
7508,7501
8514,7501
2604,7502
2617,7502
7501,7502
7503,7502
2604,7504
7501,7504
7502,7504
7503,7504
2604,7505
7501,7505
7502,7505
7503,7505
8454,7505
7504,7505
8514,7505
8455,7505
8462,7505
2604,7506
7501,7506
7502,7506
7503,7506
7504,7506
7505,7506
8514,7506
7508,7506
8455,7506
8454,7506
2604,7507
7501,7507
7502,7507
7503,7507
7505,7507
7506,7507
7504,7507
7508,7507
2604,7508
7501,7508
7502,7508
7503,7508
7504,7508
7505,7508
7506,7508
2716,7508
2606,7601
2818,7601
2716,7601
8454,7601
2807,7601
8417,7601
8514,7601
7602,7601
2808,7601
2811,7601
8480,7601
8455,7601
8417,7602
8514,7602
2606,7603
7601,7603
7602,7603
2818,7603
2716,7603
8417,7603
8454,7603
8514,7603
2811,7603
2606,7604
2818,7604
7601,7604
7602,7604
2716,7604
8455,7604
8457,7604
8462,7604
8207,7604
8454,7604
8480,7604
8417,7604
8419,7604
8514,7604
7616,7604
8460,7604
8459,7604
8515,7604
2807,7604
8456,7604
8458,7604
2808,7604
9024,7604
7605,7604
2606,7605
2818,7605
7601,7605
7602,7605
7616,7605
2716,7605
8454,7605
8455,7605
8462,7605
8417,7605
8514,7605
8468,7605
8515,7605
7603,7605
8207,7605
8480,7605
8456,7605
7604,7605
2807,7605
3810,7605
7614,7605
2808,7605
2606,7606
2818,7606
7601,7606
8455,7606
8462,7606
8454,7606
8457,7606
8207,7606
8480,7606
8417,7606
8514,7606
8456,7606
8458,7606
8459,7606
8460,7606
8461,7606
8515,7606
7602,7606
7616,7606
2716,7606
2807,7606
8468,7606
2606,7607
2818,7607
7601,7607
7602,7607
7603,7607
7616,7607
8455,7607
8417,7607
8514,7607
8454,7607
2716,7607
8456,7607
2807,7607
8420,7607
2606,7608
2818,7608
7601,7608
7602,7608
7610,7608
7616,7608
8454,7608
8455,7608
8462,7608
8456,7608
8515,7608
8480,7608
8417,7608
8514,7608
8468,7608
8207,7608
3810,7608
2716,7608
7605,7608
7609,7608
8458,7608
2606,7609
7601,7609
7602,7609
7604,7609
7605,7609
7606,7609
7608,7609
7613,7609
7616,7609
8454,7609
8455,7609
8457,7609
8462,7609
8480,7609
8515,7609
8417,7609
8514,7609
8456,7609
2606,7610
2818,7610
7601,7610
7602,7610
7603,7610
7604,7610
7605,7610
7606,7610
7608,7610
7614,7610
7616,7610
8207,7610
8454,7610
8455,7610
8456,7610
8457,7610
8458,7610
8459,7610
8460,7610
8462,7610
8468,7610
8515,7610
9024,7610
8467,7610
8480,7610
8417,7610
8514,7610
8202,7610
7609,7610
3824,7610
3810,7610
7601,7611
7602,7611
7604,7611
7605,7611
7606,7611
7608,7611
7610,7611
7616,7611
2606,7611
7609,7611
2818,7611
8417,7611
8514,7611
7601,7612
7604,7612
7605,7612
7606,7612
7607,7612
7608,7612
7616,7612
7609,7612
2606,7612
7602,7612
8455,7612
8462,7612
8417,7612
8514,7612
8456,7612
2818,7612
7614,7612
7615,7612
8480,7612
7613,7612
2606,7613
2818,7613
7601,7613
7602,7613
7604,7613
7605,7613
7606,7613
7608,7613
7609,7613
7614,7613
7616,7613
7603,7613
8417,7613
8514,7613
2606,7614
7601,7614
7602,7614
7604,7614
7605,7614
7606,7614
7608,7614
7616,7614
8455,7614
8514,7614
2716,7614
2818,7614
8417,7614
7603,7614
8468,7614
7601,7615
7604,7615
7606,7615
7608,7615
7616,7615
2606,7615
2818,7615
7602,7615
8514,7615
6216,7615
3405,7615
7605,7615
8454,7615
8417,7615
7601,7616
7602,7616
7604,7616
7605,7616
7606,7616
7608,7616
2606,7616
2818,7616
8454,7616
8455,7616
8456,7616
8457,7616
8462,7616
8480,7616
8417,7616
8514,7616
8468,7616
8515,7616
8467,7616
7614,7616
7603,7616
8549,7616
2716,7616
7607,7616
7613,7616
7615,7616
8458,7616
7612,7616
2607,7801
2617,7801
7802,7801
8514,7801
8454,7801
2607,7802
2617,7802
8549,7802
8487,8445
4822,8445
7219,8445
8501,8446
8482,8446
5902,8446
8431,8446
8448,8446
8466,8446
8473,8446
8479,8446
3403,8446
5205,8446
8419,8446
9033,8446
7326,8446
5004,8446
5510,8446
5511,8446
2716,8446
7223,8447
8482,8447
8501,8447
8503,8447
5911,8447
8431,8447
8444,8447
8448,8447
8466,8447
8419,8447
8479,8447
9031,8447
8473,8447
6001,8447
3403,8447
5910,8447
6004,8447
6006,8447
9032,8447
5609,8447
5902,8447
8543,8447
9033,8447
6003,8447
5402,8447
5403,8447
5501,8447
5507,8447
5509,8447
5511,8447
5205,8447
5606,8447
5703,8447
5802,8447
3926,8447
8487,8447
6603,8447
5810,8447
7209,8448
7214,8448
7215,8448
7217,8448
7218,8448
7219,8448
7220,8448
7221,8448
7222,8448
7223,8448
7225,8448
7226,8448
7227,8448
7228,8448
7229,8448
7224,8448
7403,8448
7502,8448
7604,8448
7605,8448
7616,8448
7404,8448
7405,8448
7407,8448
7408,8448
7411,8448
7415,8448
7419,8448
8544,8448
8542,8448
8482,8448
8483,8448
8501,8448
5910,8448
8208,8448
7318,8448
8504,8448
8420,8448
8445,8448
8446,8448
8479,8448
7206,8448
7210,8448
7211,8448
7216,8448
7326,8448
7315,8448
7325,8448
8534,8448
7320,8448
7306,8448
8473,8448
8505,8448
5911,8448
8443,8448
3403,8448
9033,8448
7207,8448
7208,8448
7212,8448
7213,8448
7409,8448
7412,8448
7413,8448
7505,8448
7608,8448
8102,8448
7606,8448
9032,8448
7305,8448
7307,8448
8307,8448
8502,8448
4009,8448
4010,8448
4016,8448
8546,8448
7506,8448
7905,8448
8204,8448
8209,8448
7609,8448
7406,8448
8484,8448
8108,8448
8485,8448
8447,8448
3926,8448
8487,8448
2849,8448
7503,8448
8112,8448
8113,8448
8311,8448
7206,8449
7215,8449
7218,8449
7219,8449
7222,8449
7306,8449
7318,8449
7326,8449
8431,8449
8479,8449
8482,8449
9032,8449
9031,8449
3403,8449
5910,8449
8420,8449
8448,8449
8466,8449
7227,8449
7315,8449
7320,8449
8473,8449
8419,8449
8487,8449
5911,8449
3926,8449
8501,8450
8503,8450
8482,8450
8483,8450
3925,8450
3926,8450
7304,8450
7306,8450
7315,8450
7318,8450
7320,8450
7325,8450
7326,8450
8431,8450
8451,8450
8466,8450
8473,8450
8477,8450
8479,8450
8481,8450
8509,8450
8538,8450
8543,8450
9033,8450
8534,8450
8413,8450
4009,8450
4010,8450
7218,8450
7219,8450
7220,8450
7221,8450
7222,8450
7223,8450
7305,8450
7411,8450
7604,8450
7210,8450
7212,8450
7217,8450
7225,8450
7226,8450
7229,8450
7408,8450
8532,8450
7616,8450
7206,8450
7207,8450
7208,8450
7209,8450
7211,8450
7216,8450
7227,8450
7606,8450
8484,8450
7605,8450
8504,8450
9032,8450
7601,8450
8487,8450
9107,8450
8421,8450
8420,8450
7218,8451
7220,8451
7304,8451
8501,8451
8503,8451
8413,8451
8421,8451
8481,8451
8482,8451
8419,8451
8431,8451
8473,8451
8484,8451
8479,8451
8420,8451
8466,8451
9032,8451
3402,8451
7314,8451
8516,8451
9107,8451
7223,8451
3926,8451
7208,8451
7209,8451
7219,8451
7206,8451
7207,8451
7211,8451
7216,8451
7226,8451
7326,8451
7318,8451
6104,8451
6105,8451
6205,8451
6302,8451
7210,8451
7221,8451
7222,8451
7224,8451
7225,8451
7228,8451
5910,8451
3403,8451
8445,8451
7307,8451
8450,8451
7217,8451
7325,8451
3204,8451
7419,8451
3809,8451
7315,8451
4010,8451
5911,8451
5906,8451
8534,8451
8208,8451
5806,8451
8504,8451
7212,8451
4007,8451
4008,8451
4009,8451
4016,8451
5902,8451
7601,8451
7312,8451
3907,8451
3909,8451
3910,8451
3911,8451
3208,8451
5903,8451
8487,8451
5408,8451
5516,8451
5407,8451
5909,8451
7213,8451
7214,8451
7215,8451
7227,8451
7229,8451
7306,8451
7407,8451
7505,8451
7604,8451
7904,8451
7320,8451
7616,8451
7403,8451
7404,8451
7408,8451
7409,8451
7411,8451
7413,8451
7614,8451
8544,8451
3917,8451
9033,8451
7305,8451
8209,8451
7502,8451
7602,8451
7605,8451
7606,8451
7608,8451
7609,8451
7901,8451
8001,8451
7405,8451
7412,8451
8307,8451
7506,8451
7905,8451
7406,8451
7202,8451
8485,8451
2710,8451
7902,8451
8104,8451
8108,8451
8111,8451
8113,8451
8546,8451
8501,8452
8448,8452
8466,8452
8482,8452
8473,8452
8431,8452
5911,8452
8479,8452
7223,8452
3403,8452
9033,8452
6603,8452
7319,8452
2716,8452
3926,8452
7219,8453
7220,8453
7306,8453
7318,8453
7325,8453
7326,8453
8482,8453
8205,8453
8207,8453
8467,8453
8208,8453
8420,8453
8431,8453
8473,8453
8479,8453
8466,8453
3201,8453
8209,8453
7315,8453
3403,8453
8419,8453
4010,8453
6406,8453
7229,8453
9033,8453
3816,8454
6902,8454
6903,8454
7204,8454
7205,8454
7206,8454
7207,8454
7214,8454
7216,8454
7217,8454
7218,8454
7219,8454
7220,8454
7221,8454
7222,8454
7223,8454
7224,8454
7225,8454
7226,8454
7227,8454
7228,8454
7229,8454
7304,8454
7306,8454
7307,8454
7326,8454
7601,8454
7901,8454
8001,8454
7301,8454
7303,8454
7305,8454
7325,8454
7411,8454
7507,8454
7608,8454
2606,8454
2610,8454
7203,8454
8546,8454
8416,8454
8417,8454
8419,8454
8514,8454
8103,8454
2504,8454
3801,8454
7804,8454
2701,8454
2708,8454
2601,8454
8501,8454
3824,8454
8480,8454
7208,8454
7209,8454
7211,8454
7213,8454
7215,8454
7318,8454
8502,8454
7106,8454
7110,8454
8455,8454
8503,8454
8543,8454
8431,8454
8459,8454
8462,8454
8463,8454
8466,8454
8468,8454
8473,8454
8479,8454
2803,8454
2849,8454
7502,8454
7404,8454
7503,8454
7602,8454
7802,8454
7902,8454
8002,8454
8105,8454
8108,8454
8111,8454
8112,8454
9033,8454
7210,8454
7212,8454
2602,8454
2603,8454
2604,8454
2607,8454
2608,8454
2609,8454
2611,8454
2613,8454
2614,8454
2615,8454
2616,8454
2617,8454
8209,8454
2818,8454
7407,8454
7112,8454
8101,8454
8102,8454
8104,8454
8110,8454
8113,8454
7402,8454
7403,8454
7405,8454
7408,8454
7409,8454
7412,8454
7413,8454
7419,8454
7107,8454
7504,8454
7506,8454
7508,8454
7905,8454
8484,8454
7312,8454
7315,8454
9024,8454
7406,8454
7801,8454
2508,8454
7605,8454
7603,8454
7616,8454
7109,8454
8515,8454
9032,8454
8311,8454
8007,8454
8482,8454
8207,8454
8458,8454
7613,8454
2513,8454
6805,8454
8505,8454
7907,8454
7201,8455
7204,8455
7205,8455
7206,8455
7207,8455
7208,8455
7209,8455
7210,8455
7211,8455
7213,8455
7214,8455
7215,8455
7216,8455
7218,8455
7219,8455
7220,8455
7221,8455
7222,8455
7224,8455
7225,8455
7226,8455
7227,8455
7228,8455
7229,8455
7601,8455
7904,8455
8003,8455
7212,8455
7217,8455
7306,8455
7326,8455
7325,8455
8417,8455
8419,8455
8514,8455
8482,8455
8431,8455
8454,8455
8456,8455
8457,8455
8458,8455
8459,8455
8460,8455
8461,8455
8463,8455
8466,8455
8468,8455
8473,8455
8479,8455
8207,8455
7301,8455
2601,8455
7203,8455
7308,8455
7305,8455
7315,8455
7419,8455
8209,8455
9024,8455
7223,8455
7606,8455
7604,8455
8311,8455
7409,8455
7506,8455
7602,8455
7605,8455
7616,8455
7804,8455
7905,8455
7403,8455
7404,8455
7405,8455
7407,8455
7408,8455
7413,8455
7502,8455
7901,8455
8001,8455
2618,8455
6902,8455
7107,8455
7202,8455
7505,8455
7508,8455
2603,8455
7402,8455
7406,8455
7801,8455
8102,8455
8487,8455
2606,8455
2818,8455
7603,8455
8108,8455
7503,8455
8112,8455
8101,8455
2716,8455
2610,8455
7504,8455
2611,8455
2849,8455
8113,8455
7802,8455
8002,8455
8111,8455
9013,8456
8482,8456
8479,8456
8466,8456
8473,8456
8208,8456
8209,8456
9033,8456
7206,8456
7218,8456
7326,8456
7226,8456
7219,8456
6805,8456
7407,8456
8101,8456
8102,8456
7220,8456
2849,8456
7211,8456
7221,8456
7306,8456
7616,8456
7419,8456
8487,8456
8207,8457
8208,8457
8209,8457
8456,8457
8458,8457
8459,8457
8460,8457
8461,8457
8462,8457
8463,8457
8466,8457
8482,8457
7224,8457
7226,8457
7227,8457
7228,8457
8483,8457
8431,8457
8479,8457
8468,8457
7318,8457
7326,8457
8473,8457
9024,8457
8101,8457
3403,8457
8503,8457
8454,8457
8455,8457
8487,8457
9031,8457
9033,8457
8505,8457
8480,8457
8485,8457
7222,8457
9032,8457
7208,8457
7209,8457
7210,8457
7211,8457
7212,8457
7219,8457
7220,8457
7225,8457
7409,8457
7415,8457
7616,8457
7206,8457
7207,8457
7213,8457
7214,8457
7215,8457
7216,8457
7218,8457
7221,8457
7229,8457
7306,8457
7204,8457
7223,8457
7408,8457
8311,8457
7325,8457
7419,8457
7305,8457
7403,8457
7203,8457
7315,8457
8419,8457
8204,8457
8102,8457
8112,8457
8113,8457
8108,8457
8461,8458
8466,8458
8479,8458
8207,8458
8209,8458
8482,8458
7326,8458
8431,8458
8473,8458
9033,8458
7226,8458
7325,8458
7218,8458
7222,8458
7224,8458
7228,8458
7208,8458
7209,8458
7213,8458
7215,8458
7219,8458
7220,8458
7225,8458
7206,8458
7210,8458
7211,8458
7212,8458
8419,8458
7207,8458
7217,8458
7403,8458
7408,8458
7409,8458
7419,8458
7306,8458
7223,8458
7207,8459
7208,8459
7209,8459
7210,8459
7211,8459
7212,8459
7215,8459
7216,8459
7218,8459
7219,8459
7220,8459
7221,8459
7222,8459
7224,8459
7225,8459
7226,8459
7227,8459
7228,8459
7229,8459
8455,8459
8501,8459
8482,8459
7206,8459
7306,8459
7325,8459
7326,8459
8207,8459
8208,8459
8209,8459
8431,8459
8457,8459
8466,8459
8473,8459
8479,8459
7214,8459
7223,8459
3403,8459
7505,8459
7604,8459
7606,8459
7403,8459
7407,8459
8101,8459
8102,8459
8108,8459
7404,8459
7405,8459
7408,8459
7409,8459
7419,8459
7506,8459
7315,8459
9033,8459
7609,8404
7506,8404
7218,8405
7220,8405
7303,8405
7325,8405
7326,8405
7307,8405
8501,8405
8503,8405
8543,8405
7616,8405
7311,8405
9028,8405
7223,8405
8484,8405
2803,8405
8431,8405
8479,8405
7613,8405
8473,8405
7219,8405
7222,8405
7304,8405
7306,8405
7601,8405
7411,8405
7403,8405
7404,8405
7405,8405
7407,8405
7408,8405
7409,8405
7419,8405
8482,8405
8546,8405
9033,8405
7206,8406
7214,8406
7218,8406
7222,8406
7223,8406
7224,8406
7225,8406
7226,8406
7227,8406
7304,8406
7306,8406
7403,8406
7408,8406
7601,8406
7604,8406
8482,8406
8483,8406
7215,8406
7219,8406
7220,8406
7221,8406
7216,8406
7318,8406
7325,8406
7326,8406
8431,8406
8479,8406
8404,8406
7305,8406
7411,8406
7419,8406
8402,8406
8481,8406
8419,8406
8484,8406
7208,8406
7606,8406
7505,8406
9026,8406
8457,8406
2710,8406
7207,8406
7229,8406
7407,8406
8112,8406
7506,8406
7405,8406
7616,8406
8108,8406
8546,8406
8473,8406
7320,8406
8458,8406
2709,8406
2716,8406
7409,8407
7601,8407
7604,8407
7606,8407
7201,8407
7205,8407
7206,8407
7218,8407
7222,8407
7224,8407
7228,8407
7304,8407
7325,8407
7403,8407
7408,8407
7502,8407
8108,8407
8482,8407
8483,8407
4016,8407
8484,8407
8481,8407
8511,8407
8409,8407
8457,8407
8458,8407
7411,8407
8480,8407
3811,8407
8112,8407
7407,8407
7318,8407
7419,8407
2709,8407
7605,8407
7609,8407
7207,8407
7213,8407
7214,8407
7219,8407
7220,8407
7221,8407
7225,8407
7227,8407
7229,8407
8487,8407
7307,8407
8431,8407
8479,8407
7405,8407
7303,8407
7306,8407
7326,8407
7404,8407
7413,8407
8405,8407
7608,8407
7506,8407
7208,8407
7211,8407
2713,8407
4002,8407
7320,8407
7223,8407
7204,8407
7215,8407
7226,8407
7505,8407
7209,8407
7507,8407
8307,8407
2710,8407
7216,8407
8455,8407
7616,8407
7412,8407
7315,8407
7202,8407
7203,8407
7217,8407
7305,8407
7602,8407
2601,8407
7210,8407
2901,8407
3826,8407
2606,8407
7801,8407
8473,8407
9032,8407
7212,8407
8409,8408
8483,8408
8511,8408
8484,8408
8482,8408
7303,8408
7307,8408
7325,8408
7205,8408
7206,8408
7207,8408
7224,8408
7304,8408
7320,8408
7326,8408
7222,8408
7228,8408
7505,8408
7601,8408
7604,8408
7606,8408
7608,8408
7403,8408
7404,8408
7409,8408
7411,8408
7413,8408
7419,8408
7502,8408
4016,8408
2709,8408
3811,8408
8431,8408
8479,8408
2601,8408
7201,8408
7202,8408
7208,8408
7214,8408
7215,8408
7216,8408
7218,8408
7219,8408
7220,8408
7221,8408
7225,8408
7226,8408
7227,8408
7306,8408
7405,8408
7616,8408
7407,8408
2713,8408
7211,8408
7305,8408
8462,8408
2710,8408
7209,8408
7213,8408
3826,8408
7203,8408
8487,8408
7224,8409
7228,8409
7403,8409
7502,8409
7601,8409
7606,8409
7218,8409
7221,8409
7222,8409
7227,8409
7229,8409
7304,8409
8108,8409
8482,8409
8484,8409
3811,8409
8412,8409
8407,8409
8511,8409
8483,8409
7318,8409
7409,8409
7223,8409
2710,8409
7201,8409
7505,8409
8112,8409
7604,8409
7608,8409
7616,8409
8458,8409
7206,8409
7207,8409
7305,8409
7306,8409
7325,8409
7326,8409
7405,8409
7408,8409
7419,8409
7320,8409
7209,8409
7219,8409
7225,8409
7411,8409
7208,8409
7211,8409
7213,8409
7214,8409
7220,8409
7226,8409
7215,8409
7603,8409
7407,8409
8408,8409
7216,8409
7217,8409
7506,8409
7602,8409
7203,8409
2709,8409
7202,8409
7206,8410
7207,8410
7208,8410
7211,8410
7214,8410
7215,8410
7216,8410
7217,8410
7218,8410
7219,8410
7220,8410
7221,8410
7222,8410
7224,8410
7227,8410
7229,8410
7304,8410
7312,8410
7326,8410
7303,8410
7305,8410
7306,8410
7307,8410
7325,8410
7608,8410
8482,8410
8483,8410
7403,8410
7405,8410
7407,8410
7408,8410
7411,8410
7419,8410
8413,8410
8481,8410
7318,8410
7616,8410
7502,8410
7601,8410
7606,8410
7610,8410
8484,8410
7223,8410
9026,8410
9032,8410
7308,8410
7320,8410
7205,8410
8431,8410
8479,8410
8455,8410
8419,8410
7315,8410
7605,8410
7404,8410
8482,8411
7502,8411
7505,8411
7506,8411
8108,8411
7224,8411
8807,8411
7218,8411
7222,8411
2614,8411
8112,8411
7601,8411
8431,8411
7604,8411
7606,8411
7616,8411
7403,8411
7409,8411
8479,8411
8409,8411
8484,8411
7603,8411
7223,8411
7608,8411
7408,8411
7225,8411
7227,8411
7325,8411
8473,8411
7219,8411
7221,8411
7504,8411
7202,8411
9032,8411
7503,8411
8102,8411
7419,8411
7405,8411
8101,8411
7508,8411
7224,8412
7601,8412
8108,8412
7606,8412
7218,8412
7219,8412
7228,8412
7304,8412
8482,8412
8484,8412
8483,8412
3811,8412
8431,8412
8479,8412
8481,8412
7206,8412
7215,8412
7220,8412
7221,8412
7222,8412
7225,8412
7226,8412
7229,8412
7303,8412
7306,8412
7307,8412
7325,8412
7411,8412
7604,8412
7608,8412
7609,8412
8307,8412
4016,8412
3819,8412
8410,8412
3917,8412
7412,8412
7318,8412
7223,8412
2710,8412
3403,8412
4009,8412
7320,8412
7419,8412
7403,8412
7405,8412
7407,8412
7408,8412
8503,8412
3826,8412
7207,8412
7605,8412
8544,8412
8411,8412
2709,8412
7506,8412
7616,8412
8407,8412
8409,8412
8511,8412
7202,8412
7209,8412
7216,8412
7217,8412
7227,8412
7326,8412
7505,8412
7404,8412
7413,8412
7213,8412
8457,8412
8458,8412
8501,8412
8505,8412
8487,8412
7402,8412
7502,8412
7406,8412
8502,8412
9026,8413
4009,8413
8484,8413
8501,8413
8481,8413
7218,8413
7222,8413
7223,8413
7224,8413
7304,8413
7306,8413
7307,8413
4016,8413
9032,8413
7219,8413
7220,8413
7221,8413
7229,8413
3917,8413
4007,8413
8307,8413
8482,8413
7303,8413
7305,8413
7403,8413
7407,8413
7408,8413
7409,8413
7411,8413
7412,8413
7419,8413
7225,8413
7325,8413
7326,8413
7608,8413
7604,8413
7616,8413
8479,8413
4008,8413
7206,8413
7320,8413
7215,8413
7405,8413
3926,8413
7601,8413
7609,8413
7210,8413
7209,8413
7226,8413
7605,8413
7211,8413
7217,8413
8487,8413
7207,8413
7216,8413
7404,8413
7606,8413
3925,8413
7212,8413
3819,8413
7413,8413
9033,8413
8108,8413
8484,8414
8482,8414
7218,8414
7223,8414
8431,8414
9032,8414
8479,8414
9033,8414
8307,8414
3926,8414
7219,8414
7220,8414
7411,8414
8473,8414
7613,8414
8414,8415
8419,8415
8501,8415
8503,8415
8543,8415
2903,8415
3827,8415
7403,8415
7404,8415
7405,8415
7407,8415
7408,8415
7411,8415
7412,8415
7507,8415
7608,8415
7609,8415
9032,8415
8535,8415
8537,8415
8538,8415
8544,8415
7219,8415
7409,8415
7601,8415
7602,8415
7604,8415
7605,8415
7606,8415
7616,8415
7905,8415
3917,8415
4009,8415
8307,8415
8546,8415
4016,8415
8484,8415
8412,8415
8479,8415
8532,8415
8547,8415
8481,8415
8534,8415
7220,8415
7304,8415
6806,8415
7019,8415
7008,8415
8431,8415
3901,8415
3920,8415
3925,8415
3926,8415
7410,8415
7413,8415
7419,8415
7218,8415
7222,8415
7223,8415
7307,8415
9026,8415
8509,8415
7506,8415
7607,8415
3907,8415
3909,8415
4008,8415
8504,8415
8541,8415
8502,8415
8482,8415
2711,8415
7326,8416
6903,8416
7306,8416
3816,8416
6902,8416
8419,8416
8417,8416
8479,8416
2709,8416
2713,8416
8487,8416
2710,8416
7219,8416
8480,8417
2601,8417
2711,8417
2707,2927
2902,2927
2807,2927
2808,2927
2825,2927
2834,2927
3815,2927
2815,2927
2825,2928
2942,2928
2808,2929
2942,2929
2814,2929
2834,2929
2921,2929
3815,2929
2928,2929
2503,2930
2802,2930
2807,2930
2813,2930
2830,2930
2806,2930
2832,2930
2942,2930
2831,2930
2801,2931
2804,2931
2812,2931
2921,2931
3815,2931
2806,2931
2808,2931
2815,2932
3815,2932
2942,2932
2814,2921
2806,2921
2808,2921
2922,2921
2929,2921
2707,2921
2942,2921
2928,2921
2807,2921
2939,2921
2921,2922
2942,2922
2921,2923
2919,2923
2942,2923
2814,2924
2921,2924
3815,2924
2929,2924
2942,2924
2921,2925
2924,2925
2929,2925
2917,2925
2942,2925
2814,2926
3815,2926
8003,8481
8480,8481
7602,8481
7107,8481
7903,8481
7907,8481
8307,8481
7413,8481
8459,8481
7504,8481
7508,8481
2608,8481
2606,8481
7603,8481
7615,8481
2601,8481
7203,8481
8413,8481
7614,8481
8007,8481
3906,8481
7207,8482
7209,8482
7214,8482
7215,8482
7217,8482
7218,8482
7219,8482
7220,8482
7221,8482
7222,8482
7223,8482
7225,8482
7226,8482
7227,8482
7228,8482
7229,8482
7306,8482
7224,8482
7326,8482
7505,8482
7601,8482
7604,8482
7206,8482
8460,8482
8479,8482
8455,8482
3403,8482
7325,8482
7208,8482
7211,8482
7210,8482
7315,8482
8473,8482
7203,8482
7502,8482
7504,8482
8108,8482
7508,8482
7403,8482
7407,8482
7506,8482
7501,8482
8458,8482
9033,8482
7503,8482
8463,8482
7606,8482
7216,8482
2849,8482
2604,8482
8102,8482
8607,8482
7616,8482
7204,8483
7206,8483
7207,8483
7208,8483
7209,8483
7210,8483
7211,8483
7213,8483
7214,8483
7215,8483
7216,8483
7217,8483
7218,8483
7219,8483
7220,8483
7221,8483
7222,8483
7224,8483
7225,8483
7226,8483
7227,8483
7228,8483
7229,8483
7304,8483
7306,8483
7326,8483
7407,8483
7505,8483
7604,8483
7212,8483
7325,8483
8462,8483
8456,8483
8457,8483
8458,8483
8459,8483
8460,8483
8461,8483
2710,8483
3403,8483
7205,8483
7223,8483
7307,8483
7318,8483
7320,8483
7601,8483
8482,8483
8455,8483
8463,8483
8479,8483
8708,8483
8714,8483
8454,8483
2849,8483
8207,8483
7201,8483
7502,8483
8431,8483
8473,8483
7503,8483
8108,8483
3907,8483
7203,8483
8102,8483
7403,8483
7405,8483
8105,8483
7506,8483
7606,8483
7616,8483
8484,8483
8101,8483
8477,8483
8466,8483
7419,8483
7409,8483
7507,8483
7305,8483
7602,8483
7404,8483
7907,8483
8113,8483
8487,8483
9033,8483
7603,8483
4010,8483
2601,8483
7406,8483
7412,8483
8412,8483
3902,8483
6813,8483
8505,8483
7504,8483
7107,8484
7218,8484
7219,8484
7220,8484
7224,8484
7326,8484
7409,8484
7506,8484
7606,8484
7804,8484
7905,8484
7601,8484
7901,8484
7907,8484
8001,8484
7607,8484
7616,8484
7504,8484
7903,8484
8113,8484
7406,8484
7410,8484
7403,8484
7419,8484
7502,8484
7508,8484
8108,8484
7223,8484
4001,8484
4002,8484
4003,8484
4005,8484
4006,8484
4007,8484
4008,8484
4016,8484
4017,8484
3902,8484
3904,8484
3909,8484
8007,8484
3910,8484
3911,8484
7405,8484
7407,8484
8477,8484
3901,8484
3926,8484
3908,8484
7801,8484
2524,8484
5603,8484
2601,8485
7201,8485
7202,8485
7203,8485
7204,8485
7205,8485
7206,8485
7207,8485
7218,8485
7224,8485
7325,8485
7326,8485
7406,8485
7504,8485
7603,8485
7903,8485
8102,8485
8108,8485
8112,8485
2606,8485
7405,8485
7601,8485
7602,8485
7604,8485
7605,8485
7608,8485
7616,8485
2614,8485
8101,8485
7502,8485
7503,8485
7505,8485
7506,8485
7507,8485
7508,8485
8207,8485
8457,8485
8419,8485
8479,8485
8209,8485
8463,8485
3810,8485
8311,8485
8466,8485
7223,8485
8468,8485
7403,8485
7404,8485
7407,8485
7411,8485
7415,8485
7419,8485
7229,8485
7217,8485
7228,8485
7606,8485
7901,8485
8480,8485
3907,8485
8482,8485
4005,8485
4008,8485
4016,8485
3908,8485
3910,8485
3917,8485
3926,8485
4006,8485
4017,8485
8448,8485
3403,8485
3925,8485
8473,8485
6903,8485
9033,8485
8483,8485
7215,8485
7219,8485
7220,8485
7222,8485
7225,8485
7304,8485
7409,8485
7610,8485
7210,8485
7318,8485
7307,8485
8484,8485
2804,8486
2849,8486
3910,8486
9031,8486
3818,8486
9030,8486
8419,8486
8514,8486
8541,8486
8543,8486
2506,8486
3801,8486
8456,8486
8103,8486
9032,8486
8112,8486
2810,8486
8479,8486
8542,8486
9013,8486
9001,8486
8534,8486
8504,8486
9002,8486
8535,8486
8536,8486
8544,8486
8501,8486
8503,8486
8533,8486
8532,8486
8431,8486
8473,8486
9033,8486
8546,8486
8466,8486
8487,8486
8538,8486
8482,8486
8547,8486
7601,8486
7409,8486
7616,8486
8505,8486
7325,8486
7506,8486
8209,8486
8485,8486
7403,8486
7408,8486
7404,8486
7405,8486
7407,8486
7410,8486
7419,8486
8502,8486
8540,8486
2606,8487
7224,8487
7403,8487
7405,8487
7407,8487
7502,8487
7601,8487
7602,8487
7603,8487
7604,8487
7605,8487
7606,8487
7608,8487
7609,8487
7610,8487
7614,8487
7616,8487
7901,8487
8003,8487
7204,8487
7404,8487
7409,8487
7411,8487
7412,8487
7413,8487
7415,8487
7419,8487
7503,8487
7902,8487
8108,8487
8111,8487
8112,8487
7201,8487
7205,8487
7206,8487
7207,8487
7218,8487
7219,8487
7220,8487
7221,8487
7222,8487
7223,8487
7225,8487
7228,8487
7229,8487
7304,8487
7306,8487
7307,8487
8454,8487
8209,8487
8455,8487
8457,8487
8458,8487
8459,8487
8461,8487
8462,8487
8463,8487
8480,8487
8485,8487
8456,8487
8479,8487
2601,8487
7203,8487
7214,8487
7216,8487
7217,8487
7303,8487
7325,8487
7326,8487
8460,8487
8465,8487
8482,8487
8483,8487
7501,8487
7504,8487
7505,8487
7506,8487
7507,8487
7508,8487
8468,8487
7215,8487
7226,8487
7227,8487
7406,8487
7213,8487
7904,8487
8102,8487
8207,8487
7208,8487
7209,8487
7905,8487
7210,8487
7212,8487
7903,8487
7907,8487
8104,8487
4005,8487
4008,8487
4016,8487
4017,8487
8484,8487
8419,8487
7211,8487
3403,8487
2614,8487
8101,8487
8311,8487
7308,8487
7318,8487
7312,8487
8420,8487
8448,8487
8466,8487
3925,8487
3926,8487
4010,8487
7301,8487
7305,8487
8307,8487
7315,8487
7320,8487
2849,8487
3810,8487
2611,8487
8430,8487
8473,8487
9033,8487
3907,8487
3920,8487
8113,8487
7413,8501
8544,8501
7225,8501
8505,8501
8482,8501
8545,8501
8503,8501
7403,8501
7404,8501
7407,8501
7408,8501
7409,8501
7410,8501
7411,8501
7419,8501
7505,8501
7229,8501
7326,8501
7904,8501
8483,8501
8533,8501
8532,8501
8534,8501
8546,8501
8547,8501
8543,8501
7222,8501
7223,8501
7224,8501
7604,8501
8479,8501
7502,8501
7601,8501
7605,8501
7616,8501
7901,8501
7405,8501
8541,8501
8536,8501
7506,8501
8538,8501
8535,8501
7402,8501
7219,8501
8542,8501
7606,8501
8504,8501
2716,8501
7221,8501
3801,8501
7801,8501
8112,8501
3910,8501
7905,8501
7227,8501
7207,8501
7216,8501
7217,8501
9033,8501
7325,8501
7320,8501
8507,8501
8405,8501
8506,8501
2603,8501
7406,8501
8408,8502
8409,8502
8501,8502
2709,8502
8507,8502
8511,8502
8482,8502
8483,8502
8503,8502
8419,8502
8535,8502
8536,8502
8544,8502
8431,8502
8473,8502
8538,8502
8543,8502
7413,8502
7408,8502
9032,8502
8504,8502
7224,8502
7225,8502
7214,8502
7215,8502
7306,8502
7604,8502
8534,8502
7305,8502
2716,8502
8407,8502
8405,8502
8540,8502
7403,8502
7409,8502
8546,8502
8479,8502
7407,8502
7229,8502
7219,8502
8401,8502
8404,8502
8406,8502
8410,8502
8411,8502
8547,8502
7405,8502
7411,8502
7419,8502
8541,8502
8532,8502
8506,8502
7325,8502
7326,8502
8533,8502
8542,8502
7402,8502
7404,8502
7410,8502
7505,8502
7206,8502
7208,8502
7209,8502
7220,8502
7606,8502
7601,8502
7605,8502
7616,8502
8454,8502
8545,8502
7403,8503
7408,8503
7409,8503
7413,8503
8544,8503
8546,8503
8547,8503
7206,8503
7217,8503
7219,8503
7220,8503
7221,8503
7222,8503
7225,8503
7226,8503
7229,8503
8505,8503
8482,8503
8483,8503
8535,8503
8536,8503
8532,8503
8501,8503
8504,8503
8543,8503
9033,8503
7506,8503
7601,8503
7602,8503
7604,8503
7605,8503
7606,8503
7608,8503
7905,8503
7404,8503
7405,8503
7407,8503
7410,8503
7411,8503
7419,8503
7505,8503
7224,8503
8545,8503
7223,8503
7325,8503
7326,8503
7502,8503
7901,8503
7904,8503
8534,8503
8541,8503
8502,8503
2716,8503
7402,8503
8544,8504
8546,8504
8534,8504
8536,8504
8547,8504
2805,8504
8532,8504
8545,8504
8541,8504
7403,8504
7408,8504
2846,8504
8537,8504
8538,8504
8543,8504
7413,8504
7225,8504
7226,8504
8535,8504
7409,8504
7410,8504
7209,8504
7219,8504
7605,8504
7206,8504
7208,8504
7210,8504
7211,8504
7212,8504
7218,8504
7220,8504
7222,8504
7224,8504
7606,8504
7505,8504
7601,8504
7402,8504
7404,8504
7405,8504
7407,8504
7411,8504
7412,8504
7419,8504
7905,8504
8505,8504
7229,8504
8533,8504
7223,8504
7325,8504
8003,8504
7221,8504
7604,8504
7608,8504
7616,8504
3910,8504
7506,8504
7804,8504
7602,8504
7216,8504
7502,8504
8542,8504
6814,8504
2603,8504
8311,8504
7207,8504
7213,8504
7215,8504
7227,8504
7326,8504
7406,8504
7904,8504
7203,8504
8501,8504
8503,8504
9033,8504
8506,8504
3818,8504
7801,8504
7802,8504
7217,8504
3105,0307
6305,0307
8609,0307
8902,0308
2501,0308
6305,0308
0301,0309
0302,0309
0303,0309
0304,0309
0305,0309
8902,0309
1603,0309
0306,0309
0307,0309
1605,0309
0308,0309
0102,0401
0104,0401
8434,0401
1214,0401
2716,0401
7309,0401
7310,0401
3923,0401
0106,0401
1701,0402
1702,0402
2940,0402
8434,0402
8438,0402
1703,0402
0905,0402
0405,0403
1701,0403
1702,0403
0809,0403
1803,0403
1805,0403
1806,0403
1302,0403
3923,0403
8434,0403
8421,0403
8438,0403
0401,0403
0402,0403
0404,0403
1801,0403
8419,0403
0905,0403
7309,0403
3507,0403
8210,0403
0401,0404
0402,0404
1702,0404
8434,0404
8438,0404
0401,0405
0402,0405
8434,0405
8438,0405
0404,0405
0406,0405
3507,0406
8434,0406
8418,0406
0401,0406
0402,0406
0404,0406
8421,0406
8438,0406
0405,0406
3501,0406
2501,0406
8436,0407
8433,0407
8701,0709
0601,0709
0602,0709
2834,0709
0701,0709
0708,0709
8609,0709
0701,0710
0709,0710
8418,0710
6305,0710
8438,0710
3102,0710
3104,0710
3105,0710
1209,0710
3101,0710
3103,0710
3808,0710
0703,0710
0704,0710
0705,0710
0706,0710
0707,0710
1404,0710
0714,0710
8438,0711
3101,0711
3102,0711
0709,0711
3104,0711
2832,0711
7310,0711
0707,0711
3923,0711
6305,0711
2814,0711
2811,0711
3808,0711
0702,0711
2005,0711
2501,0711
2834,0711
0701,0711
0703,0711
0704,0711
0706,0711
0708,0711
1404,0711
0713,0711
8413,0711
3101,0712
3102,0712
3103,0712
3104,0712
3105,0712
8438,0712
8432,0712
6305,0712
0713,0712
8437,0712
0706,0712
1404,0712
0714,0712
0708,0713
1209,0713
3101,0713
3102,0713
3103,0713
3104,0713
3105,0713
3808,0713
8432,0713
8437,0713
6305,0713
2834,0713
8432,0714
3101,0714
3102,0714
3103,0714
3104,0714
3105,0714
8701,0714
8438,0714
6305,0714
1108,0714
1209,0714
3103,0801
3101,0801
2801,2915
2806,2915
2903,2915
2812,2915
2808,2915
2904,2915
2902,2916
7310,2916
2918,2916
3815,2916
2942,2916
2812,2916
2801,2916
2806,2916
7309,2916
2806,2917
2808,2917
7310,2917
2918,2917
7309,2917
2812,2917
2801,2917
2904,2917
7010,2918
7310,2918
2915,2918
2942,2918
2812,2918
2917,2918
2801,2918
2806,2918
2903,2918
7309,2918
2809,2919
2835,2919
2813,2919
2942,2919
2808,2920
7201,9301
7202,9301
7204,9301
7205,9301
7206,9301
7207,9301
7208,9301
7209,9301
7210,9301
7211,9301
7214,9301
7215,9301
7216,9301
7218,9301
7219,9301
7222,9301
7224,9301
7225,9301
7226,9301
7227,9301
7228,9301
7229,9301
7304,9301
7306,9301
7601,9301
3601,9301
3602,9301
3603,9301
8454,9301
8455,9301
8456,9301
8457,9301
8461,9301
8462,9301
8463,9301
8479,9301
7305,9301
7326,9301
8307,9301
8412,9301
8482,9301
7320,9301
7217,9301
7308,9301
7318,9301
7325,9301
8542,9301
7403,9301
7419,9301
7502,9301
7901,9301
7223,9301
8101,9301
9306,9301
8458,9301
8460,9301
7404,9301
7405,9301
7408,9301
7409,9301
7411,9301
7413,9301
7213,9301
7221,9301
7301,9301
7604,9301
8207,9301
9303,9301
9305,9301
9307,9301
7507,9301
7608,9301
7312,9301
7407,9301
7410,9301
7605,9301
7505,9301
7606,9301
7610,9301
7616,9301
7904,9301
8102,9301
8468,9301
8515,9301
2601,9301
7314,9301
7506,9301
7804,9301
7905,9301
7212,9301
7220,9301
8485,9301
8534,9301
2611,9301
8103,9301
8108,9301
8112,9301
3810,9301
7603,9301
8501,9301
8480,9301
8311,9301
7315,9301
7203,9301
8110,9301
8111,9301
8113,9301
7503,9301
7802,9301
8001,9301
3604,9301
8532,9301
7107,9301
2606,9301
7602,9301
8507,9301
8526,9301
8503,9301
8505,9301
8487,9301
7412,9301
8209,9301
7801,9301
2603,9301
7406,9301
7106,9301
8002,9301
8003,9301
2614,9301
7902,9301
8105,9301
2834,9301
2504,9301
3801,9301
2716,9301
8502,9301
8506,9301
7504,9301
8411,9301
7106,9302
7201,9302
7205,9302
7206,9302
7207,9302
7208,9302
7211,9302
7214,9302
7215,9302
7216,9302
7218,9302
7219,9302
7220,9302
7221,9302
7222,9302
7224,9302
7225,9302
7226,9302
7227,9302
7228,9302
7229,9302
7304,9302
7306,9302
7325,9302
7326,9302
8455,9302
8457,9302
8462,9302
7320,9302
4007,9302
4017,9302
7606,9302
2611,9302
7108,9302
7110,9302
8002,9302
8101,9302
8105,9302
8108,9302
8113,9302
7403,9302
7404,9302
7405,9302
7407,9302
7408,9302
7409,9302
7410,9302
7419,9302
7203,9302
7217,9302
7504,9302
7804,9302
7903,9302
8301,9302
7318,9302
8458,9302
7223,9302
7604,9302
7305,9302
9305,9302
7209,9302
7210,9302
7213,9302
7505,9302
7502,9302
3810,9302
7411,9302
2604,9302
7501,9302
7503,9302
7506,9302
7107,9302
9304,9302
3601,9302
7801,9302
7901,9302
7212,9302
3601,9303
7201,9303
7205,9303
7206,9303
7207,9303
7214,9303
7215,9303
7216,9303
7218,9303
7222,9303
7224,9303
7228,9303
7304,9303
7326,9303
7403,9303
9305,9303
7320,9303
7407,9303
7217,9303
7419,9303
7203,9303
3603,9303
7801,9303
7804,9303
9304,9303
9306,9303
8457,9303
8458,9303
8462,9303
7204,9303
7208,9303
7209,9303
7213,9303
7219,9303
7220,9303
7221,9303
7223,9303
7225,9303
7226,9303
7227,9303
7229,9303
7306,9303
7318,9303
7212,9303
7409,9303
7604,9303
7606,9303
8455,9303
7211,9303
7325,9303
7502,9303
7901,9303
7404,9303
8108,9303
7411,9303
7210,9303
7305,9303
8460,9303
7616,9303
7202,9303
7405,9303
8209,9303
8485,9303
7315,9303
2607,9303
7505,9303
9302,9303
7408,9303
8101,9303
7504,9303
7903,9303
8105,9303
7204,9304
7205,9304
7206,9304
7207,9304
7208,9304
7209,9304
7210,9304
7211,9304
7212,9304
7213,9304
7214,9304
7215,9304
7216,9304
7217,9304
7218,9304
7219,9304
7220,9304
7221,9304
7222,9304
7223,9304
7224,9304
7225,9304
7226,9304
7227,9304
7228,9304
7229,9304
7304,9304
7306,9304
7318,9304
7325,9304
7326,9304
7403,9304
7502,9304
7320,9304
8462,9304
8457,9304
8458,9304
9305,9304
9302,9304
9303,9304
7201,9304
7202,9304
7203,9304
7315,9304
7409,9304
7506,9304
7419,9304
7407,9304
7505,9304
3601,9304
7107,9304
7405,9304
7504,9304
7804,9304
7903,9304
8108,9304
7202,9305
7205,9305
7206,9305
7207,9305
7214,9305
7215,9305
7216,9305
7217,9305
7218,9305
7219,9305
7220,9305
7221,9305
7222,9305
7223,9305
7224,9305
7225,9305
7226,9305
7227,9305
7228,9305
7229,9305
7304,9305
7306,9305
7325,9305
7326,9305
7405,9305
7407,9305
7502,9305
7601,9305
8455,9305
7320,9305
7318,9305
7415,9305
7616,9305
8462,9305
8457,9305
8461,9305
7403,9305
7606,9305
7408,9305
7801,9305
7903,9305
7419,9305
8108,9305
7505,9305
9302,9305
2601,9305
7203,9305
7504,9305
7804,9305
7503,9305
7213,9305
8101,9305
7208,9305
7209,9305
7211,9305
9303,9305
7212,9305
7315,9305
9304,9305
7409,9305
8482,9305
8110,9305
2614,9305
3601,9305
7404,9305
9301,9305
7603,9305
7904,9305
8458,9305
8485,9305
7210,9305
3601,9306
7802,9306
3603,9306
3602,9306
7801,9306
5601,9306
7804,9306
7224,9306
2607,9306
7326,9306
7806,9306
9301,9306
7218,9306
2824,9306
7205,9306
7603,9306
7903,9306
8110,9306
7206,9306
7403,9306
7601,9306
7901,9306
7406,9306
7409,9306
7419,9306
7907,9306
7207,9306
7214,9306
7219,9306
7220,9306
7221,9306
7222,9306
7223,9306
7225,9306
7226,9306
7227,9306
7228,9306
7229,9306
7304,9306
8108,9306
7213,9306
7215,9306
7306,9306
8101,9306
2601,9306
7211,9306
7217,9306
7208,9306
7504,9306
7203,9306
7320,9306
7106,9307
7204,9307
7206,9307
7207,9307
7214,9307
7215,9307
7216,9307
7217,9307
7218,9307
7219,9307
7220,9307
7221,9307
7222,9307
7223,9307
7224,9307
7225,9307
7226,9307
7227,9307
7228,9307
7229,9307
7304,9307
7306,9307
7326,9307
7601,9307
7904,9307
8003,9307
8455,9307
8457,9307
8462,9307
8456,9307
8458,9307
8460,9307
8463,9307
8468,9307
7318,9307
8205,9307
8454,9307
8480,9307
2601,9307
7201,9307
7202,9307
7203,9307
7205,9307
7208,9307
7209,9307
7210,9307
7211,9307
7212,9307
7213,9307
7312,9307
7315,9307
7320,9307
7325,9307
7604,9307
7409,9307
7419,9307
4107,9307
4113,9307
7901,9307
8001,9307
6804,9307
7606,9307
7403,9307
7404,9307
7405,9307
7408,9307
7905,9307
7503,9307
7602,9307
7802,9307
8002,9307
8101,9307
8108,9307
7407,9307
7107,9307
7109,9307
7502,9307
7217,8459
8487,8459
2716,8459
2849,8459
7616,8459
7502,8459
6804,8459
8458,8459
8112,8459
8113,8459
6805,8459
8482,8460
8207,8460
8208,8460
8209,8460
8457,8460
8461,8460
8463,8460
8466,8460
8473,8460
8479,8460
7206,8460
7207,8460
7208,8460
7211,8460
7219,8460
7224,8460
6804,8460
6805,8460
7325,8460
7326,8460
8113,8460
9033,8460
9032,8460
7210,8460
2513,8460
8102,8460
2716,8460
8487,8460
8101,8460
8112,8460
2849,8460
2818,8460
3405,8460
7105,8460
2519,8460
8501,8461
8466,8461
7226,8461
7227,8461
7228,8461
8457,8461
2849,8461
8113,8461
8207,8461
8208,8461
8209,8461
8482,8461
7325,8461
8473,8461
8479,8461
7206,8461
7207,8461
7215,8461
7218,8461
7221,8461
7222,8461
7224,8461
7225,8461
8102,8461
8101,8461
7208,8461
7211,8461
7219,8461
7220,8461
7326,8461
7223,8461
7306,8461
6804,8461
7616,8461
7419,8461
8460,8461
7209,8461
7216,8461
7407,8461
8108,8461
7409,8461
9033,8461
7403,8461
7502,8461
6805,8461
2513,8461
8112,8461
7505,8461
7506,8461
7404,8461
7503,8461
8105,8461
7210,8461
7212,8461
7405,8461
7206,8462
7207,8462
7209,8462
7211,8462
7215,8462
7216,8462
7217,8462
7218,8462
7219,8462
7220,8462
7221,8462
7222,8462
7224,8462
7225,8462
7226,8462
7228,8462
7229,8462
7305,8462
7306,8462
7326,8462
8501,8462
8482,8462
8483,8462
8207,8462
8208,8462
8466,8462
8473,8462
8479,8462
8209,8462
7205,8462
7320,8462
7325,8462
7419,8462
7502,8462
7601,8462
7223,8462
7203,8462
9033,8462
7505,8462
8311,8462
7315,8462
8487,8462
7604,8462
7407,8462
7409,8462
7404,8462
7503,8462
8111,8462
8112,8462
7403,8462
7616,8462
8102,8462
2849,8462
8101,8462
8113,8462
8458,8462
7606,8462
7405,8462
7608,8462
7206,8463
7207,8463
7208,8463
7209,8463
7214,8463
7215,8463
7217,8463
7218,8463
7219,8463
7222,8463
7225,8463
7226,8463
7227,8463
7228,8463
7229,8463
7326,8463
8482,8463
8457,8463
8462,8463
8466,8463
7212,8463
7220,8463
8207,8463
8209,8463
8473,8463
8479,8463
7224,8463
7306,8463
7325,8463
2849,8463
8113,8463
7604,8463
7223,8463
7403,8463
8101,8463
8112,8463
2611,8463
8102,8463
8480,8463
7419,8463
7502,8463
7315,8463
8108,8463
8514,8463
9033,8463
7505,8463
2716,8463
7407,8463
7503,8463
8501,8464
8208,8464
8482,8464
2849,8464
6804,8464
8209,8464
8207,8464
8466,8464
8473,8464
8479,8464
9033,8464
7326,8464
6815,8464
6903,8464
6909,8464
8113,8464
6805,8464
2513,8464
2524,8464
6811,8464
8474,8464
8480,8464
2716,8464
8487,8464
8207,8465
8208,8465
8466,8465
8482,8465
8209,8465
7326,8465
7215,8465
7218,8465
7224,8465
7226,8465
8473,8465
8477,8465
8479,8465
9033,8465
4017,8465
4417,8465
7206,8465
7219,8465
7223,8465
8487,8465
3926,8465
7616,8465
7229,8465
3925,8465
2849,8465
8113,8465
2513,8465
6805,8465
1501,1522
1502,1522
1504,1522
1506,1522
1511,1522
1512,1522
1513,1522
1514,1522
1518,1522
3803,1522
1207,1522
2815,1522
1204,1522
1205,1522
0103,1601
0201,1601
0202,1601
0203,1601
0204,1601
0205,1601
0206,1601
0207,1601
0208,1601
0209,1601
0210,1601
1501,1601
1602,1601
4103,1601
0102,1601
0105,1601
0504,1601
2301,1601
0904,1601
0907,1601
0909,1601
2501,1601
8438,1601
3002,1601
0106,1601
0410,1601
2832,1601
8210,1601
3923,1601
0104,1601
2834,1601
1502,1601
1503,1601
1506,1601
1516,1601
8208,1601
1109,1601
0511,1601
0906,1601
2103,1601
2106,1601
0201,1602
0202,1602
0203,1602
0204,1602
0205,1602
0206,1602
0207,1602
0208,1602
0210,1602
0209,1602
0105,1602
0504,1602
0106,1602
0410,1602
1601,1602
1506,1602
0102,1602
0103,1602
1501,1602
7310,1602
0104,1602
1603,1602
8208,1602
1502,1602
2501,1602
1516,1602
1503,1602
0511,1602
2301,1602
0201,1603
0208,1603
0301,1603
0302,1603
0303,1603
0304,1603
0306,1603
0307,1603
1604,1603
0308,1603
0309,1603
1605,1603
0410,1603
1602,1603
8902,1603
0511,1603
0302,1604
0303,1604
0304,1604
0305,1604
2501,1604
1504,1604
8438,1604
8902,1604
0301,1604
1603,1604
0306,1605
8902,1605
8438,1605
1603,1605
6305,1605
2832,1605
7010,1605
2106,1605
0307,1605
8210,1605
2501,1605
1212,1701
8438,1701
6305,1701
8438,1702
1108,1702
1212,1702
1701,1702
1703,1702
1212,1703
1212,1704
1701,1704
1702,1704
1703,1704
2940,1704
8438,1704
1302,1704
3205,1704
2202,1704
0402,1704
1108,1704
2006,1704
2008,1704
0905,1704
3101,1801
3102,1801
3104,1801
3105,1801
6305,1801
8438,1801
1801,1803
1802,1803
1804,1803
8438,1803
6305,1803
0802,0813
0805,0814
0807,0814
2832,0814
3102,0901
3103,0901
3104,0901
8438,0901
6305,0901
6305,0902
3102,0902
3104,0902
3105,0902
8438,0902
7310,0902
3103,0902
3808,0902
3302,0902
8438,0903
8476,0903
3104,0904
6305,0908
8437,0909
6305,0909
8438,0910
6305,0910
1209,1001
3101,1001
3102,1001
3103,1001
3104,1001
3105,1001
3808,1001
8437,1001
6305,1001
3101,1002
3102,1002
3103,1002
3104,1002
3105,1002
1209,1002
8432,1002
8437,1002
6305,1002
3808,1002
3101,1003
3102,1003
3103,1003
3104,1003
3105,1003
3808,1003
8432,1003
8433,1003
8437,1003
1209,1003
6305,1003
2834,1003
3101,1004
3102,1004
3103,1004
3104,1004
3105,1004
1209,1004
3808,1004
8432,1004
8433,1004
8437,1004
6305,1004
3101,1005
3102,1005
3103,1005
3104,1005
3105,1005
3808,1005
8432,1005
8437,1005
6305,1005
1209,1005
3102,1006
3103,1006
3104,1006
3105,1006
8432,1006
8433,1006
8437,1006
6305,1006
1209,1006
3101,1006
2834,1006
3808,1006
8438,1006
1209,1007
3101,1007
3102,1007
3103,1007
3104,1007
3105,1007
3808,1007
8432,1007
8433,1007
8437,1007
6305,1007
3101,1008
3102,1008
3103,1008
3104,1008
3105,1008
8437,1008
1209,1008
2932,3204
3809,3204
2908,3204
2823,3204
2929,3204
2901,3204
3204,3205
3206,3205
2819,3205
2823,3205
2821,3205
3203,3205
3809,3205
3208,3205
1301,3205
2921,3205
2614,3206
2823,3206
3204,3206
3212,3206
2811,3206
2610,3206
2819,3206
8112,3206
2841,3206
2821,3206
2817,3206
7903,3206
2511,3206
2825,3206
2525,3206
2808,3206
2813,3206
3203,3206
3205,3206
2921,3206
2822,3206
2902,3206
3906,3206
2927,3206
2824,3206
2827,3206
2507,3206
2707,3206
3815,3206
2803,3206
2816,3206
2805,3206
2846,3206
2820,3206
2804,3206
2823,3207
3204,3207
3206,3207
2821,3207
2608,3207
2817,3207
7903,3207
2504,3207
2803,3207
3802,3207
2818,3207
2826,3207
2827,3207
2833,3207
7603,3207
2511,3207
2811,3207
2839,3207
2526,3207
2507,3207
2508,3207
3212,3207
2819,3207
8110,3207
2822,3207
3203,3207
2820,3207
2824,3207
2841,3207
7907,3207
2610,3207
8474,3207
3211,3207
2927,3207
7406,3207
7504,3207
3205,3207
2525,3207
2917,3207
2505,3207
2506,3207
2512,3207
3909,3207
2907,3207
2916,3207
3906,3207
3910,3207
7801,3207
7802,3207
7806,3207
2816,3207
6814,3207
2529,3207
2518,3207
6815,3207
2528,3207
2810,3207
2840,3207
8417,3207
8514,3207
2805,3207
2815,3207
2830,3207
2519,3207
2846,3207
2931,3207
2842,3207
2510,3207
8424,3207
2530,3207
2522,3207
2806,3207
2812,3207
7001,3207
8475,3207
7002,3207
7003,3207
7020,3207
2942,3207
3404,3207
2914,3207
2618,3207
8464,3207
8419,3207
2849,3207
2835,3207
3905,3208
3907,3208
3909,3208
3910,3208
3911,3208
2707,3208
2902,3208
2903,3208
2904,3208
2905,3208
2906,3208
2909,3208
2942,3208
3814,3208
2823,3208
3204,3208
3206,3208
3212,3208
7310,3208
7612,3208
3805,3208
2917,3208
3211,3208
2907,3208
8424,3208
2916,3208
3205,3208
2839,3208
3901,3208
3903,3208
3904,3208
3906,3208
3210,3208
2821,3208
2511,3208
3902,3208
3912,3208
3913,3208
3806,3208
3213,3208
3908,3208
2817,3208
7903,3208
2910,3208
2915,3208
2819,3208
2822,3208
2803,3208
2901,3208
2912,3208
3404,3208
2916,3209
3904,3209
3905,3209
3906,3209
3910,3209
2905,3209
2915,3209
3814,3209
3912,3209
3204,3209
3206,3209
3214,3209
3806,3209
3210,3209
2914,3209
2903,3209
2942,3209
7310,3209
8424,3209
3213,3209
2823,3209
3907,3209
3909,3209
3911,3209
7603,3209
7903,3209
3902,3209
3903,3209
3913,3209
2817,3209
2821,3209
2917,3209
2819,3209
2820,3209
2511,3209
2507,3209
3404,3209
3211,3209
2823,3210
3204,3210
3206,3210
3212,3210
2819,3210
2821,3210
2822,3210
3905,3210
3906,3210
2901,3210
2707,3210
2709,3210
2905,3210
2909,3210
3301,3210
3803,3210
3805,3210
3806,3210
3907,3210
3909,3210
3910,3210
3911,3210
2910,3210
2907,3210
8424,3210
2614,3210
2916,3210
3209,3210
2917,3210
2820,3210
3912,3210
3211,3210
3203,3210
3214,3210
3903,3210
3913,3210
2207,3210
2713,3210
3205,3210
2817,3210
7903,3210
2511,3210
2833,3210
2507,3210
2915,3210
2902,3210
2904,3210
2942,3210
3213,3210
2914,3210
2903,3210
7310,3210
2803,3210
3801,3210
3802,3210
7603,3210
2608,3210
2824,3210
1301,3210
2811,3210
2815,3210
2839,3210
2840,3210
2841,3210
2822,3211
2841,3211
2817,3211
7903,3211
2824,3211
2931,3211
3805,3211
1301,3211
2915,3211
2916,3211
2917,3211
2918,3211
3301,3211
3803,3211
3806,3211
3807,3211
3823,3211
3911,3211
8438,3211
8419,3211
2926,3211
2901,3211
2902,3211
2912,3211
3208,3211
7806,3211
3815,3211
2810,3211
2905,3211
2904,3211
2913,3211
2942,3211
3210,3211
2819,3211
2821,3211
2825,3211
2528,3211
7907,3211
2930,3211
1514,3211
2709,3211
2707,3211
2614,3212
2823,3212
3206,3212
2821,3212
2822,3212
7106,3212
7603,3212
2817,3212
7903,3212
2610,3212
2819,3212
3203,3212
3204,3212
2803,3212
2824,3212
7804,3212
2511,3212
2818,3212
2525,3212
8110,3212
8105,3212
2507,3212
7406,3212
7504,3212
2607,3212
3205,3212
2820,3212
7802,3212
6814,3212
8108,3212
2927,3212
2907,3212
2808,3212
3213,3212
3203,3213
3204,3213
3206,3213
3212,3213
7603,3213
7903,3213
3208,3213
3211,3213
3905,3213
3906,3213
3806,3213
3911,3213
1301,3213
3805,3213
3301,3213
2821,3213
2823,3213
3912,3213
2511,3213
2504,3213
2819,3213
2822,3213
2902,3213
2917,3213
2942,3213
2907,3213
3205,3213
2927,3213
2823,3214
3206,3214
2915,3214
2916,3214
2917,3214
3208,3214
3209,3214
3901,3214
3905,3214
3906,3214
3907,3214
3909,3214
2819,3214
2821,3214
3204,3214
3212,3214
2512,3214
2839,3214
2507,3214
2508,3214
2905,3214
2712,3214
3404,3214
2511,3214
2817,3214
7903,3214
3902,3214
3903,3214
3910,3214
3911,3214
3915,3214
4001,3214
4016,3214
3904,3214
3926,3214
3913,3214
2713,3214
2901,3214
2902,3214
2904,3214
3301,3214
3805,3214
3806,3214
3807,3214
2509,3214
2815,3214
2505,3214
3912,3214
1521,3214
1301,3214
3803,3214
2942,3214
3211,3214
2520,3214
6809,3214
2707,3214
2525,3214
3506,3214
2910,3214
2926,3214
8424,3214
3505,3214
8477,3214
3817,3214
3925,3214
2706,3214
2714,3214
2715,3214
6807,3214
2803,3215
3204,3215
3206,3215
3909,3215
3802,3215
1521,3215
2712,3215
3404,3215
1520,3215
2905,3215
8443,3215
2916,3215
3905,3215
3906,3215
2917,3215
3806,3215
3911,3215
2707,3215
2709,3215
2710,3215
2713,3215
2901,3215
2902,3215
2904,3215
2909,3215
3803,3215
3805,3215
3211,3215
3203,3215
2942,3215
3903,3215
3910,3215
3913,3215
3912,3215
3801,3215
2914,3215
2915,3215
2906,3215
2823,3215
1301,3215
3301,3215
3807,3215
3901,3215
7603,3215
3208,3215
2907,3215
2843,3215
3815,3215
2926,3215
3205,3215
2821,3215
7310,3215
3817,3215
0805,3301
7310,3301
3805,3301
8421,3301
8413,3301
1211,3301
0907,3301
0908,3301
0909,3301
1301,3301
1207,3301
1404,3301
0906,3301
3301,3302
2207,3302
2905,3302
0906,3302
0907,3302
0909,3302
0910,3302
1701,3302
1702,3302
1520,3302
2918,3302
2209,3302
2915,3302
2008,3302
3805,3302
0905,3302
0908,3302
2912,3302
2906,3302
2913,3302
2914,3302
2208,3302
1301,3302
0901,3302
2101,3302
3806,3302
2940,3302
0904,3302
1302,3302
1703,3302
2916,3302
2901,3302
2902,3302
2904,3302
2909,3302
2942,3302
2907,3302
2908,3302
2911,3302
2922,3302
2932,3302
2919,3302
3303,3302
2711,3302
3817,3302
1521,3302
1211,3302
3301,3303
3302,3303
2207,3303
2905,3303
2906,3303
7010,3303
8309,3303
8424,3303
3805,3303
1301,3303
3806,3303
3307,3303
2912,3303
1211,3303
2909,3303
2901,3303
2902,3303
2942,3303
2907,3303
3203,3303
3205,3303
2911,3303
2913,3303
2914,3303
2915,3303
2916,3303
2918,3303
2922,3303
1520,3303
1521,3303
2712,3303
3404,3303
3201,3303
3204,3304
3206,3304
1502,3304
1505,3304
1521,3304
2712,3304
3404,3304
3301,3304
3307,3304
3805,3304
1520,3304
2901,3304
2902,3304
2905,3304
2906,3304
2907,3304
2909,3304
2912,3304
2914,3304
2915,3304
2916,3304
2917,3304
2918,3304
2922,3304
2932,3304
1504,3304
1507,3304
1508,3304
1509,3304
1510,3304
1511,3304
1512,3304
1513,3304
1514,3304
1515,3304
1516,3304
1518,3304
2710,3304
3803,3304
3202,3304
2526,3304
3910,3304
2507,3304
2823,3304
1506,3304
3203,3304
3205,3304
2525,3304
1301,3304
1302,3304
3806,3304
2923,3304
3401,3304
3402,3304
1211,3304
3912,3304
6814,3304
2207,3304
3913,3304
2821,3304
7603,3304
7903,3304
2936,3304
2819,3304
1503,3304
3911,3304
3902,3304
8424,3304
3212,3304
2817,3304
3903,3304
3905,3304
3906,3304
0502,3304
2818,3304
2810,3304
3817,3304
3303,3304
7108,3304
7010,3304
2833,3304
2913,3304
2926,3304
2942,3304
3305,3304
1108,3304
2802,3304
3926,3304
2847,3304
2908,3304
2707,3304
2940,3304
2843,3304
2923,3305
3402,3305
3203,3305
3204,3305
3206,3305
2936,3305
3205,3305
3910,3305
2833,3305
3301,3305
1520,3305
2905,3305
2921,3305
2922,3305
3803,3305
2907,3305
2847,3305
3912,3305
2930,3305
1521,3305
2712,3305
3404,3305
3903,3305
3905,3305
3906,3305
2942,3305
3913,3305
1511,3305
1515,3305
2939,3305
1508,3305
1513,3305
2908,3305
1520,3306
2817,3306
3912,3306
2923,3306
5402,3306
5509,3306
1521,3306
5404,3306
5308,3306
5405,3306
5406,3306
5511,3306
5604,3306
5605,3306
5606,3306
5609,3306
3913,3306
2915,3307
3304,3307
3912,3307
1511,3307
1513,3307
1515,3307
1518,3307
1521,3307
2712,3307
3404,3307
2912,3307
2916,3307
2922,3307
2918,3307
3802,3307
3906,3307
2526,3307
3910,3307
1211,3307
2707,3307
3911,3307
0510,3307
1001,1101
1103,1101
1104,1101
2302,1101
6804,1101
8437,1101
8438,1101
6305,1101
1209,1101
1005,1102
1103,1102
1104,1102
2302,1102
6804,1102
8437,1102
8438,1102
6305,1102
3101,1102
3102,1102
3103,1102
3104,1102
3105,1102
1002,1102
1003,1102
1006,1102
1008,1102
1004,1102
1007,1102
1001,1103
1101,1103
1104,1103
1108,1103
6804,1103
8437,1103
8438,1103
6305,1103
2302,1103
1005,1103
1102,1103
1002,1103
1003,1103
1004,1103
1006,1103
1007,1103
1008,1103
8474,1103
1213,1103
1209,1103
3101,1103
3102,1103
3103,1103
3104,1103
3105,1103
1004,1104
1103,1104
8437,1104
2302,1104
6804,1104
8420,1104
8438,1104
8479,1104
1008,1104
1001,1104
1002,1104
1003,1104
1005,1104
1006,1104
1007,1104
6305,1104
3101,1104
3102,1104
3105,1104
8432,1104
3103,1104
3104,1104
8419,1104
1209,1104
8701,1104
3808,1104
2834,1104
0701,1105
0714,1105
1108,1105
8438,1105
6305,1105
1404,1105
0708,1106
0713,1106
6804,1106
8437,1106
8438,1106
6305,1106
1202,1106
0714,1106
1102,1106
1003,1107
8437,1107
1104,1107
1001,1107
1002,1107
1004,1107
1210,1107
1103,1107
8437,1108
1104,1108
1005,1108
8438,1108
0701,1108
0714,1108
1105,1108
1007,1108
1002,1108
1003,1108
1006,1108
1201,1108
1212,1108
0601,1108
1001,1109
1101,1109
8437,1109
3102,1201
3103,1201
3104,1201
8437,1201
8437,1202
6305,1202
1207,1202
0801,1203
1513,1203
6305,1203
3101,1203
3102,1203
3104,1203
3105,1203
1207,1204
3104,1205
8437,1205
1207,1205
8437,1206
1207,1206
1204,1207
1205,1207
1206,1207
1202,1207
7225,8465
7320,8465
7207,8466
7208,8466
7209,8466
7213,8466
7214,8466
7215,8466
7217,8466
7218,8466
7219,8466
7220,8466
7221,8466
7222,8466
7223,8466
7224,8466
7225,8466
7226,8466
7227,8466
7228,8466
7229,8466
7407,8466
7601,8466
7602,8466
7604,8466
7606,8466
7616,8466
7216,8466
7306,8466
7326,8466
8207,8466
8208,8466
8209,8466
8456,8466
8457,8466
8458,8466
8459,8466
8460,8466
8461,8466
8462,8466
8463,8466
8465,8466
8479,8466
8482,8466
7318,8466
7320,8466
7206,8466
7210,8466
7212,8466
2849,8466
8101,8466
8113,8466
7325,8466
7403,8466
7419,8466
7211,8466
8108,8466
8485,8466
8204,8466
8487,8466
9033,8466
3907,8466
8419,8466
8515,8466
7406,8466
7505,8466
7506,8466
8412,8467
8414,8467
8482,8467
7218,8467
7222,8467
7223,8467
7224,8467
7227,8467
7228,8467
7229,8467
7214,8467
7220,8467
7225,8467
8209,8467
7206,8467
7213,8467
7217,8467
7219,8467
7221,8467
7325,8467
7326,8467
7407,8467
7601,8467
6805,8467
2611,8467
8101,8467
8501,8467
8503,8467
8207,8467
7403,8467
7207,8467
7404,8467
7405,8467
7419,8467
7211,8467
7604,8467
7208,8467
7502,8467
8108,8467
8113,8467
7212,8467
7403,8468
7404,8468
7405,8468
7407,8468
7411,8468
7412,8468
7608,8468
7222,8468
7505,8468
7604,8468
7904,8468
8003,8468
7601,8468
7602,8468
7616,8468
7311,8468
7613,8468
8467,8468
3810,8468
7223,8468
8311,8468
7213,8468
7214,8468
7215,8468
7218,8468
7221,8468
7224,8468
7225,8468
7227,8468
7229,8468
7326,8468
2705,8468
2711,8468
8515,8468
7306,8468
8307,8468
7219,8468
7220,8468
7409,8468
8479,8468
9032,8468
8514,8468
8538,8468
8419,8468
7408,8468
7226,8468
7905,8468
7206,8468
7207,8468
7216,8468
7413,8468
7419,8468
7605,8468
7901,8468
8001,8468
8501,8468
8101,8468
2804,8468
8405,8468
7217,8468
7606,8468
7325,8468
7208,8468
7209,8468
7210,8468
7211,8468
7212,8468
7508,8468
8102,8468
8466,8468
3606,8468
2603,8468
7402,8468
7406,8468
7502,8468
7801,8468
7603,8468
8503,8468
7305,8468
8546,8468
7202,8468
7802,8468
7506,8468
7804,8468
7308,8468
8431,8468
8534,8468
8473,8468
8543,8468
8502,8468
8504,8468
2849,8468
2611,8468
8103,8468
8108,8468
8112,8468
8002,8468
7107,8468
7504,8468
7903,8468
8105,8468
2843,8468
7503,8468
7902,8468
8104,8468
8110,8468
8534,8470
8541,8470
8542,8470
8507,8470
8506,8470
8473,8470
8544,8470
8543,8470
8533,8470
8532,8470
8504,8470
8471,8470
3818,8470
8523,8470
8538,8470
8501,8470
8503,8470
3926,8470
9033,8470
8479,8470
8482,8470
8547,8470
7408,8470
8542,8471
8534,8471
8506,8471
8541,8471
8536,8471
8523,8471
8473,8471
8479,8471
8486,8471
8544,8471
8504,8471
8532,8471
9001,8471
8501,8471
8533,8471
8543,8471
8549,8471
8538,8471
9031,8471
7408,8471
8503,8471
7403,8471
9033,8471
8466,8471
3818,8471
4802,8472
4809,8472
4816,8472
8503,8472
8482,8472
8538,8472
3506,8472
0101,0206
0105,0207
8436,0207
8418,0207
3102,0207
0410,0207
1214,0207
8208,0207
8211,0207
3103,0207
6305,0207
0910,0207
1003,0207
0106,0208
8418,0208
8436,0208
8208,0208
8211,0208
0410,0208
0102,0208
0103,0208
0104,0208
0203,0208
0204,0208
0105,0208
3923,0208
0511,0208
2941,0208
0201,0208
0202,0208
0206,0208
3102,0208
3103,0208
0101,0208
1214,0208
1003,0208
2501,0208
0209,0208
0103,0209
0203,0209
1506,0209
0103,0210
0203,0210
0206,0210
2501,0210
8418,0210
8438,0210
8208,0210
0208,0210
1602,0210
0504,0210
0209,0210
1501,0210
6305,0210
1502,0210
1506,0210
3211,0210
0102,0210
0201,0210
0106,0210
2301,0210
0410,0210
0511,0210
0204,0210
0207,0210
0104,0210
0105,0210
3507,0210
3102,0210
2601,8906
7201,8906
7203,8906
7205,8906
7303,8906
7305,8906
7307,8906
7308,8906
7312,8906
7315,8906
7320,8906
7601,8906
7604,8906
8001,8906
9104,8906
7413,8906
7614,8906
7616,8906
2606,8906
7407,8906
7505,8906
7602,8906
7605,8906
7608,8906
7609,8906
7610,8906
7005,8906
7506,8906
7316,8906
8425,8906
8484,8906
7603,8906
5607,8906
7403,8906
7408,8906
7411,8906
7507,8906
3917,8906
3925,8906
3926,8906
8907,8906
7419,8906
7502,8906
8108,8906
4403,8906
3907,8906
3909,8907
4001,8907
4002,8907
4003,8907
4004,8907
4005,8907
4006,8907
4007,8907
4008,8907
4009,8907
4016,8907
5407,8907
5512,8907
5515,8907
5603,8907
5604,8907
5902,8907
5903,8907
5906,8907
5907,8907
5911,8907
6306,8907
3917,8907
3921,8907
3925,8907
3926,8907
4011,8907
4013,8907
5402,8907
5405,8907
5607,8907
5608,8907
5609,8907
3506,8907
3916,8907
3920,8907
3906,8907
3902,8907
3907,8907
3901,8907
3903,8907
3812,8907
3904,8907
3905,8907
5909,8907
8477,8907
8484,8907
7204,8907
7205,8907
7206,8907
7207,8907
7208,8907
7216,8907
7217,8907
7218,8907
7219,8907
7220,8907
7222,8907
7223,8907
7224,8907
7225,8907
7226,8907
7228,8907
7229,8907
7301,8907
7303,8907
7304,8907
7306,8907
7307,8907
7308,8907
7314,8907
7315,8907
7316,8907
7318,8907
7320,8907
7325,8907
7326,8907
7610,8907
7606,8907
8307,8907
7616,8907
3208,8907
3209,8907
7019,8907
7407,8907
7601,8907
7602,8907
7604,8907
7605,8907
7608,8907
7609,8907
7904,8907
8003,8907
4418,8907
6810,8907
7209,8907
7211,8907
7213,8907
7214,8907
7215,8907
7221,8907
7227,8907
7312,8907
7305,8907
8413,8907
7007,8907
4403,8907
4407,8907
4408,8907
4409,8907
4412,8907
4413,8907
7412,8907
7507,8907
7210,8907
7212,8907
7409,8907
7905,8907
2523,8907
3816,8907
8412,8907
7411,8907
8479,8907
8425,8907
7614,8907
7003,8907
7005,8907
8481,8907
4410,8907
4411,8907
6808,8907
4416,8907
7204,8908
7206,8908
7207,8908
7208,8908
7210,8908
7211,8908
7215,8908
7216,8908
7218,8908
7219,8908
7220,8908
7225,8908
7304,8908
7301,8908
7305,8908
7306,8908
7308,8908
7316,8908
7325,8908
7326,8908
7315,8908
7602,8908
7312,8908
8905,8908
8907,8908
7404,8908
7503,8908
7802,8908
7902,8908
8002,8908
7002,9001
8536,9001
2506,9001
5502,9001
3906,9001
7020,9001
3910,9001
7009,9001
7004,9002
7005,9002
9001,9002
7006,9002
3907,9002
7002,9002
7003,9002
7020,9002
3903,9002
3906,9002
3910,9002
3926,9002
9003,9002
9005,9002
9004,9002
2506,9002
9033,9002
7009,9002
3902,9003
3903,9003
3904,9003
3906,9003
3907,9003
3909,9003
3912,9003
3920,9003
3901,9003
3905,9003
8477,9003
3908,9003
3910,9003
3915,9003
3921,9003
3919,9003
3926,9003
3916,9003
9001,9003
9004,9003
3925,9003
7209,9003
7211,9003
7212,9003
7217,9003
7218,9003
7219,9003
7220,9003
7222,9003
7326,9003
7606,9003
7905,9003
7616,9003
7409,9003
7506,9003
7601,9003
7602,9003
7603,9003
7604,9003
7605,9003
7608,9003
7221,9003
7229,9003
7106,9003
7107,9003
7403,9003
7411,9003
7502,9003
7504,9003
7505,9003
7508,9003
7407,9003
8003,9003
7109,9003
8108,9003
7405,9003
7419,9003
2614,9003
2823,9003
7005,9003
9002,9003
7223,9003
7015,9003
7002,9003
7320,9003
7115,9003
4002,9003
4005,9003
4007,9003
4008,9003
4016,9003
7003,9003
7406,9003
4017,9003
7004,9003
7007,9003
7020,9003
7019,9003
7404,9003
7503,9003
5604,9003
7111,9003
7015,9004
9001,9004
9003,9004
7001,9004
7002,9004
7003,9004
7004,9004
7005,9004
7020,9004
3919,9004
3920,9004
3901,9004
3903,9004
3906,9004
4017,9004
7007,9004
5903,9004
7019,9004
3926,9004
8108,9004
7006,9004
3909,9004
3908,9004
5501,9004
9002,9004
7009,9004
3925,9004
4008,9004
4016,9004
9018,9004
4007,9004
7002,9005
7003,9005
7005,9005
7009,9005
7015,9005
9001,9005
9002,9005
3920,9005
7106,9005
7601,9005
7606,9005
7616,9005
7006,9005
3926,9005
9013,9005
8534,9005
9003,9005
7007,9005
7008,9005
7004,9005
3906,9005
7001,9005
7020,9005
3907,9005
7019,9005
9033,9005
7403,9005
7419,9005
9001,9006
9002,9006
8542,9006
8506,9006
8534,9006
9013,9006
3920,9006
8541,9006
7002,9006
3701,9006
3702,9006
3705,9006
3707,9006
8532,9006
7020,9006
3926,9006
3910,9006
7004,9006
8475,9006
9033,9006
2716,9006
9001,9007
9002,9007
9010,9007
8542,9007
3701,9007
3702,9007
3707,9007
8534,9007
9013,9007
8523,9007
8541,9007
8543,9007
9033,9007
8532,9007
8521,9007
8522,9007
8539,9007
8501,9007
8540,9007
8518,9007
8479,9007
8538,9007
8473,9007
9031,9007
2716,9007
9001,9008
9002,9008
8543,9008
8528,9008
8539,9008
8534,9008
7616,9008
3926,9008
9013,9008
8542,9008
8538,9008
9010,9008
8540,9008
8541,9008
7002,9008
7003,9008
7004,9008
7005,9008
7006,9008
7020,9008
7009,9008
9006,9008
8475,9008
8536,9008
7001,9008
9033,9008
3701,9008
3702,9008
3704,9008
3705,9008
3707,9008
3920,9008
8532,9008
9007,9008
3706,9008
8479,9008
3704,9010
3705,9010
3703,9010
9006,9010
9001,9010
9002,9010
9007,9010
9031,9010
3926,9010
9033,9010
9008,9010
8541,9010
7020,9010
7004,9010
8534,9010
9002,9011
7006,9011
7020,9011
9001,9011
9013,9011
7004,9011
8482,9011
9032,9011
8534,9011
9033,9011
8473,8480
8473,8415
8474,7211
8474,7214
8477,6004
8479,8901
8479,8537
8479,8534
8481,7309
8481,7310
8540,8542
8540,8531
8540,8538
8540,8504
8540,8535
8540,8534
8541,8534
8542,8701
8542,8603
8542,8534
8545,8419
8545,8538
8545,8486
8545,8703
8545,8601
8545,8509
8545,8535
8545,8531
8545,8513
8545,2716
8545,8537
8545,8542
7201,8608
7202,8543
7202,8704
7202,8603
7202,8710
7202,8706
7202,8701
7202,8901
7202,8602
7202,8483
7203,8608
7203,8402
7203,8603
7203,8605
7203,8704
7203,8706
7203,8907
7203,8429
7203,8502
7203,8714
7203,8459
7203,8461
7203,8463
7208,8802
7208,7227
7208,8806
6109,6209
4101,8453
4101,3202
4102,6117
4102,6209
4102,6102
4102,6201
4102,6203
4103,8453
4103,9202
4104,8453
4105,6217
4105,8453
4105,6209
4106,9202
4106,8308
4107,9202
4107,6504
4112,9202
4113,9202
4113,6504
4114,8453
4114,8707
4114,6504
4115,6504
4202,4205
4403,4810
4403,4811
4403,4821
4403,4807
4403,8465
4405,8439
4407,4807
4407,8707
0803,0810
0804,0810
0805,2936
0805,2202
0805,0810
0805,3302
0805,3307
0805,3304
0805,3303
0806,2207
0806,0810
0807,0810
0808,0810
0809,0810
0809,2207
0809,2106
0810,0807
0811,2206
2515,6904
2515,6810
2515,8464
2515,6809
2516,8464
2517,8606
2517,6801
2517,6807
2518,6912
2518,6906
2518,6809
2518,8113
2519,3813
2519,8113
2519,6804
2519,8454
2520,6913
2520,6903
2522,6907
2522,6903
2522,6906
2522,6914
2524,8546
2524,6810
2524,8547
2525,3210
2525,6903
2525,3208
2525,3209
2525,6902
2525,6912
2525,7003
2525,7006
2525,7016
2525,7020
2526,6904
2526,6903
2526,8546
2526,8547
2526,6912
2526,3816
2526,4807
2526,3210
2526,4005
2526,3403
2526,3006
2526,3405
2528,7001
2528,7006
2528,7016
2528,6903
2528,6904
2528,6905
2528,6907
2528,6914
2528,3816
2528,3824
2528,3210
2528,3405
2528,7008
2528,6906
2528,6910
2528,3813
2528,8532
2529,8480
2529,6810
2529,7009
2529,6804
2529,3210
2529,3208
2529,3209
2529,2516
2529,2839
2530,6811
2530,6909
2530,6912
2530,6914
2530,3210
2530,3214
2530,7004
2530,7005
2530,7006
2530,2522
2530,6901
2530,6903
2530,6807
2530,2525
2530,2526
2530,6801
2530,2518
2530,2517
2530,6802
2530,2529
2530,2839
2530,7008
2530,7002
2530,7009
2530,7011
2530,7020
2530,7016
2530,3206
2530,3103
2530,8113
2601,8479
2601,8608
2602,8113
2603,8503
2603,8534
2604,8807
2604,8703
2604,8704
2607,3601
2608,3208
2608,3212
2609,8311
2609,8455
2610,3810
2610,8311
2610,8214
2610,8708
2610,3210
2611,8461
2612,9030
2613,8514
2613,8455
2613,8457
2613,8468
2613,8485
2614,8708
2614,8906
2615,8807
2616,8542
2616,9102
2616,8455
2617,3603
2617,2607
2617,2608
2617,2605
2617,8455
2617,2610
2617,2615
2939,3304
2939,3005
2939,2404
2939,3307
2939,3303
2940,3003
2940,3303
2940,2942
2942,3005
2942,3212
2942,3707
2942,3909
2942,1520
2942,3507
3001,2937
3001,3005
3002,3005
2618,3816
2618,7008
2618,6903
2618,7006
2620,3206
2620,3207
2620,3818
2620,8113
2621,3207
2621,6904
2621,6905
2621,6907
2621,7003
2621,7004
2621,7020
2621,6914
2621,7005
2621,7016
2621,6909
2621,7008
2621,7006
2621,3101
2621,3105
2621,7001
2621,7011
2621,7013
2621,6906
2621,6910
2701,8402
2701,8404
2701,8405
2701,8403
2701,8514
2702,8402
2702,6810
2703,3105
2704,8405
2704,8474
2704,8402
2705,8406
2705,8502
2705,7326
2705,8405
2706,3909
2706,3204
2706,3212
2706,3506
2706,3403
2706,3812
2706,4002
2706,4005
2706,3215
2706,3817
2706,2904
2707,3921
2707,3207
2707,3212
2707,3603
2707,3604
2707,3209
2707,3925
2707,3303
2707,3707
2707,3205
2707,3803
2708,3816
2708,8480
2708,3506
2708,3812
2708,8546
2708,3208
2708,3209
2708,3210
2708,4002
2708,4005
2708,5602
2708,3214
2708,3814
2708,6902
2708,3403
2708,8506
2709,3902
2709,3903
2709,3904
2709,3921
2709,3923
2710,3812
2710,3921
2710,3208
2710,3210
2710,3214
2710,3923
2710,3406
2710,3820
2710,8502
2710,8703
2710,8704
2711,8411
2711,3907
2711,3812
2711,3925
2711,3926
2711,8405
2711,8406
2711,8502
2711,8407
2711,8408
2711,8412
2711,8416
2711,8402
2711,8403
2711,8404
2711,8418
2711,7321
2711,8438
2711,3601
2711,3602
2711,3604
2711,4016
2711,3208
4203,8308
4205,9202
4205,8708
4206,9202
4206,3006
4206,9018
4206,9205
4301,6504
4301,6505
4301,6507
4301,6217
4301,6117
4301,6301
4301,6403
4301,6209
4301,6405
4301,6506
4302,6405
4302,6504
4302,6505
4302,6507
4302,6301
4302,6217
4302,6202
4302,6204
4302,6116
4303,6104
4303,6202
4303,6204
4303,6504
4303,6116
4303,6505
4303,6507
4303,6212
4303,6203
4304,6101
4304,6201
4304,6202
4304,6504
4304,6505
4304,6506
4304,6507
4304,6209
4304,6406
4304,6116
4304,5701
4304,5702
4304,6211
4304,6205
4304,6403
4304,5705
4304,5802
4304,6502
4401,8402
4401,7321
4401,8417
4401,3912
4401,8403
4402,8417
8523,8524
8526,8705
8526,8708
3101,0813
3101,2008
3101,1101
3102,2106
3102,5205
3102,5206
3102,2004
3102,1101
3102,2002
3102,2808
3102,0813
3104,0813
3105,1101
3105,2004
3105,0302
3201,6406
3201,6216
3201,6217
3201,9113
3201,6404
3201,6203
3201,6210
3201,6204
3201,8308
3201,4806
3201,4811
3203,1806
3203,2206
9027,8541
9029,8708
9030,8419
9030,8534
9032,9025
9032,8526
9032,8504
9032,8535
9033,9012
9033,9104
9033,8541
9033,9003
9033,9022
9033,9103
9033,9105
9033,9110
9033,9114
9033,9106
9033,9107
9033,9108
9033,9016
9033,8517
9101,7114
9102,8506
9104,8708
6501,8449
6501,5602
6502,8449
6504,8449
6506,6217
6506,6505
6507,8449
6603,6602
6704,6703
6801,2517
6802,8464
6805,8439
6805,8445
6805,8448
6805,8451
6805,5910
6805,8457
6806,6903
6807,5602
9107,8516
9107,8418
9107,8415
9107,8530
9107,8537
9107,9032
9107,8509
9107,8476
9112,8527
9113,8308
9114,9029
5504,4807
5505,5502
5508,8440
5510,8451
2835,3003
2835,3004
2837,3822
2837,3603
2839,6903
2839,8451
2839,3921
2839,5911
2839,5905
2839,8546
2840,3506
2840,3813
2840,5911
2840,3208
2840,3209
2840,6910
2840,8542
2840,3214
2840,3818
2840,3816
2840,8534
2841,3208
2841,6903
2841,3818
2841,2816
2842,2523
2842,3816
2842,6810
2842,7001
2842,6903
2842,6912
2842,6904
2842,6905
2842,6907
2842,7006
2842,7020
2842,2818
2842,8113
2842,2508
2842,6913
2842,6910
2842,7018
2842,3214
2842,7008
2842,3602
2843,3818
2843,8486
2843,9022
2843,8504
2843,9102
2843,8538
2843,8454
2843,8515
2844,9030
2844,9018
2844,9027
2845,9027
2845,9030
2845,9018
2845,3006
2846,8532
2846,6903
2846,9002
2846,6909
2846,3810
2846,8533
2846,8542
5605,7113
5606,5209
5606,5902
5606,5607
5607,8436
5607,7312
5703,8451
5801,8451
5803,9018
5803,5911
5804,5901
5804,5910
5804,5905
5804,5907
5804,5703
5804,5908
3402,4811
3402,5907
3403,4201
3403,5805
3403,5904
3403,8703
3403,8604
3403,8706
3403,8702
3404,3210
3404,3919
3404,3921
3404,3922
3404,3923
3404,3925
3404,3926
3404,8444
3404,8477
3404,4821
3404,4807
3404,5603
3404,5901
3404,5903
3404,5904
3404,5905
3404,5907
3404,8451
3404,5806
3404,4808
3404,4816
3404,8546
3404,8480
3404,4804
3404,4115
3404,4205
3404,3703
3404,5703
3404,6306
3404,5705
3405,6404
3405,8714
3405,7013
3405,7020
3501,2106
3501,3006
3501,2309
3501,2105
3501,0403
3501,3003
3501,4807
3501,3005
3502,3003
3502,3821
3502,3004
3503,1601
3503,3304
3503,3005
3503,3809
3503,1806
3504,2106
3504,2309
3504,3003
3504,3202
3504,3004
3504,1602
3504,2104
3506,6912
3506,6913
3506,6914
3506,6302
3507,2105
3507,2102
3507,2203
3507,2009
3507,3003
3507,3004
3507,2008
3601,8710
3601,8430
3601,8806
3602,8430
3602,8429
3604,8530
3605,3406
3605,7321
3606,8416
3606,3605
3606,3601
3606,3604
3606,8512
3606,3406
3606,8511
3606,3603
3606,9301
3606,3602
3606,8417
6812,5911
6813,8603
6813,8807
6813,8605
6813,8505
6813,8408
6813,8706
6813,8707
6813,8407
6813,8702
6813,8802
6814,8534
6815,8460
6815,8207
6815,6906
6815,2516
6815,2514
6902,7308
6903,8486
6914,6906
6914,6904
3824,3823
3825,3102
3825,3105
3825,6807
3826,8702
3826,8703
3826,8704
3826,8403
3901,6001
3901,6209
3901,5911
3901,6117
3902,5513
3902,5514
3902,6004
3902,6302
3902,6117
3902,6209
3902,6002
3902,5803
3902,8704
3903,5515
3903,8542
3903,8807
3903,6209
3904,6209
3904,6217
3904,8534
3904,8807
3905,5514
3905,5515
3905,6002
3905,6001
8425,8433
8428,8604
8428,5910
8429,8432
8429,8473
8429,8474
8430,7301
8432,8431
8432,0603
2846,6902
2846,3818
2846,8501
2846,8703
2846,8503
2846,8543
2846,9018
2846,8486
2846,8525
2846,8538
2846,9030
2846,8514
2846,8516
2846,8526
2846,8544
2846,8807
2846,8546
2847,8451
2849,8419
2849,8474
2849,8457
2849,8467
2849,8485
2849,8473
2849,8477
2850,3818
2850,8486
2850,8541
2850,8542
2850,6903
2850,3816
2850,8401
2850,6914
2850,8546
2850,8532
2852,3006
2853,3603
2853,2809
2853,3103
2853,3105
2853,8532
2853,8506
2901,3003
2901,3004
2901,3820
2901,3402
2901,3918
2901,2707
2902,5402
2902,3209
2902,5506
2902,3604
2902,3004
2902,3701
2902,3702
2902,3704
2902,5906
2902,4017
2902,4007
2902,3918
2903,3004
2903,3703
8109,8417
8109,8454
8109,8542
8109,3818
8109,9027
8110,8534
8110,3206
8110,3210
8110,3818
8110,8540
8110,8544
8110,8533
8110,8538
8110,8455
8110,8546
8111,8606
8111,8608
8111,8545
8111,8207
8111,8479
8111,8501
8111,8703
8111,8704
8111,8417
8111,8514
8111,8438
8111,8538
8111,8543
8111,8707
8111,8714
8111,8203
8111,8113
8111,8485
8112,9013
8112,3818
8112,9012
8112,8805
8112,9026
8112,8504
8112,8538
8112,8456
8112,8534
8112,8417
8112,8410
8112,8515
8112,8516
8112,8517
8112,8525
8112,8503
8113,8215
8202,6808
8203,8712
8204,8407
8204,8701
8204,8706
8204,8712
8205,7020
8206,8213
8207,8703
4412,8704
4415,8609
4416,2009
4417,8453
4420,9205
4421,9201
4421,9202
4421,9206
4421,6808
4421,4404
4421,4406
4421,9205
4421,9207
4421,9208
4421,4408
4501,9209
4501,6403
4501,6406
4502,9209
4503,9209
4504,6406
4504,9202
4504,9209
4601,5705
4601,9202
4601,5905
4601,6303
4601,5806
4601,5701
4601,6305
4601,6209
4701,3704
4702,3702
4702,3704
4702,5406
4702,5516
4702,5906
4702,5911
4702,6307
4702,5606
4702,5806
4009,8407
4010,8407
4011,4013
7310,1508
7310,2306
7310,0402
7310,2808
7310,2106
7310,3302
7310,1601
7310,1901
7310,3006
7310,0203
7310,3003
7310,8506
7310,3602
7310,2714
7310,2715
7311,8418
7311,8481
7312,8706
7315,8412
7315,8710
7315,8514
7318,8601
7319,5911
7319,5205
7320,8711
7320,8710
7320,9033
7320,8802
7320,8485
7320,8531
7320,9202
0409,1704
0409,2103
0409,2202
0409,0403
0409,3304
0409,3307
0409,3003
0409,3004
0409,2106
0409,0402
0410,2106
0410,2105
0501,4601
0501,3305
0502,6504
0502,6505
0505,5811
0506,3006
0506,3202
0507,9003
0507,9202
0507,6602
0510,3303
0510,3304
0510,3003
0510,3004
0510,3006
0510,2937
0510,2941
0510,3005
0510,3302
0511,3101
0511,0209
0511,0502
0511,4112
0511,0206
0511,2106
0511,3006
0601,0710
0601,2005
0601,2004
0601,1105
0602,0604
0602,0702
0602,0705
0602,0910
0602,0710
0602,2204
0602,2106
0604,5808
0702,0709
0703,2106
0703,0709
0704,0709
0704,1404
0705,0709
0705,1404
0706,0709
0706,1404
0707,0709
0708,1404
2008,2206
2009,2106
2101,2105
2101,0901
2103,0302
2104,2005
2106,1902
2106,2105
2106,2007
2201,2105
2204,2207
2205,2208
2205,3302
2206,2208
2206,2207
2207,3004
2207,3208
2208,3303
2208,3307
0305,2106
0306,2106
1804,3304
1804,3307
1901,2105
1903,2105
1905,2102
2004,2002
2005,2002
8417,6810
8419,1905
8419,3925
8420,3905
8421,8439
8421,3307
8423,8210
8424,3212
2903,3003
2903,3603
2903,2906
2903,3303
2903,8534
2903,8542
2903,2913
2903,3815
2904,3820
2904,3604
2904,3003
2904,3004
2905,3923
2905,3925
2905,3406
2906,3004
2906,3209
2906,3210
2907,3209
2907,3214
2907,3003
2907,3004
2907,2707
2907,3822
2907,3005
2907,4410
6117,6502
6206,6210
6305,1805
6305,1806
6305,3105
6305,0702
6305,1901
6305,1904
6305,0601
6305,0604
6305,2402
6305,2403
6305,2106
6305,3101
6305,0402
6305,1702
6305,1703
6305,1208
6305,2101
6305,2308
6305,2006
6305,3004
6305,0208
6305,0406
6305,0401
6305,0403
6305,2002
6306,8901
6310,5607
3706,8528
3802,3304
3802,3405
3803,3208
3803,6807
3803,3209
3803,3814
3803,3909
3803,4002
3803,2916
3803,3906
3804,4703
3804,4801
3804,4807
3804,4821
3804,3809
3804,3215
3804,3402
3804,6808
3804,4410
3804,4412
3804,3824
3805,3209
3805,3803
3806,3814
3806,6813
3806,3919
3806,3921
3806,3811
3806,3918
3806,3909
3806,3604
3806,3803
3806,3925
3806,3926
3806,3406
3806,3906
3806,3823
3807,3403
3807,3208
3807,3210
3807,3401
3807,3803
3807,5602
3807,3814
3807,3406
3808,0813
3808,8424
3808,2008
3808,2005
3808,2004
3808,2001
1208,1508
1209,8437
1209,0711
1209,2401
1209,0901
1210,2208
1210,3302
1211,3808
1211,3006
1212,1404
1213,1214
1213,4823
1213,4804
1213,4811
1214,0402
1301,3003
1301,3004
1301,3006
1301,3209
1301,4807
1301,3401
1301,2106
1301,3406
1302,2004
1401,5905
1401,9202
1401,6601
1401,6505
1401,6507
1401,6602
1401,5609
1401,5805
1401,5911
1401,4201
1401,6308
1401,5808
1401,5705
1401,6307
5601,8449
5602,8449
5602,8451
5604,6003
5604,8451
5604,8547
5604,8428
7804,3210
7804,8515
7806,8544
7806,3210
7806,3212
7806,8454
7806,9303
7806,9305
7901,3206
7901,3207
7901,3212
7901,3210
7902,3207
7902,3212
7903,8515
7903,7219
7903,7220
7903,8424
7903,8543
7905,3212
8001,8534
8007,8534
8007,8215
8007,8468
8101,8465
8101,6804
8101,9012
8101,8419
8101,8513
8101,9031
8102,8467
8102,8409
8102,8486
8102,8417
8103,8542
8103,8534
8103,8517
8103,9031
8103,9027
8103,8419
8103,9013
8103,8543
8103,8525
8104,8455
8104,8485
8105,8534
8105,8203
8105,8501
8105,3210
8105,8503
8105,8504
8105,8459
8105,8543
8105,9030
8106,9018
8106,3212
8108,8905
8108,8805
8108,8705
8108,8711
8108,8428
8108,8706
8108,8707
8108,8456
8108,8462
8108,8408
8108,8604
8108,8429
8108,8430
8108,8403
8108,8901
8529,8521
8529,8522
8529,8519
8529,9007
8531,8537
8532,8451
8532,8534
8532,8802
8532,8448
8532,8711
8532,8708
8532,8607
8533,8534
8533,8703
8533,8448
8534,8711
8535,8703
8536,8534
8536,8542
8538,3603
8540,9006
9016,9031
9021,8713
9024,7207
9024,7222
9024,7224
9024,7308
9024,7419
9024,8604
9024,4413
9024,6904
9024,3925
9025,8415
3906,8512
3906,5515
3906,5801
3906,6001
3906,6209
3907,8531
3908,5510
3908,6209
3908,5701
3908,6308
3908,8532
3908,6117
3908,6217
3908,8451
3908,5408
3911,4007
3911,8807
3911,8481
3911,8438
3912,5311
3912,6001
3912,3814
3912,3003
3912,6113
3912,6308
3912,6302
3912,4410
3912,5803
3913,3821
3913,2309
3913,5911
3913,3307
3914,8486
3915,6209
3916,9004
3917,8410
3920,8531
8549,7108
8549,8534
8549,7405
8549,7402
8549,7413
8601,8704
8601,8702
8603,8702
8606,8704
8609,8704
8609,8901
8609,7311
8609,7613
8609,7310
8609,2709
8609,2713
8703,8511
8703,8483
8703,4011
8703,7007
8210,2009
8210,2105
8210,0406
8212,3307
8213,5802
8213,6003
8213,5911
8213,8452
8213,5811
8213,5806
8214,8210
8304,8305
8307,8702
8307,8706
8307,8802
8309,2106
8311,8706
8311,8806
8311,8605
8311,8429
8402,4823
2908,3208
2908,3210
2908,3209
2908,3923
2908,3003
2908,3215
2908,3004
2908,3602
2908,3603
2908,3206
2909,3003
2909,3209
2909,3004
2909,3603
2909,3211
2909,3601
2909,3602
2910,3209
2910,3920
2910,3819
2910,3923
2910,3215
2910,8534
2910,8532
2910,3921
2911,3307
2911,3215
2912,3209
2912,3210
2912,3921
2912,3926
2912,3003
2912,3004
2912,3215
2913,3004
2913,2904
2913,3603
2913,2910
2914,3208
2914,3003
2914,3004
2914,3212
2914,3211
2914,3214
2914,3206
2915,3003
2915,3004
3920,8802
3922,3925
3925,8901
3925,6303
3925,3921
3926,8706
3926,8542
3926,8807
3926,8901
3926,8802
3926,6302
4002,5801
4705,4909
4705,3702
4705,3704
4801,4805
4801,4807
4803,4811
4803,4805
4803,4807
4804,5311
4804,3704
4805,8609
4819,3704
4821,3006
4822,6308
4822,3704
4823,3704
4902,4707
4902,4911
4902,4820
4903,4901
4903,4911
4904,9208
4905,9014
4905,9015
4906,4905
4908,6909
4908,6904
4908,7010
4908,3207
4908,8708
4908,8714
4908,5901
4908,5905
4908,5907
4908,8703
4908,6402
4908,6403
4908,6404
4908,6405
4908,6406
4908,6209
4908,6217
4908,4820
4908,4811
4908,4821
4908,4901
4908,5808
4908,6114
4908,8442
4908,4202
4908,4909
4908,6113
4908,9111
4908,8903
4909,4817
4909,4911
4911,4901
4911,4903
4911,4910
4911,4820
4911,4909
4911,4906
4911,4814
4911,4904
5001,6213
5002,6213
5002,5701
5002,6001
5002,5703
5002,9202
5002,6109
5002,6505
5003,5811
5006,9202
5101,8449
4807,4412
4807,5311
4808,8609
4808,3704
4808,5311
4810,3704
4810,5311
4811,3704
4811,5311
4813,8478
4816,8442
0302,2106
0303,2106
8714,4011
8714,8704
8715,8714
8802,8807
8802,8805
8802,9104
8804,8806
8804,8807
8806,9015
8806,9006
8807,9104
8903,6306
8903,7316
8904,8901
8904,8906
8904,8902
6914,6901
6914,3207
7001,9003
7001,8417
7002,8464
7005,8537
7006,8512
7010,2106
7018,6217
7019,8901
7019,8703
7019,8538
7019,8905
7104,8308
7105,3304
7105,3207
7106,8534
7107,9202
7107,9207
7107,9018
7107,8214
7107,9005
7107,9104
7107,8515
7110,8534
7110,8486
7110,8538
7112,8542
7115,8308
7115,9202
7115,9205
7115,9209
7118,9111
7118,7114
8434,8431
8435,2207
8435,8438
8436,8431
8437,2203
8437,8431
8439,8431
7217,3810
7220,9102
7221,8509
7221,9202
7223,5809
7226,8485
5805,6308
5805,5907
5807,5811
5807,6507
5807,5905
5807,5911
5807,5901
5808,5701
5808,5702
5808,5703
5808,5905
5808,6117
5808,6704
5808,6507
5808,4201
5808,5805
5808,5705
5810,6101
5901,8440
6002,6005
6002,6006
6002,5803
2209,2206
2209,2106
2301,0410
2302,3101
2303,1214
2303,3105
2307,2204
2307,2206
2307,2208
2401,4813
2402,4813
2402,8476
2404,4813
2404,8478
2501,3105
2501,7020
2502,2807
2502,2808
2502,2930
2502,3602
2504,3210
2505,6903
2505,3210
2506,9103
2506,9111
2506,9112
2506,8542
2506,8460
2506,8113
2506,3818
2507,3208
2507,3925
2507,7006
2507,7008
2507,7016
2507,5905
2508,3210
2509,3207
2509,6905
2509,6907
2509,8480
2509,3213
2509,2523
2511,7020
2511,3824
2511,7016
2511,7008
2511,7006
2512,6804
2512,2523
2512,8546
2512,3405
2512,8460
2512,3816
2512,6907
2512,6912
2512,7003
2512,7004
2512,7005
2512,7013
2512,7020
2512,8421
2513,6903
2513,7016
2513,8457
2513,8458
2513,8462
2513,8420
4411,8537
4411,6602
4412,8807
0101,4201
0101,5110
0101,5113
0102,0402
0102,4103
0102,4205
0102,0405
0102,0406
0102,0403
0102,4115
0102,3503
0102,2106
0102,6405
0103,2106
0103,3503
0103,4205
0104,1505
0104,5106
0104,4103
0104,0406
0104,5109
0104,6201
0104,6203
0104,6204
0104,5701
0104,3503
0104,6214
0104,0402
0106,4201
0106,2309
0202,2106
0203,2106
0206,3503
0206,2106
8504,8418
8504,8544
8504,8507
8505,8802
8506,9111
8506,8508
8506,8503
8507,8901
8507,8802
8508,8509
8510,8214
8511,8901
8512,8806
8514,8534
8514,3908
8515,8542
0301,0208
0301,3503
0301,8902
0304,2106
8708,8511
8710,8708
8711,4011
8711,4012
8711,8708
8711,8512
8711,8511
8711,8483
8712,4011
8712,4013
8712,4012
8712,8512
8713,8703
8713,8702
8714,8511
3810,7214
3810,7215
3810,7218
3810,7224
3810,8707
3810,8906
3810,8454
3810,8607
3810,8710
3810,7223
3810,8457
3810,8706
3810,7213
3810,7221
3810,7227
3811,8703
3811,8704
3811,2709
3812,6002
3812,6004
3815,3307
3815,3925
3815,4006
3815,4007
3815,4008
3815,3208
3815,3210
3815,4016
3815,3209
3815,3006
3815,3601
3815,3602
3815,3603
3815,3604
3815,3818
3816,8403
3817,3401
3817,3208
3817,3812
3817,3307
3817,3209
3817,3210
3817,4002
3817,3207
3817,2707
3817,2715
3817,6807
3817,3406
3817,3808
3818,8518
3818,8534
3818,8537
3818,8531
3818,8525
3818,8526
3818,8527
3818,8528
3818,8529
3818,9022
3819,8438
3819,8604
3820,8430
3820,8705
3820,8807
3820,8604
3820,8403
3820,8802
3820,8703
3820,8704
3820,8903
3820,8901
3820,8702
3821,3006
3821,3003
3821,3004
3824,7207
7326,8802
7401,8311
7401,8504
7401,8501
7401,8503
7401,8505
7401,8543
7401,8534
7401,8536
7401,8535
7401,8538
7401,8532
7401,8533
7401,8507
7401,8513
7401,8539
7401,8468
7402,8517
7403,8604
7403,8706
7404,8534
7405,8701
7405,8534
7405,8531
7406,8515
7406,8503
7406,3210
7406,3208
7407,8534
7407,8525
7407,9202
7408,8604
7408,8706
7408,8711
7409,9202
7409,8706
7409,8526
7410,8526
7410,8525
7410,8531
7410,8470
7410,8471
7410,8546
7410,8802
7411,8902
7412,8430
7412,8906
7412,8704
7412,8517
7412,8512
7412,8706
7412,9028
7412,8426
7413,8604
6004,5803
6005,8451
5403,8446
5403,5502
5404,9202
5405,5406
5405,5905
5405,9202
5406,5404
5406,5405
5406,8447
2712,3006
2712,3506
2712,5907
2712,3208
2712,3210
2712,6807
2713,4005
2713,3923
2714,2709
2714,5602
2715,5602
2716,7204
2716,7224
2716,7609
2716,7610
2716,7613
2716,7615
2716,2828
2716,2814
2716,7419
2716,7221
2716,7223
2716,3921
2716,4002
2716,8504
2716,8412
2716,8701
2716,8704
2716,3902
2716,7006
2716,7020
2716,4810
2716,4819
2716,4821
2716,8439
2716,6810
2716,3923
2716,3818
2716,3105
2716,7009
2716,5408
2716,5510
2716,5512
2716,5515
2716,5902
2716,6005
2716,6304
2716,8444
2716,8207
2716,8431
2716,8456
2716,8457
2716,8461
2716,8462
2716,8465
2716,8467
2716,8474
2716,8470
2716,8471
2716,8505
2716,8486
2716,8703
2716,8419
2716,8413
2716,8414
2716,8418
2716,8450
2716,8509
2716,8468
2716,8602
2716,8607
2716,7008
2716,5606
2716,8538
2716,8534
2716,8542
2716,8421
2716,8422
2716,8434
2716,8436
2716,8438
2716,8479
2716,9018
2716,8416
2716,9028
2716,8411
2716,3922
2716,3925
2716,8506
2716,8507
2716,8702
2716,8901
2716,8533
2716,7011
2716,8513
2716,8402
2716,8531
2716,8410
2801,3818
2802,3207
2802,3603
2802,3210
2802,3003
2802,3004
2803,3405
2803,3923
2803,3925
2803,8535
2804,8405
2804,9027
2804,7016
2804,8532
2805,8104
2805,8541
2805,8542
2805,6903
2805,8113
2805,8311
2805,8417
2805,8514
2805,8486
2805,8540
2805,3818
2805,9018
2805,9022
2805,8532
2805,8533
2805,7226
2805,9027
2805,8534
2805,8501
2805,8535
2805,8538
2806,3921
2807,3207
2807,7905
2807,7608
2807,7616
2808,3101
2808,3207
2808,3909
2808,3208
2808,3210
2809,3207
2809,3818
2809,3211
2809,3816
2810,6906
2810,6907
2810,3816
2810,5911
2810,8480
2810,3210
2810,3506
2810,9001
2810,9002
2810,7008
2810,6905
2810,3209
2810,3208
2810,6904
2810,3003
2811,2807
2811,2828
2812,3206
2812,3818
2812,3603
2812,8506
2812,7020
2812,8541
2812,8542
2812,7002
2812,2826
2812,2908
2814,3101
2814,3812
2814,8451
2814,3207
2814,4823
2815,5911
2815,3901
2815,3921
2815,5905
2815,3903
2815,3208
2815,3212
2815,3923
2815,3925
2815,8451
2815,3209
2815,3822
2816,7020
2816,7008
2816,6903
2816,6810
2817,6904
2817,6910
2817,6912
2817,6903
2817,6905
2817,8113
2817,7020
2817,3925
2817,8546
2817,3003
2817,3004
2817,8533
2818,8424
2818,8546
2818,3210
2819,3215
2819,4205
2819,8460
2819,7020
2820,3208
2820,7020
2820,8545
2820,8113
2820,3213
6208,6210
6210,6205
6210,6207
6210,6208
6210,6206
6211,6210
6214,6210
6214,5905
6215,6210
6217,6502
2821,7215
2821,7318
2821,6902
2821,7302
2821,8480
2821,6910
2822,8543
2822,7224
2823,3818
2823,3701
2823,3702
2823,3704
2823,8704
2823,8708
2824,6907
2824,6914
2824,3604
2824,7016
2824,3208
2825,3818
2825,8542
2825,3102
2826,8542
2826,3407
2826,3818
2826,7008
2826,7009
2826,3813
2827,3003
2827,3004
2827,3813
2827,3818
2828,8451
2829,3822
2831,3215
2831,3812
2832,2206
2832,2202
2832,1704
2832,3004
2832,3006
2833,3003
2833,3004
2833,3209
2833,3822
2834,3207
2834,3101
2834,3809
2834,3004
2834,3812
2834,3824
7214,8504
7216,8802
2934,3002
2934,3821
2935,3002
2936,0403
2936,1601
2938,3003
2938,3305
2938,3204
2938,3004
2938,3304
2938,3307
2938,3306
2938,3303
2938,3402
2938,3809
2938,3302
5102,6210
5102,6405
5102,9202
5102,8449
5103,8449
5104,5101
5104,8449
5105,8449
5105,9202
5108,9202
5110,9202
5202,6113
5204,8440
5206,8446
5301,6113
5301,4805
5301,4823
5302,4807
5302,4808
5302,4821
5302,4823
5302,6111
5302,6113
5302,4811
5305,6504
5305,6507
5305,5606
5305,4811
5305,4821
5305,5905
5308,4818
5308,4823
5308,9202
5401,8440
5402,8451
1404,1515
1404,3826
1404,3203
1404,1521
1404,3505
1404,6808
1404,3201
1404,3101
1404,1212
1404,5305
1404,5311
1404,1401
1404,1214
1404,1108
1501,3406
1501,1905
1501,2105
1501,2106
1503,1501
1504,3004
1505,3406
1505,3305
1505,3210
1505,3006
1505,4105
1505,3003
1505,3004
1505,5802
1505,5905
1505,5911
1505,6006
1505,6111
1505,6209
1505,6307
1505,6308
1509,3302
1510,3405
1511,3809
1513,3302
1514,3811
1515,3809
1515,3302
1515,3004
1515,3003
1518,3803
1518,3406
1518,5904
1518,3211
1520,3208
1520,3209
1520,2106
1520,3210
1520,3003
1520,3005
1520,2910
7419,8534
7419,8417
7419,9202
7419,8531
7419,2716
7419,8546
7501,8703
7501,8704
7505,8517
7506,8516
7506,8905
7508,8703
7508,8704
7508,8534
7508,9108
7508,9110
7508,8503
7603,3208
7604,9202
7605,8531
7605,8905
7605,8534
7606,6306
7612,3004
7612,2106
7612,3006
7612,2007
7613,8415
7615,3405
7616,8525
7801,3210
7801,3212
7801,7224
7801,3601
7801,7011
7802,8515
7802,3601
8450,8503
8454,7501
8454,8485
8456,7020
8458,8603
8407,8438
2927,3203
2927,3215
2927,3208
2927,3209
2927,3210
2927,3304
2927,4810
2927,4811
2927,4821
2927,4823
2927,3601
2927,3701
2927,3812
2927,8442
2927,3003
2927,3603
2927,3604
2927,3506
2927,8443
2928,3601
2928,3603
2928,3604
2928,3003
2928,3215
2929,3908
2929,3208
2929,3209
2929,3214
2929,3003
2929,3004
2929,3005
2929,3601
2929,3603
2929,3813
2929,2939
2929,3215
2930,3402
2930,3003
2930,3004
2930,3302
2930,3506
2930,3215
2930,3303
2930,3304
2930,3307
2930,3401
2930,2106
2930,3821
2930,3208
2930,3210
2930,2833
2931,3603
2931,3208
2931,3506
2931,8534
2931,3006
2931,8542
2931,8541
2931,3818
2932,3208
2932,3003
2932,3004
2932,3215
2932,3814
2932,3303
2932,3307
2932,3202
2932,3207
2932,3206
2921,3304
2921,3307
2921,3005
2921,3506
2921,3102
2921,3302
2921,3105
2921,3215
2921,2910
2921,3919
2921,3921
2921,3926
2921,5703
2921,5902
2921,3208
2921,5502
2921,5504
2921,5507
2921,5604
2921,5911
2921,5903
2921,5603
2921,5806
2921,5906
2921,5901
2921,5905
2921,3923
2921,3925
2921,3209
2921,3210
2921,3203
2921,3212
2921,3707
2921,3603
2921,8534
2921,3703
2921,3303
2921,3213
2921,3601
2922,3005
2922,3105
2922,3507
2923,3004
2923,3003
2923,3823
2923,3506
2924,3909
2924,3812
2924,3102
2924,3402
2924,3920
2924,5501
2924,5503
2924,5506
2924,3215
2924,3506
2924,3921
2925,3307
2926,4017
2926,4007
2926,3208
2926,3919
2926,3921
2926,3922
2926,3925
2926,6005
2926,6006
2926,8484
2926,5910
2926,6402
2926,6403
2926,6406
2926,6003
2926,3923
2926,8546
2926,3005
2926,5911
2926,5903
2926,2929
2926,5806
2926,6002
2926,6004
2926,3403
2926,3819
2926,3603
8481,8906
8482,8543
8482,8707
8482,8906
8482,8901
8482,8903
8482,8471
8483,8707
8483,8906
8484,8706
8484,8604
8484,8702
8485,8802
8485,8709
8485,8431
8485,8422
8485,8419
8486,8534
8487,8406
8487,8438
8487,8426
8487,8705
8487,8446
8487,8453
8487,8463
8487,8442
8487,8473
8487,8485
8487,8458
8487,8461
8487,8428
8487,8414
8487,8704
8487,8454
8487,8427
8487,8468
8501,9022
8502,8537
8502,8504
8502,8509
8504,8534
8504,8802
8504,8438
0308,2106
0406,0403
0709,1404
0709,0704
0709,0707
0709,0706
0709,0701
0709,0702
0709,0703
0710,2103
0710,1404
0711,2002
0713,2103
0713,1404
0714,1404
0714,1902
2915,2808
2916,3003
2916,3004
2917,3003
2917,3004
2917,3303
2918,3003
2918,3004
2918,3405
2918,3208
2918,3209
2918,3210
2918,3207
2918,3215
2918,2808
2919,3506
2919,3304
2919,3208
2919,3209
2919,3210
2920,3208
2920,3303
2920,3307
9301,8806
9301,8802
9306,9302
9306,8906
9306,8710
8459,8603
8460,8706
8462,8906
8462,8603
1521,3809
1521,3210
1521,5907
1521,4807
1521,4821
1522,3402
1522,3403
1522,3811
1522,3406
1522,3304
1522,3307
1522,3506
1522,3809
1522,3215
1522,3823
1522,2309
1522,3305
1522,1505
1522,1503
1522,1516
1522,1518
1522,3803
1522,3826
1603,2103
1603,2106
1603,2309
1604,2106
1605,2309
1605,2106
1701,3003
1701,2102
1702,3003
1702,2102
1704,0403
1704,2006
1802,3101
1802,2309
1802,3105
0905,3303
0905,3307
0905,3301
0905,2202
0905,2007
0905,3304
0906,3303
0906,3307
0906,2202
0906,1704
0906,3304
0907,3307
0907,3303
0908,3303
0908,3307
0908,3304
0909,3303
0909,3307
3205,3209
3205,8443
3205,5809
3205,6004
3205,6002
3205,6113
3205,2103
3205,2106
3205,3003
3205,3004
3205,3701
3205,3702
3205,3703
3206,7020
3206,8443
3206,9013
3206,8513
3206,8512
3206,8530
3206,8531
3206,9008
3207,6903
3210,6201
3211,3814
3211,3212
3211,3506
3211,5904
3211,3304
3211,3812
3211,4811
3211,5903
3211,3809
3213,8310
3213,4909
3213,3207
3214,3918
3214,6904
3214,6907
3214,3925
3214,6811
3214,6914
3214,8707
3214,4807
3215,8534
3215,3213
3301,2106
3301,3004
3301,3003
3302,2103
3302,2206
3302,2203
3306,3407
1008,1209
1008,8437
1102,1208
1104,1003
1107,2106
1107,2103
1108,2202
1108,3821
1108,2207
1108,1102
1109,2103
1203,3304
1203,3406
1203,1506
1203,2105
1203,2309
1204,3215
1204,3803
1204,3401
1205,3401
1207,3803
1207,3403
1207,1510
8467,8426
8468,7224
8468,7223
8468,7215
8468,7227
8468,7218
8471,8542
0208,2106
0208,0201
0210,2106
8906,9301
8908,7204
8908,7308
9001,8541
9002,8529
9002,9104
9002,8442
9002,8536
9002,8527
9006,3707
9007,3702
